Zip Code,City,County,PERIOD,MarketScore_hat
90001,Los Angeles,Los Angeles County,2012-09,55
90001,Los Angeles,Los Angeles County,2013-01,61
90001,Los Angeles,Los Angeles County,2013-08,63
90001,Los Angeles,Los Angeles County,2017-01,50
90001,Los Angeles,Los Angeles County,2019-02,58
90001,Los Angeles,Los Angeles County,2019-04,63
90001,Los Angeles,Los Angeles County,2020-08,65
90001,Los Angeles,Los Angeles County,2021-09,70
90001,Los Angeles,Los Angeles County,2022-05,67
90001,Los Angeles,Los Angeles County,2024-06,69
90001,Los Angeles,Los Angeles County,2024-08,63
90001,Los Angeles,Los Angeles County,2024-09,58
90001,Los Angeles,Los Angeles County,2025-06,52
90001,Los Angeles,Los Angeles County,2025-08,51
90001,Los Angeles,Los Angeles County,2025-10,50
90001,Los Angeles,Los Angeles County,2025-12,44
90002,Los Angeles,Los Angeles County,2012-04,53
90002,Los Angeles,Los Angeles County,2013-06,67
90002,Los Angeles,Los Angeles County,2013-08,65
90002,Los Angeles,Los Angeles County,2013-12,60
90002,Los Angeles,Los Angeles County,2015-10,58
90002,Los Angeles,Los Angeles County,2016-02,58
90002,Los Angeles,Los Angeles County,2016-09,67
90002,Los Angeles,Los Angeles County,2016-12,65
90002,Los Angeles,Los Angeles County,2017-08,65
90002,Los Angeles,Los Angeles County,2017-12,63
90002,Los Angeles,Los Angeles County,2018-03,61
90002,Los Angeles,Los Angeles County,2020-04,55
90002,Los Angeles,Los Angeles County,2020-08,61
90002,Los Angeles,Los Angeles County,2020-10,65
90002,Los Angeles,Los Angeles County,2021-08,79
90002,Los Angeles,Los Angeles County,2022-06,74
90002,Los Angeles,Los Angeles County,2022-07,74
90002,Los Angeles,Los Angeles County,2022-10,61
90002,Los Angeles,Los Angeles County,2023-01,50
90002,Los Angeles,Los Angeles County,2024-02,61
90002,Los Angeles,Los Angeles County,2025-04,52
90002,Los Angeles,Los Angeles County,2025-06,52
90003,Los Angeles,Los Angeles County,2012-08,54
90003,Los Angeles,Los Angeles County,2012-12,61
90003,Los Angeles,Los Angeles County,2013-04,60
90003,Los Angeles,Los Angeles County,2013-10,61
90003,Los Angeles,Los Angeles County,2014-05,63
90003,Los Angeles,Los Angeles County,2014-06,58
90003,Los Angeles,Los Angeles County,2015-05,58
90003,Los Angeles,Los Angeles County,2015-06,58
90003,Los Angeles,Los Angeles County,2015-07,58
90003,Los Angeles,Los Angeles County,2015-10,52
90003,Los Angeles,Los Angeles County,2016-06,56
90003,Los Angeles,Los Angeles County,2018-06,58
90003,Los Angeles,Los Angeles County,2018-07,60
90003,Los Angeles,Los Angeles County,2018-10,55
90003,Los Angeles,Los Angeles County,2018-12,55
90003,Los Angeles,Los Angeles County,2020-05,56
90003,Los Angeles,Los Angeles County,2020-12,58
90003,Los Angeles,Los Angeles County,2021-03,54
90003,Los Angeles,Los Angeles County,2022-08,58
90003,Los Angeles,Los Angeles County,2023-05,61
90003,Los Angeles,Los Angeles County,2023-09,65
90003,Los Angeles,Los Angeles County,2023-10,61
90003,Los Angeles,Los Angeles County,2024-07,58
90003,Los Angeles,Los Angeles County,2025-03,51
90003,Los Angeles,Los Angeles County,2025-06,56
90003,Los Angeles,Los Angeles County,2025-07,52
90004,Los Angeles,Los Angeles County,2012-07,67
90004,Los Angeles,Los Angeles County,2016-05,61
90004,Los Angeles,Los Angeles County,2017-02,54
90004,Los Angeles,Los Angeles County,2018-12,48
90004,Los Angeles,Los Angeles County,2019-02,50
90004,Los Angeles,Los Angeles County,2019-07,54
90004,Los Angeles,Los Angeles County,2020-01,47
90004,Los Angeles,Los Angeles County,2020-09,65
90004,Los Angeles,Los Angeles County,2020-11,55
90004,Los Angeles,Los Angeles County,2021-05,65
90004,Los Angeles,Los Angeles County,2022-04,67
90004,Los Angeles,Los Angeles County,2022-06,67
90004,Los Angeles,Los Angeles County,2022-10,54
90004,Los Angeles,Los Angeles County,2024-08,61
90004,Los Angeles,Los Angeles County,2024-11,55
90005,Los Angeles,Los Angeles County,2012-07,58
90005,Los Angeles,Los Angeles County,2012-10,63
90005,Los Angeles,Los Angeles County,2013-03,71
90005,Los Angeles,Los Angeles County,2013-06,55
90005,Los Angeles,Los Angeles County,2014-08,53
90005,Los Angeles,Los Angeles County,2014-11,50
90005,Los Angeles,Los Angeles County,2015-08,63
90005,Los Angeles,Los Angeles County,2015-12,51
90005,Los Angeles,Los Angeles County,2016-02,53
90005,Los Angeles,Los Angeles County,2017-05,50
90005,Los Angeles,Los Angeles County,2018-04,63
90005,Los Angeles,Los Angeles County,2019-03,55
90005,Los Angeles,Los Angeles County,2020-10,58
90005,Los Angeles,Los Angeles County,2021-04,47
90005,Los Angeles,Los Angeles County,2021-09,60
90005,Los Angeles,Los Angeles County,2021-11,51
90005,Los Angeles,Los Angeles County,2022-01,44
90005,Los Angeles,Los Angeles County,2024-04,54
90005,Los Angeles,Los Angeles County,2025-07,47
90006,Los Angeles,Los Angeles County,2012-03,55
90006,Los Angeles,Los Angeles County,2013-06,63
90006,Los Angeles,Los Angeles County,2013-10,50
90006,Los Angeles,Los Angeles County,2015-10,52
90006,Los Angeles,Los Angeles County,2016-03,56
90006,Los Angeles,Los Angeles County,2016-06,58
90006,Los Angeles,Los Angeles County,2017-05,63
90006,Los Angeles,Los Angeles County,2018-04,46
90006,Los Angeles,Los Angeles County,2018-07,58
90006,Los Angeles,Los Angeles County,2018-12,56
90006,Los Angeles,Los Angeles County,2019-02,50
90006,Los Angeles,Los Angeles County,2020-05,51
90006,Los Angeles,Los Angeles County,2021-04,47
90006,Los Angeles,Los Angeles County,2023-03,47
90006,Los Angeles,Los Angeles County,2024-10,44
90006,Los Angeles,Los Angeles County,2025-01,50
90007,Los Angeles,Los Angeles County,2013-04,63
90007,Los Angeles,Los Angeles County,2015-09,55
90007,Los Angeles,Los Angeles County,2015-12,56
90007,Los Angeles,Los Angeles County,2016-01,67
90007,Los Angeles,Los Angeles County,2017-02,58
90007,Los Angeles,Los Angeles County,2017-10,49
90007,Los Angeles,Los Angeles County,2017-12,47
90007,Los Angeles,Los Angeles County,2019-07,61
90007,Los Angeles,Los Angeles County,2020-01,50
90007,Los Angeles,Los Angeles County,2020-02,38
90007,Los Angeles,Los Angeles County,2020-08,49
90007,Los Angeles,Los Angeles County,2022-05,58
90007,Los Angeles,Los Angeles County,2022-06,63
90007,Los Angeles,Los Angeles County,2023-04,49
90007,Los Angeles,Los Angeles County,2025-01,44
90007,Los Angeles,Los Angeles County,2025-04,44
90008,Los Angeles,Los Angeles County,2012-12,63
90008,Los Angeles,Los Angeles County,2014-07,63
90008,Los Angeles,Los Angeles County,2015-04,61
90008,Los Angeles,Los Angeles County,2015-05,65
90008,Los Angeles,Los Angeles County,2016-08,71
90008,Los Angeles,Los Angeles County,2016-09,77
90008,Los Angeles,Los Angeles County,2016-12,69
90008,Los Angeles,Los Angeles County,2017-11,83
90008,Los Angeles,Los Angeles County,2019-03,54
90008,Los Angeles,Los Angeles County,2019-12,52
90008,Los Angeles,Los Angeles County,2021-10,67
90008,Los Angeles,Los Angeles County,2021-12,63
90008,Los Angeles,Los Angeles County,2023-04,52
90008,Los Angeles,Los Angeles County,2024-06,58
90008,Los Angeles,Los Angeles County,2024-10,56
90010,Los Angeles,Los Angeles County,2013-11,47
90010,Los Angeles,Los Angeles County,2013-12,47
90010,Los Angeles,Los Angeles County,2014-04,52
90010,Los Angeles,Los Angeles County,2015-02,49
90010,Los Angeles,Los Angeles County,2015-05,63
90010,Los Angeles,Los Angeles County,2015-07,69
90010,Los Angeles,Los Angeles County,2015-12,44
90010,Los Angeles,Los Angeles County,2016-07,60
90010,Los Angeles,Los Angeles County,2016-12,47
90010,Los Angeles,Los Angeles County,2017-03,44
90010,Los Angeles,Los Angeles County,2017-06,48
90010,Los Angeles,Los Angeles County,2018-11,58
90010,Los Angeles,Los Angeles County,2019-08,55
90010,Los Angeles,Los Angeles County,2020-11,47
90010,Los Angeles,Los Angeles County,2021-08,54
90010,Los Angeles,Los Angeles County,2021-12,53
90010,Los Angeles,Los Angeles County,2023-07,51
90010,Los Angeles,Los Angeles County,2023-12,49
90010,Los Angeles,Los Angeles County,2024-02,44
90010,Los Angeles,Los Angeles County,2024-03,44
90010,Los Angeles,Los Angeles County,2024-08,49
90010,Los Angeles,Los Angeles County,2024-09,47
90010,Los Angeles,Los Angeles County,2024-12,44
90010,Los Angeles,Los Angeles County,2025-06,40
90010,Los Angeles,Los Angeles County,2025-07,44
90011,Los Angeles,Los Angeles County,2012-06,63
90011,Los Angeles,Los Angeles County,2015-02,53
90011,Los Angeles,Los Angeles County,2015-10,58
90011,Los Angeles,Los Angeles County,2016-07,60
90011,Los Angeles,Los Angeles County,2016-11,61
90011,Los Angeles,Los Angeles County,2017-01,52
90011,Los Angeles,Los Angeles County,2019-11,58
90011,Los Angeles,Los Angeles County,2020-01,58
90011,Los Angeles,Los Angeles County,2020-02,63
90011,Los Angeles,Los Angeles County,2021-10,65
90011,Los Angeles,Los Angeles County,2024-07,52
90011,Los Angeles,Los Angeles County,2024-08,53
90012,Los Angeles,Los Angeles County,2013-01,50
90012,Los Angeles,Los Angeles County,2013-04,65
90012,Los Angeles,Los Angeles County,2013-05,63
90012,Los Angeles,Los Angeles County,2014-11,48
90012,Los Angeles,Los Angeles County,2016-01,47
90012,Los Angeles,Los Angeles County,2016-04,52
90012,Los Angeles,Los Angeles County,2016-08,50
90012,Los Angeles,Los Angeles County,2016-10,49
90012,Los Angeles,Los Angeles County,2017-02,47
90012,Los Angeles,Los Angeles County,2017-09,54
90012,Los Angeles,Los Angeles County,2017-11,47
90012,Los Angeles,Los Angeles County,2018-05,65
90012,Los Angeles,Los Angeles County,2018-09,55
90012,Los Angeles,Los Angeles County,2019-04,47
90012,Los Angeles,Los Angeles County,2019-07,50
90012,Los Angeles,Los Angeles County,2019-09,50
90012,Los Angeles,Los Angeles County,2019-10,50
90012,Los Angeles,Los Angeles County,2019-12,52
90012,Los Angeles,Los Angeles County,2020-02,40
90012,Los Angeles,Los Angeles County,2020-03,46
90012,Los Angeles,Los Angeles County,2020-11,44
90012,Los Angeles,Los Angeles County,2021-07,52
90012,Los Angeles,Los Angeles County,2022-04,54
90012,Los Angeles,Los Angeles County,2022-07,58
90012,Los Angeles,Los Angeles County,2023-05,40
90012,Los Angeles,Los Angeles County,2023-06,44
90012,Los Angeles,Los Angeles County,2024-04,33
90013,Los Angeles,Los Angeles County,2014-02,55
90013,Los Angeles,Los Angeles County,2015-08,75
90013,Los Angeles,Los Angeles County,2015-12,77
90013,Los Angeles,Los Angeles County,2017-08,61
90013,Los Angeles,Los Angeles County,2017-09,61
90013,Los Angeles,Los Angeles County,2018-09,55
90013,Los Angeles,Los Angeles County,2018-10,58
90013,Los Angeles,Los Angeles County,2019-01,41
90013,Los Angeles,Los Angeles County,2019-10,44
90013,Los Angeles,Los Angeles County,2020-03,50
90013,Los Angeles,Los Angeles County,2020-06,44
90013,Los Angeles,Los Angeles County,2022-02,46
90013,Los Angeles,Los Angeles County,2023-02,35
90014,Los Angeles,Los Angeles County,2012-03,71
90014,Los Angeles,Los Angeles County,2012-05,79
90014,Los Angeles,Los Angeles County,2012-11,77
90014,Los Angeles,Los Angeles County,2013-05,70
90014,Los Angeles,Los Angeles County,2014-02,52
90014,Los Angeles,Los Angeles County,2016-04,52
90014,Los Angeles,Los Angeles County,2016-06,58
90014,Los Angeles,Los Angeles County,2017-01,44
90014,Los Angeles,Los Angeles County,2017-04,55
90014,Los Angeles,Los Angeles County,2017-05,56
90014,Los Angeles,Los Angeles County,2017-08,46
90014,Los Angeles,Los Angeles County,2018-04,55
90014,Los Angeles,Los Angeles County,2019-02,44
90014,Los Angeles,Los Angeles County,2019-03,48
90014,Los Angeles,Los Angeles County,2020-05,52
90014,Los Angeles,Los Angeles County,2021-10,44
90014,Los Angeles,Los Angeles County,2022-05,60
90014,Los Angeles,Los Angeles County,2023-04,44
90014,Los Angeles,Los Angeles County,2023-12,33
90014,Los Angeles,Los Angeles County,2024-07,29
90014,Los Angeles,Los Angeles County,2025-09,35
90015,Los Angeles,Los Angeles County,2012-10,58
90015,Los Angeles,Los Angeles County,2015-02,44
90015,Los Angeles,Los Angeles County,2015-04,55
90015,Los Angeles,Los Angeles County,2015-08,52
90015,Los Angeles,Los Angeles County,2017-04,50
90015,Los Angeles,Los Angeles County,2018-06,50
90015,Los Angeles,Los Angeles County,2018-07,47
90015,Los Angeles,Los Angeles County,2018-09,44
90015,Los Angeles,Los Angeles County,2019-05,39
90015,Los Angeles,Los Angeles County,2019-06,40
90015,Los Angeles,Los Angeles County,2021-01,39
90015,Los Angeles,Los Angeles County,2022-03,46
90015,Los Angeles,Los Angeles County,2022-11,44
90015,Los Angeles,Los Angeles County,2023-06,44
90015,Los Angeles,Los Angeles County,2025-01,29
90015,Los Angeles,Los Angeles County,2025-02,33
90015,Los Angeles,Los Angeles County,2025-03,37
90015,Los Angeles,Los Angeles County,2025-05,35
90016,Los Angeles,Los Angeles County,2012-04,50
90016,Los Angeles,Los Angeles County,2012-11,74
90016,Los Angeles,Los Angeles County,2013-12,69
90016,Los Angeles,Los Angeles County,2014-04,72
90016,Los Angeles,Los Angeles County,2015-02,61
90016,Los Angeles,Los Angeles County,2015-06,69
90016,Los Angeles,Los Angeles County,2018-07,77
90016,Los Angeles,Los Angeles County,2018-10,69
90016,Los Angeles,Los Angeles County,2019-01,61
90016,Los Angeles,Los Angeles County,2019-09,65
90016,Los Angeles,Los Angeles County,2019-11,63
90016,Los Angeles,Los Angeles County,2021-01,67
90016,Los Angeles,Los Angeles County,2021-05,74
90016,Los Angeles,Los Angeles County,2021-06,67
90016,Los Angeles,Los Angeles County,2022-03,79
90016,Los Angeles,Los Angeles County,2022-05,70
90016,Los Angeles,Los Angeles County,2024-03,52
90016,Los Angeles,Los Angeles County,2024-07,58
90016,Los Angeles,Los Angeles County,2025-02,50
90016,Los Angeles,Los Angeles County,2025-07,56
90016,Los Angeles,Los Angeles County,2025-08,56
90017,Los Angeles,Los Angeles County,2012-09,44
90017,Los Angeles,Los Angeles County,2012-10,44
90017,Los Angeles,Los Angeles County,2013-11,51
90017,Los Angeles,Los Angeles County,2014-11,47
90017,Los Angeles,Los Angeles County,2015-01,44
90017,Los Angeles,Los Angeles County,2016-05,40
90017,Los Angeles,Los Angeles County,2016-09,50
90017,Los Angeles,Los Angeles County,2017-12,40
90017,Los Angeles,Los Angeles County,2018-06,52
90017,Los Angeles,Los Angeles County,2019-08,50
90017,Los Angeles,Los Angeles County,2019-11,35
90017,Los Angeles,Los Angeles County,2020-03,47
90017,Los Angeles,Los Angeles County,2020-04,44
90017,Los Angeles,Los Angeles County,2022-03,40
90017,Los Angeles,Los Angeles County,2022-05,48
90017,Los Angeles,Los Angeles County,2023-09,39
90017,Los Angeles,Los Angeles County,2025-06,35
90018,Los Angeles,Los Angeles County,2014-06,65
90018,Los Angeles,Los Angeles County,2014-09,54
90018,Los Angeles,Los Angeles County,2014-11,58
90018,Los Angeles,Los Angeles County,2015-01,58
90018,Los Angeles,Los Angeles County,2015-03,58
90018,Los Angeles,Los Angeles County,2018-09,71
90018,Los Angeles,Los Angeles County,2019-05,65
90018,Los Angeles,Los Angeles County,2019-12,52
90018,Los Angeles,Los Angeles County,2020-05,54
90018,Los Angeles,Los Angeles County,2020-09,58
90018,Los Angeles,Los Angeles County,2021-02,55
90018,Los Angeles,Los Angeles County,2021-05,63
90018,Los Angeles,Los Angeles County,2021-07,72
90018,Los Angeles,Los Angeles County,2021-11,67
90018,Los Angeles,Los Angeles County,2022-07,65
90018,Los Angeles,Los Angeles County,2022-08,58
90018,Los Angeles,Los Angeles County,2022-11,46
90018,Los Angeles,Los Angeles County,2023-08,61
90018,Los Angeles,Los Angeles County,2023-11,58
90019,Los Angeles,Los Angeles County,2012-09,65
90019,Los Angeles,Los Angeles County,2013-05,72
90019,Los Angeles,Los Angeles County,2014-10,58
90019,Los Angeles,Los Angeles County,2014-11,58
90019,Los Angeles,Los Angeles County,2015-02,55
90019,Los Angeles,Los Angeles County,2018-07,63
90019,Los Angeles,Los Angeles County,2018-10,58
90019,Los Angeles,Los Angeles County,2019-09,53
90019,Los Angeles,Los Angeles County,2020-09,54
90019,Los Angeles,Los Angeles County,2022-09,55
90019,Los Angeles,Los Angeles County,2023-02,44
90019,Los Angeles,Los Angeles County,2023-11,50
90019,Los Angeles,Los Angeles County,2025-01,49
90019,Los Angeles,Los Angeles County,2025-08,50
90019,Los Angeles,Los Angeles County,2025-10,49
90020,Los Angeles,Los Angeles County,2012-06,63
90020,Los Angeles,Los Angeles County,2013-06,63
90020,Los Angeles,Los Angeles County,2016-01,54
90020,Los Angeles,Los Angeles County,2017-03,77
90020,Los Angeles,Los Angeles County,2017-07,65
90020,Los Angeles,Los Angeles County,2019-02,48
90020,Los Angeles,Los Angeles County,2019-08,44
90020,Los Angeles,Los Angeles County,2020-12,50
90020,Los Angeles,Los Angeles County,2021-12,53
90020,Los Angeles,Los Angeles County,2023-06,58
90020,Los Angeles,Los Angeles County,2023-09,52
90020,Los Angeles,Los Angeles County,2024-05,60
90020,Los Angeles,Los Angeles County,2025-09,47
90021,Los Angeles,Los Angeles County,2012-03,47
90021,Los Angeles,Los Angeles County,2012-04,52
90021,Los Angeles,Los Angeles County,2013-08,77
90021,Los Angeles,Los Angeles County,2014-05,58
90021,Los Angeles,Los Angeles County,2015-08,67
90021,Los Angeles,Los Angeles County,2015-10,49
90021,Los Angeles,Los Angeles County,2015-12,49
90021,Los Angeles,Los Angeles County,2016-02,37
90021,Los Angeles,Los Angeles County,2018-07,70
90021,Los Angeles,Los Angeles County,2020-01,47
90021,Los Angeles,Los Angeles County,2021-02,22
90021,Los Angeles,Los Angeles County,2022-02,67
90021,Los Angeles,Los Angeles County,2022-05,74
90021,Los Angeles,Los Angeles County,2022-06,74
90022,Los Angeles,Los Angeles County,2012-06,53
90022,Los Angeles,Los Angeles County,2013-03,61
90022,Los Angeles,Los Angeles County,2014-02,63
90022,Los Angeles,Los Angeles County,2014-09,58
90022,Los Angeles,Los Angeles County,2015-04,58
90022,Los Angeles,Los Angeles County,2016-04,58
90022,Los Angeles,Los Angeles County,2017-02,58
90022,Los Angeles,Los Angeles County,2018-04,63
90022,Los Angeles,Los Angeles County,2018-07,63
90022,Los Angeles,Los Angeles County,2018-09,61
90022,Los Angeles,Los Angeles County,2019-10,65
90022,Los Angeles,Los Angeles County,2020-10,70
90022,Los Angeles,Los Angeles County,2021-01,74
90022,Los Angeles,Los Angeles County,2022-08,67
90022,Los Angeles,Los Angeles County,2023-06,65
90022,Los Angeles,Los Angeles County,2023-12,77
90022,Los Angeles,Los Angeles County,2024-07,60
90023,Los Angeles,Los Angeles County,2013-02,65
90023,Los Angeles,Los Angeles County,2014-07,65
90023,Los Angeles,Los Angeles County,2014-10,60
90023,Los Angeles,Los Angeles County,2015-10,58
90023,Los Angeles,Los Angeles County,2016-02,49
90023,Los Angeles,Los Angeles County,2017-07,52
90023,Los Angeles,Los Angeles County,2018-02,52
90023,Los Angeles,Los Angeles County,2019-05,50
90023,Los Angeles,Los Angeles County,2019-10,55
90023,Los Angeles,Los Angeles County,2020-06,61
90023,Los Angeles,Los Angeles County,2021-10,61
90023,Los Angeles,Los Angeles County,2022-04,71
90023,Los Angeles,Los Angeles County,2023-06,53
90023,Los Angeles,Los Angeles County,2023-08,54
90023,Los Angeles,Los Angeles County,2023-10,52
90023,Los Angeles,Los Angeles County,2024-05,52
90023,Los Angeles,Los Angeles County,2024-09,71
90023,Los Angeles,Los Angeles County,2025-08,47
90024,Los Angeles,Los Angeles County,2013-02,52
90024,Los Angeles,Los Angeles County,2013-04,70
90024,Los Angeles,Los Angeles County,2014-02,52
90024,Los Angeles,Los Angeles County,2014-12,52
90024,Los Angeles,Los Angeles County,2015-04,69
90024,Los Angeles,Los Angeles County,2015-05,65
90024,Los Angeles,Los Angeles County,2015-06,65
90024,Los Angeles,Los Angeles County,2016-07,65
90024,Los Angeles,Los Angeles County,2017-06,74
90024,Los Angeles,Los Angeles County,2017-11,67
90024,Los Angeles,Los Angeles County,2018-03,63
90024,Los Angeles,Los Angeles County,2019-02,50
90024,Los Angeles,Los Angeles County,2019-10,49
90024,Los Angeles,Los Angeles County,2019-12,49
90024,Los Angeles,Los Angeles County,2020-05,48
90024,Los Angeles,Los Angeles County,2021-10,58
90024,Los Angeles,Los Angeles County,2022-08,61
90024,Los Angeles,Los Angeles County,2023-04,52
90024,Los Angeles,Los Angeles County,2024-08,48
90024,Los Angeles,Los Angeles County,2025-11,46
90025,Los Angeles,Los Angeles County,2012-06,52
90025,Los Angeles,Los Angeles County,2014-01,67
90025,Los Angeles,Los Angeles County,2014-05,72
90025,Los Angeles,Los Angeles County,2015-02,61
90025,Los Angeles,Los Angeles County,2016-04,79
90025,Los Angeles,Los Angeles County,2016-06,83
90025,Los Angeles,Los Angeles County,2017-03,83
90025,Los Angeles,Los Angeles County,2018-04,83
90025,Los Angeles,Los Angeles County,2019-09,71
90025,Los Angeles,Los Angeles County,2020-02,55
90025,Los Angeles,Los Angeles County,2020-04,70
90025,Los Angeles,Los Angeles County,2021-06,63
90025,Los Angeles,Los Angeles County,2021-09,65
90025,Los Angeles,Los Angeles County,2023-01,50
90025,Los Angeles,Los Angeles County,2023-09,75
90025,Los Angeles,Los Angeles County,2024-09,60
90025,Los Angeles,Los Angeles County,2025-02,52
90025,Los Angeles,Los Angeles County,2025-11,56
90026,Los Angeles,Los Angeles County,2012-03,51
90026,Los Angeles,Los Angeles County,2012-12,63
90026,Los Angeles,Los Angeles County,2013-10,65
90026,Los Angeles,Los Angeles County,2014-04,74
90026,Los Angeles,Los Angeles County,2014-10,69
90026,Los Angeles,Los Angeles County,2015-12,65
90026,Los Angeles,Los Angeles County,2016-05,67
90026,Los Angeles,Los Angeles County,2016-11,69
90026,Los Angeles,Los Angeles County,2017-11,61
90026,Los Angeles,Los Angeles County,2018-04,67
90026,Los Angeles,Los Angeles County,2018-10,60
90026,Los Angeles,Los Angeles County,2019-06,69
90026,Los Angeles,Los Angeles County,2020-10,61
90026,Los Angeles,Los Angeles County,2021-01,54
90026,Los Angeles,Los Angeles County,2021-04,69
90026,Los Angeles,Los Angeles County,2023-04,70
90026,Los Angeles,Los Angeles County,2024-12,50
90027,Los Angeles,Los Angeles County,2012-08,58
90027,Los Angeles,Los Angeles County,2013-10,63
90027,Los Angeles,Los Angeles County,2016-06,61
90027,Los Angeles,Los Angeles County,2016-10,63
90027,Los Angeles,Los Angeles County,2018-06,70
90027,Los Angeles,Los Angeles County,2021-10,60
90027,Los Angeles,Los Angeles County,2022-03,69
90027,Los Angeles,Los Angeles County,2022-04,83
90027,Los Angeles,Los Angeles County,2023-01,58
90027,Los Angeles,Los Angeles County,2023-10,65
90027,Los Angeles,Los Angeles County,2023-11,61
90027,Los Angeles,Los Angeles County,2024-09,61
90027,Los Angeles,Los Angeles County,2025-06,58
90027,Los Angeles,Los Angeles County,2025-07,51
90028,Los Angeles,Los Angeles County,2012-05,47
90028,Los Angeles,Los Angeles County,2012-11,52
90028,Los Angeles,Los Angeles County,2013-04,54
90028,Los Angeles,Los Angeles County,2014-03,54
90028,Los Angeles,Los Angeles County,2014-08,58
90028,Los Angeles,Los Angeles County,2016-03,44
90028,Los Angeles,Los Angeles County,2016-04,47
90028,Los Angeles,Los Angeles County,2016-10,49
90028,Los Angeles,Los Angeles County,2017-09,47
90028,Los Angeles,Los Angeles County,2018-02,51
90028,Los Angeles,Los Angeles County,2018-06,58
90028,Los Angeles,Los Angeles County,2018-10,44
90028,Los Angeles,Los Angeles County,2018-11,44
90028,Los Angeles,Los Angeles County,2019-04,50
90028,Los Angeles,Los Angeles County,2019-05,54
90028,Los Angeles,Los Angeles County,2020-06,54
90028,Los Angeles,Los Angeles County,2022-03,44
90028,Los Angeles,Los Angeles County,2022-05,52
90028,Los Angeles,Los Angeles County,2022-06,54
90028,Los Angeles,Los Angeles County,2023-08,61
90028,Los Angeles,Los Angeles County,2025-01,41
90028,Los Angeles,Los Angeles County,2025-03,49
90028,Los Angeles,Los Angeles County,2025-11,34
90029,Los Angeles,Los Angeles County,2012-06,50
90029,Los Angeles,Los Angeles County,2014-09,79
90029,Los Angeles,Los Angeles County,2015-05,70
90029,Los Angeles,Los Angeles County,2015-08,65
90029,Los Angeles,Los Angeles County,2017-01,54
90029,Los Angeles,Los Angeles County,2017-03,48
90029,Los Angeles,Los Angeles County,2018-05,69
90029,Los Angeles,Los Angeles County,2018-08,67
90029,Los Angeles,Los Angeles County,2019-12,48
90029,Los Angeles,Los Angeles County,2020-05,44
90029,Los Angeles,Los Angeles County,2020-09,67
90029,Los Angeles,Los Angeles County,2020-12,54
90029,Los Angeles,Los Angeles County,2021-11,56
90029,Los Angeles,Los Angeles County,2022-10,63
90029,Los Angeles,Los Angeles County,2023-12,53
90029,Los Angeles,Los Angeles County,2024-03,50
90029,Los Angeles,Los Angeles County,2024-04,50
90029,Los Angeles,Los Angeles County,2024-11,63
90031,Los Angeles,Los Angeles County,2012-05,51
90031,Los Angeles,Los Angeles County,2012-07,58
90031,Los Angeles,Los Angeles County,2012-12,75
90031,Los Angeles,Los Angeles County,2013-08,67
90031,Los Angeles,Los Angeles County,2014-07,71
90031,Los Angeles,Los Angeles County,2014-10,56
90031,Los Angeles,Los Angeles County,2015-06,69
90031,Los Angeles,Los Angeles County,2015-07,61
90031,Los Angeles,Los Angeles County,2015-08,58
90031,Los Angeles,Los Angeles County,2015-09,58
90031,Los Angeles,Los Angeles County,2015-12,55
90031,Los Angeles,Los Angeles County,2016-01,58
90031,Los Angeles,Los Angeles County,2016-05,70
90031,Los Angeles,Los Angeles County,2016-09,74
90031,Los Angeles,Los Angeles County,2016-12,53
90031,Los Angeles,Los Angeles County,2018-02,58
90031,Los Angeles,Los Angeles County,2019-04,60
90031,Los Angeles,Los Angeles County,2019-05,63
90031,Los Angeles,Los Angeles County,2020-08,58
90031,Los Angeles,Los Angeles County,2020-10,63
90032,Los Angeles,Los Angeles County,2012-08,58
90032,Los Angeles,Los Angeles County,2013-09,74
90032,Los Angeles,Los Angeles County,2014-02,65
90032,Los Angeles,Los Angeles County,2014-06,61
90032,Los Angeles,Los Angeles County,2015-03,55
90032,Los Angeles,Los Angeles County,2015-10,67
90032,Los Angeles,Los Angeles County,2016-01,63
90032,Los Angeles,Los Angeles County,2016-07,70
90032,Los Angeles,Los Angeles County,2017-02,58
90032,Los Angeles,Los Angeles County,2017-04,63
90032,Los Angeles,Los Angeles County,2017-06,72
90032,Los Angeles,Los Angeles County,2019-07,58
90032,Los Angeles,Los Angeles County,2020-01,53
90032,Los Angeles,Los Angeles County,2020-07,74
90032,Los Angeles,Los Angeles County,2021-04,74
90032,Los Angeles,Los Angeles County,2022-06,83
90032,Los Angeles,Los Angeles County,2023-12,65
90032,Los Angeles,Los Angeles County,2024-07,67
90032,Los Angeles,Los Angeles County,2024-08,65
90032,Los Angeles,Los Angeles County,2025-09,55
90033,Los Angeles,Los Angeles County,2012-04,55
90033,Los Angeles,Los Angeles County,2012-08,55
90033,Los Angeles,Los Angeles County,2013-04,72
90033,Los Angeles,Los Angeles County,2013-05,67
90033,Los Angeles,Los Angeles County,2013-09,58
90033,Los Angeles,Los Angeles County,2016-06,60
90033,Los Angeles,Los Angeles County,2016-10,65
90033,Los Angeles,Los Angeles County,2017-04,58
90033,Los Angeles,Los Angeles County,2017-05,55
90033,Los Angeles,Los Angeles County,2017-08,58
90033,Los Angeles,Los Angeles County,2018-02,44
90033,Los Angeles,Los Angeles County,2019-10,44
90033,Los Angeles,Los Angeles County,2021-06,72
90033,Los Angeles,Los Angeles County,2021-10,61
90033,Los Angeles,Los Angeles County,2023-08,54
90033,Los Angeles,Los Angeles County,2024-02,47
90033,Los Angeles,Los Angeles County,2024-03,49
90033,Los Angeles,Los Angeles County,2024-04,49
90033,Los Angeles,Los Angeles County,2024-10,50
90033,Los Angeles,Los Angeles County,2025-01,49
90033,Los Angeles,Los Angeles County,2025-03,53
90033,Los Angeles,Los Angeles County,2025-05,48
90034,Los Angeles,Los Angeles County,2012-04,51
90034,Los Angeles,Los Angeles County,2012-10,65
90034,Los Angeles,Los Angeles County,2016-11,70
90034,Los Angeles,Los Angeles County,2017-07,79
90034,Los Angeles,Los Angeles County,2017-11,75
90034,Los Angeles,Los Angeles County,2018-11,63
90034,Los Angeles,Los Angeles County,2019-07,65
90034,Los Angeles,Los Angeles County,2020-03,75
90034,Los Angeles,Los Angeles County,2021-03,61
90034,Los Angeles,Los Angeles County,2021-07,65
90034,Los Angeles,Los Angeles County,2023-11,61
90034,Los Angeles,Los Angeles County,2024-04,65
90035,Los Angeles,Los Angeles County,2012-07,61
90035,Los Angeles,Los Angeles County,2012-08,58
90035,Los Angeles,Los Angeles County,2012-11,63
90035,Los Angeles,Los Angeles County,2013-09,70
90035,Los Angeles,Los Angeles County,2014-11,58
90035,Los Angeles,Los Angeles County,2014-12,52
90035,Los Angeles,Los Angeles County,2015-04,55
90035,Los Angeles,Los Angeles County,2016-10,70
90035,Los Angeles,Los Angeles County,2017-05,71
90035,Los Angeles,Los Angeles County,2017-07,69
90035,Los Angeles,Los Angeles County,2017-10,74
90035,Los Angeles,Los Angeles County,2018-03,58
90035,Los Angeles,Los Angeles County,2020-04,60
90035,Los Angeles,Los Angeles County,2020-06,52
90035,Los Angeles,Los Angeles County,2020-08,44
90035,Los Angeles,Los Angeles County,2020-09,47
90035,Los Angeles,Los Angeles County,2021-05,58
90035,Los Angeles,Los Angeles County,2021-12,56
90035,Los Angeles,Los Angeles County,2023-09,67
90035,Los Angeles,Los Angeles County,2023-12,55
90035,Los Angeles,Los Angeles County,2024-03,52
90035,Los Angeles,Los Angeles County,2024-07,61
90035,Los Angeles,Los Angeles County,2024-09,49
90035,Los Angeles,Los Angeles County,2025-07,58
90035,Los Angeles,Los Angeles County,2025-10,44
90036,Los Angeles,Los Angeles County,2012-03,52
90036,Los Angeles,Los Angeles County,2012-04,61
90036,Los Angeles,Los Angeles County,2012-06,60
90036,Los Angeles,Los Angeles County,2012-12,61
90036,Los Angeles,Los Angeles County,2014-08,69
90036,Los Angeles,Los Angeles County,2015-09,74
90036,Los Angeles,Los Angeles County,2015-12,55
90036,Los Angeles,Los Angeles County,2016-02,48
90036,Los Angeles,Los Angeles County,2017-01,55
90036,Los Angeles,Los Angeles County,2018-03,61
90036,Los Angeles,Los Angeles County,2018-06,65
90036,Los Angeles,Los Angeles County,2018-11,58
90036,Los Angeles,Los Angeles County,2018-12,56
90036,Los Angeles,Los Angeles County,2020-02,40
90036,Los Angeles,Los Angeles County,2021-05,53
90036,Los Angeles,Los Angeles County,2021-07,65
90036,Los Angeles,Los Angeles County,2022-03,69
90036,Los Angeles,Los Angeles County,2022-06,70
90036,Los Angeles,Los Angeles County,2023-03,48
90036,Los Angeles,Los Angeles County,2023-12,55
90036,Los Angeles,Los Angeles County,2024-08,48
90036,Los Angeles,Los Angeles County,2024-10,48
90036,Los Angeles,Los Angeles County,2025-01,55
90036,Los Angeles,Los Angeles County,2025-12,49
90037,Los Angeles,Los Angeles County,2012-06,54
90037,Los Angeles,Los Angeles County,2013-02,61
90037,Los Angeles,Los Angeles County,2014-05,58
90037,Los Angeles,Los Angeles County,2014-12,56
90037,Los Angeles,Los Angeles County,2015-06,58
90037,Los Angeles,Los Angeles County,2016-04,61
90037,Los Angeles,Los Angeles County,2016-08,58
90037,Los Angeles,Los Angeles County,2017-05,53
90037,Los Angeles,Los Angeles County,2017-09,54
90037,Los Angeles,Los Angeles County,2018-01,58
90037,Los Angeles,Los Angeles County,2018-07,65
90037,Los Angeles,Los Angeles County,2018-12,58
90037,Los Angeles,Los Angeles County,2019-07,49
90037,Los Angeles,Los Angeles County,2021-06,67
90037,Los Angeles,Los Angeles County,2022-06,63
90038,Los Angeles,Los Angeles County,2012-03,44
90038,Los Angeles,Los Angeles County,2012-08,44
90038,Los Angeles,Los Angeles County,2013-02,44
90038,Los Angeles,Los Angeles County,2013-10,55
90038,Los Angeles,Los Angeles County,2014-12,65
90038,Los Angeles,Los Angeles County,2015-06,58
90038,Los Angeles,Los Angeles County,2016-02,58
90038,Los Angeles,Los Angeles County,2016-04,63
90038,Los Angeles,Los Angeles County,2017-11,54
90038,Los Angeles,Los Angeles County,2019-08,52
90038,Los Angeles,Los Angeles County,2019-12,44
90038,Los Angeles,Los Angeles County,2020-11,44
90038,Los Angeles,Los Angeles County,2021-06,58
90038,Los Angeles,Los Angeles County,2021-08,58
90038,Los Angeles,Los Angeles County,2023-05,69
90038,Los Angeles,Los Angeles County,2023-07,52
90038,Los Angeles,Los Angeles County,2024-11,44
90039,Los Angeles,Los Angeles County,2012-05,58
90039,Los Angeles,Los Angeles County,2013-03,77
90039,Los Angeles,Los Angeles County,2014-05,83
90039,Los Angeles,Los Angeles County,2015-02,63
90039,Los Angeles,Los Angeles County,2015-03,70
90039,Los Angeles,Los Angeles County,2015-04,69
90039,Los Angeles,Los Angeles County,2015-08,77
90039,Los Angeles,Los Angeles County,2016-02,61
90039,Los Angeles,Los Angeles County,2016-06,77
90039,Los Angeles,Los Angeles County,2016-08,72
90039,Los Angeles,Los Angeles County,2018-02,72
90039,Los Angeles,Los Angeles County,2018-09,65
90039,Los Angeles,Los Angeles County,2019-11,60
90039,Los Angeles,Los Angeles County,2020-07,55
90039,Los Angeles,Los Angeles County,2020-11,61
90039,Los Angeles,Los Angeles County,2021-03,67
90039,Los Angeles,Los Angeles County,2021-07,74
90039,Los Angeles,Los Angeles County,2022-09,61
90039,Los Angeles,Los Angeles County,2022-12,56
90039,Los Angeles,Los Angeles County,2023-12,74
90039,Los Angeles,Los Angeles County,2025-02,52
90039,Los Angeles,Los Angeles County,2025-04,67
90040,Los Angeles,Los Angeles County,2012-06,48
90040,Los Angeles,Los Angeles County,2012-11,58
90040,Los Angeles,Los Angeles County,2013-07,75
90040,Los Angeles,Los Angeles County,2016-02,61
90040,Los Angeles,Los Angeles County,2016-08,77
90040,Los Angeles,Los Angeles County,2017-01,67
90040,Los Angeles,Los Angeles County,2018-02,67
90040,Los Angeles,Los Angeles County,2018-11,56
90040,Los Angeles,Los Angeles County,2020-11,60
90040,Los Angeles,Los Angeles County,2022-05,70
90040,Los Angeles,Los Angeles County,2023-02,65
90040,Los Angeles,Los Angeles County,2025-03,71
90040,Los Angeles,Los Angeles County,2025-07,65
90041,Los Angeles,Los Angeles County,2012-05,60
90041,Los Angeles,Los Angeles County,2012-12,58
90041,Los Angeles,Los Angeles County,2013-12,72
90041,Los Angeles,Los Angeles County,2014-03,63
90041,Los Angeles,Los Angeles County,2015-01,70
90041,Los Angeles,Los Angeles County,2015-11,65
90041,Los Angeles,Los Angeles County,2016-08,67
90041,Los Angeles,Los Angeles County,2018-05,74
90041,Los Angeles,Los Angeles County,2018-12,58
90041,Los Angeles,Los Angeles County,2020-03,67
90041,Los Angeles,Los Angeles County,2020-09,69
90041,Los Angeles,Los Angeles County,2021-10,83
90041,Los Angeles,Los Angeles County,2022-04,79
90041,Los Angeles,Los Angeles County,2023-04,75
90041,Los Angeles,Los Angeles County,2023-06,69
90041,Los Angeles,Los Angeles County,2023-08,74
90041,Los Angeles,Los Angeles County,2023-09,79
90041,Los Angeles,Los Angeles County,2024-09,63
90041,Los Angeles,Los Angeles County,2025-05,83
90041,Los Angeles,Los Angeles County,2025-10,67
90042,Los Angeles,Los Angeles County,2013-10,75
90042,Los Angeles,Los Angeles County,2013-12,67
90042,Los Angeles,Los Angeles County,2015-05,67
90042,Los Angeles,Los Angeles County,2016-06,74
90042,Los Angeles,Los Angeles County,2018-06,77
90042,Los Angeles,Los Angeles County,2019-06,71
90042,Los Angeles,Los Angeles County,2020-06,67
90042,Los Angeles,Los Angeles County,2021-11,83
90042,Los Angeles,Los Angeles County,2022-10,70
90042,Los Angeles,Los Angeles County,2023-01,65
90042,Los Angeles,Los Angeles County,2023-05,67
90042,Los Angeles,Los Angeles County,2023-08,74
90042,Los Angeles,Los Angeles County,2023-09,67
90042,Los Angeles,Los Angeles County,2025-10,56
90043,Los Angeles,Los Angeles County,2012-03,51
90043,Los Angeles,Los Angeles County,2012-04,52
90043,Los Angeles,Los Angeles County,2012-07,49
90043,Los Angeles,Los Angeles County,2012-10,55
90043,Los Angeles,Los Angeles County,2013-01,55
90043,Los Angeles,Los Angeles County,2013-06,71
90043,Los Angeles,Los Angeles County,2015-05,65
90043,Los Angeles,Los Angeles County,2015-08,71
90043,Los Angeles,Los Angeles County,2017-01,61
90043,Los Angeles,Los Angeles County,2017-02,65
90043,Los Angeles,Los Angeles County,2017-08,63
90043,Los Angeles,Los Angeles County,2017-10,67
90043,Los Angeles,Los Angeles County,2018-01,58
90043,Los Angeles,Los Angeles County,2018-03,65
90043,Los Angeles,Los Angeles County,2019-07,55
90043,Los Angeles,Los Angeles County,2019-08,55
90043,Los Angeles,Los Angeles County,2019-11,55
90043,Los Angeles,Los Angeles County,2020-09,65
90043,Los Angeles,Los Angeles County,2020-12,70
90043,Los Angeles,Los Angeles County,2021-07,70
90043,Los Angeles,Los Angeles County,2023-01,48
90044,Los Angeles,Los Angeles County,2012-03,50
90044,Los Angeles,Los Angeles County,2012-08,55
90044,Los Angeles,Los Angeles County,2012-09,56
90044,Los Angeles,Los Angeles County,2015-03,55
90044,Los Angeles,Los Angeles County,2015-11,60
90044,Los Angeles,Los Angeles County,2016-12,58
90044,Los Angeles,Los Angeles County,2017-09,61
90044,Los Angeles,Los Angeles County,2018-01,55
90044,Los Angeles,Los Angeles County,2019-02,56
90044,Los Angeles,Los Angeles County,2020-02,58
90044,Los Angeles,Los Angeles County,2020-03,63
90044,Los Angeles,Los Angeles County,2020-05,63
90044,Los Angeles,Los Angeles County,2020-07,58
90044,Los Angeles,Los Angeles County,2020-09,67
90044,Los Angeles,Los Angeles County,2022-02,58
90044,Los Angeles,Los Angeles County,2022-07,67
90044,Los Angeles,Los Angeles County,2023-08,61
90044,Los Angeles,Los Angeles County,2024-02,55
90044,Los Angeles,Los Angeles County,2024-08,58
90044,Los Angeles,Los Angeles County,2025-05,50
90045,Los Angeles,Los Angeles County,2012-12,74
90045,Los Angeles,Los Angeles County,2013-12,71
90045,Los Angeles,Los Angeles County,2014-03,77
90045,Los Angeles,Los Angeles County,2015-05,87
90045,Los Angeles,Los Angeles County,2015-10,77
90045,Los Angeles,Los Angeles County,2016-03,77
90045,Los Angeles,Los Angeles County,2017-07,80
90045,Los Angeles,Los Angeles County,2017-09,74
90045,Los Angeles,Los Angeles County,2018-04,77
90045,Los Angeles,Los Angeles County,2019-09,61
90045,Los Angeles,Los Angeles County,2020-01,54
90045,Los Angeles,Los Angeles County,2021-08,79
90045,Los Angeles,Los Angeles County,2021-09,77
90045,Los Angeles,Los Angeles County,2021-10,74
90045,Los Angeles,Los Angeles County,2024-01,54
90045,Los Angeles,Los Angeles County,2024-06,65
90045,Los Angeles,Los Angeles County,2024-11,58
90045,Los Angeles,Los Angeles County,2024-12,58
90045,Los Angeles,Los Angeles County,2025-08,55
90046,Los Angeles,Los Angeles County,2012-11,58
90046,Los Angeles,Los Angeles County,2014-03,65
90046,Los Angeles,Los Angeles County,2018-03,58
90046,Los Angeles,Los Angeles County,2018-09,58
90046,Los Angeles,Los Angeles County,2018-10,58
90046,Los Angeles,Los Angeles County,2019-02,58
90046,Los Angeles,Los Angeles County,2019-11,55
90046,Los Angeles,Los Angeles County,2020-04,61
90047,Los Angeles,Los Angeles County,2012-10,55
90047,Los Angeles,Los Angeles County,2012-11,51
90047,Los Angeles,Los Angeles County,2013-08,71
90047,Los Angeles,Los Angeles County,2014-06,61
90047,Los Angeles,Los Angeles County,2015-01,63
90047,Los Angeles,Los Angeles County,2015-09,63
90047,Los Angeles,Los Angeles County,2015-10,63
90047,Los Angeles,Los Angeles County,2015-11,61
90047,Los Angeles,Los Angeles County,2017-05,69
90047,Los Angeles,Los Angeles County,2017-10,67
90047,Los Angeles,Los Angeles County,2019-05,61
90047,Los Angeles,Los Angeles County,2020-02,60
90047,Los Angeles,Los Angeles County,2020-07,58
90047,Los Angeles,Los Angeles County,2020-09,61
90047,Los Angeles,Los Angeles County,2022-01,63
90047,Los Angeles,Los Angeles County,2022-06,72
90047,Los Angeles,Los Angeles County,2023-05,61
90047,Los Angeles,Los Angeles County,2024-01,61
90047,Los Angeles,Los Angeles County,2024-03,61
90048,Los Angeles,Los Angeles County,2012-04,58
90048,Los Angeles,Los Angeles County,2012-07,55
90048,Los Angeles,Los Angeles County,2012-08,55
90048,Los Angeles,Los Angeles County,2012-09,55
90048,Los Angeles,Los Angeles County,2014-01,55
90048,Los Angeles,Los Angeles County,2016-01,58
90048,Los Angeles,Los Angeles County,2016-05,63
90048,Los Angeles,Los Angeles County,2016-09,55
90048,Los Angeles,Los Angeles County,2017-09,61
90048,Los Angeles,Los Angeles County,2020-02,52
90048,Los Angeles,Los Angeles County,2021-03,47
90048,Los Angeles,Los Angeles County,2021-07,56
90048,Los Angeles,Los Angeles County,2022-07,67
90048,Los Angeles,Los Angeles County,2024-11,49
90048,Los Angeles,Los Angeles County,2024-12,44
90048,Los Angeles,Los Angeles County,2025-03,40
90048,Los Angeles,Los Angeles County,2025-11,44
90049,Los Angeles,Los Angeles County,2012-05,50
90049,Los Angeles,Los Angeles County,2013-08,69
90049,Los Angeles,Los Angeles County,2014-01,58
90049,Los Angeles,Los Angeles County,2014-06,70
90049,Los Angeles,Los Angeles County,2014-10,65
90049,Los Angeles,Los Angeles County,2015-03,63
90049,Los Angeles,Los Angeles County,2016-06,65
90049,Los Angeles,Los Angeles County,2017-05,69
90049,Los Angeles,Los Angeles County,2018-06,72
90049,Los Angeles,Los Angeles County,2019-09,47
90049,Los Angeles,Los Angeles County,2020-02,44
90049,Los Angeles,Los Angeles County,2020-07,55
90049,Los Angeles,Los Angeles County,2020-11,55
90049,Los Angeles,Los Angeles County,2020-12,51
90049,Los Angeles,Los Angeles County,2022-01,55
90049,Los Angeles,Los Angeles County,2023-03,55
90049,Los Angeles,Los Angeles County,2025-11,47
90050,Los Angeles,Los Angeles County,2012-03,56
90050,Los Angeles,Los Angeles County,2016-07,63
90056,Los Angeles,Los Angeles County,2013-05,79
90056,Los Angeles,Los Angeles County,2016-04,69
90056,Los Angeles,Los Angeles County,2018-02,63
90056,Los Angeles,Los Angeles County,2018-03,70
90056,Los Angeles,Los Angeles County,2019-03,69
90056,Los Angeles,Los Angeles County,2019-07,60
90056,Los Angeles,Los Angeles County,2019-11,51
90056,Los Angeles,Los Angeles County,2022-07,63
90056,Los Angeles,Los Angeles County,2022-08,61
90056,Los Angeles,Los Angeles County,2022-10,54
90056,Los Angeles,Los Angeles County,2023-04,72
90056,Los Angeles,Los Angeles County,2023-05,67
90056,Los Angeles,Los Angeles County,2023-11,49
90056,Los Angeles,Los Angeles County,2024-03,50
90056,Los Angeles,Los Angeles County,2024-06,51
90056,Los Angeles,Los Angeles County,2024-08,56
90056,Los Angeles,Los Angeles County,2024-09,47
90056,Los Angeles,Los Angeles County,2025-01,44
90056,Los Angeles,Los Angeles County,2025-03,44
90057,Los Angeles,Los Angeles County,2013-03,71
90057,Los Angeles,Los Angeles County,2013-04,72
90057,Los Angeles,Los Angeles County,2013-10,48
90057,Los Angeles,Los Angeles County,2017-02,38
90057,Los Angeles,Los Angeles County,2017-08,60
90057,Los Angeles,Los Angeles County,2017-09,54
90057,Los Angeles,Los Angeles County,2017-10,63
90057,Los Angeles,Los Angeles County,2018-04,52
90057,Los Angeles,Los Angeles County,2019-01,71
90057,Los Angeles,Los Angeles County,2020-04,48
90057,Los Angeles,Los Angeles County,2020-09,49
90057,Los Angeles,Los Angeles County,2021-02,46
90057,Los Angeles,Los Angeles County,2021-11,53
90057,Los Angeles,Los Angeles County,2024-01,44
90057,Los Angeles,Los Angeles County,2024-10,40
90057,Los Angeles,Los Angeles County,2024-11,49
90057,Los Angeles,Los Angeles County,2025-12,51
90058,Los Angeles,Los Angeles County,2015-08,44
90058,Los Angeles,Los Angeles County,2016-09,29
90058,Los Angeles,Los Angeles County,2018-05,52
90058,Los Angeles,Los Angeles County,2018-09,34
90058,Los Angeles,Los Angeles County,2020-10,29
90058,Los Angeles,Los Angeles County,2021-04,46
90058,Los Angeles,Los Angeles County,2021-12,54
90058,Los Angeles,Los Angeles County,2023-10,44
90058,Los Angeles,Los Angeles County,2023-11,51
90058,Los Angeles,Los Angeles County,2025-12,33
90059,Los Angeles,Los Angeles County,2012-09,52
90059,Los Angeles,Los Angeles County,2013-10,70
90059,Los Angeles,Los Angeles County,2014-02,58
90059,Los Angeles,Los Angeles County,2014-03,61
90059,Los Angeles,Los Angeles County,2015-01,60
90059,Los Angeles,Los Angeles County,2015-04,63
90059,Los Angeles,Los Angeles County,2015-11,67
90059,Los Angeles,Los Angeles County,2016-05,58
90059,Los Angeles,Los Angeles County,2017-10,67
90059,Los Angeles,Los Angeles County,2019-02,58
90059,Los Angeles,Los Angeles County,2021-06,71
90059,Los Angeles,Los Angeles County,2022-08,65
90059,Los Angeles,Los Angeles County,2022-10,63
90059,Los Angeles,Los Angeles County,2022-11,71
90059,Los Angeles,Los Angeles County,2023-05,74
90059,Los Angeles,Los Angeles County,2023-08,72
90059,Los Angeles,Los Angeles County,2024-05,69
90059,Los Angeles,Los Angeles County,2024-09,70
90059,Los Angeles,Los Angeles County,2025-02,49
90059,Los Angeles,Los Angeles County,2025-05,50
90059,Los Angeles,Los Angeles County,2025-07,63
90061,Los Angeles,Los Angeles County,2014-07,79
90061,Los Angeles,Los Angeles County,2015-01,55
90061,Los Angeles,Los Angeles County,2015-04,61
90061,Los Angeles,Los Angeles County,2015-05,56
90061,Los Angeles,Los Angeles County,2015-07,55
90061,Los Angeles,Los Angeles County,2015-08,58
90061,Los Angeles,Los Angeles County,2016-04,72
90061,Los Angeles,Los Angeles County,2017-02,65
90061,Los Angeles,Los Angeles County,2017-06,65
90061,Los Angeles,Los Angeles County,2019-04,67
90061,Los Angeles,Los Angeles County,2020-03,69
90061,Los Angeles,Los Angeles County,2021-08,65
90061,Los Angeles,Los Angeles County,2021-10,71
90061,Los Angeles,Los Angeles County,2021-11,75
90061,Los Angeles,Los Angeles County,2023-02,54
90061,Los Angeles,Los Angeles County,2023-04,61
90061,Los Angeles,Los Angeles County,2023-12,53
90061,Los Angeles,Los Angeles County,2024-02,58
90061,Los Angeles,Los Angeles County,2024-05,63
90061,Los Angeles,Los Angeles County,2025-08,63
90062,Los Angeles,Los Angeles County,2013-05,67
90062,Los Angeles,Los Angeles County,2014-10,55
90062,Los Angeles,Los Angeles County,2015-11,58
90062,Los Angeles,Los Angeles County,2017-09,61
90062,Los Angeles,Los Angeles County,2017-10,69
90062,Los Angeles,Los Angeles County,2018-07,60
90062,Los Angeles,Los Angeles County,2018-11,55
90062,Los Angeles,Los Angeles County,2019-02,48
90062,Los Angeles,Los Angeles County,2020-01,44
90062,Los Angeles,Los Angeles County,2020-11,67
90062,Los Angeles,Los Angeles County,2020-12,67
90062,Los Angeles,Los Angeles County,2021-02,63
90062,Los Angeles,Los Angeles County,2021-11,67
90062,Los Angeles,Los Angeles County,2023-02,39
90062,Los Angeles,Los Angeles County,2023-03,44
90062,Los Angeles,Los Angeles County,2023-07,63
90062,Los Angeles,Los Angeles County,2023-12,48
90062,Los Angeles,Los Angeles County,2024-02,50
90062,Los Angeles,Los Angeles County,2025-02,48
90062,Los Angeles,Los Angeles County,2025-08,50
90062,Los Angeles,Los Angeles County,2025-11,46
90063,Los Angeles,Los Angeles County,2013-02,60
90063,Los Angeles,Los Angeles County,2014-01,74
90063,Los Angeles,Los Angeles County,2014-04,55
90063,Los Angeles,Los Angeles County,2014-12,63
90063,Los Angeles,Los Angeles County,2015-10,65
90063,Los Angeles,Los Angeles County,2016-02,55
90063,Los Angeles,Los Angeles County,2016-11,61
90063,Los Angeles,Los Angeles County,2017-04,63
90063,Los Angeles,Los Angeles County,2018-02,55
90063,Los Angeles,Los Angeles County,2018-04,58
90063,Los Angeles,Los Angeles County,2019-02,60
90063,Los Angeles,Los Angeles County,2019-05,48
90063,Los Angeles,Los Angeles County,2019-06,50
90063,Los Angeles,Los Angeles County,2019-12,56
90063,Los Angeles,Los Angeles County,2020-04,52
90063,Los Angeles,Los Angeles County,2021-01,67
90063,Los Angeles,Los Angeles County,2021-09,67
90063,Los Angeles,Los Angeles County,2021-12,70
90063,Los Angeles,Los Angeles County,2022-01,65
90063,Los Angeles,Los Angeles County,2023-06,67
90063,Los Angeles,Los Angeles County,2024-01,52
90064,Los Angeles,Los Angeles County,2012-10,63
90064,Los Angeles,Los Angeles County,2013-11,72
90064,Los Angeles,Los Angeles County,2014-09,72
90064,Los Angeles,Los Angeles County,2015-01,65
90064,Los Angeles,Los Angeles County,2015-02,58
90064,Los Angeles,Los Angeles County,2016-02,63
90064,Los Angeles,Los Angeles County,2016-05,75
90064,Los Angeles,Los Angeles County,2016-08,75
90064,Los Angeles,Los Angeles County,2016-09,75
90064,Los Angeles,Los Angeles County,2017-08,77
90064,Los Angeles,Los Angeles County,2017-12,74
90064,Los Angeles,Los Angeles County,2018-02,74
90064,Los Angeles,Los Angeles County,2018-05,83
90064,Los Angeles,Los Angeles County,2020-02,63
90064,Los Angeles,Los Angeles County,2020-08,65
90064,Los Angeles,Los Angeles County,2020-11,60
90064,Los Angeles,Los Angeles County,2021-05,70
90064,Los Angeles,Los Angeles County,2022-08,65
90064,Los Angeles,Los Angeles County,2023-10,60
90064,Los Angeles,Los Angeles County,2024-02,60
90064,Los Angeles,Los Angeles County,2025-02,63
90064,Los Angeles,Los Angeles County,2025-06,61
90064,Los Angeles,Los Angeles County,2025-07,65
90065,Los Angeles,Los Angeles County,2012-05,51
90065,Los Angeles,Los Angeles County,2012-06,52
90065,Los Angeles,Los Angeles County,2012-09,70
90065,Los Angeles,Los Angeles County,2012-10,72
90065,Los Angeles,Los Angeles County,2013-03,70
90065,Los Angeles,Los Angeles County,2014-01,65
90065,Los Angeles,Los Angeles County,2015-01,61
90065,Los Angeles,Los Angeles County,2015-03,58
90065,Los Angeles,Los Angeles County,2017-02,52
90065,Los Angeles,Los Angeles County,2017-05,65
90065,Los Angeles,Los Angeles County,2017-09,72
90065,Los Angeles,Los Angeles County,2019-02,61
90065,Los Angeles,Los Angeles County,2019-04,61
90065,Los Angeles,Los Angeles County,2019-07,58
90065,Los Angeles,Los Angeles County,2020-01,61
90065,Los Angeles,Los Angeles County,2020-11,70
90065,Los Angeles,Los Angeles County,2021-04,74
90065,Los Angeles,Los Angeles County,2024-06,74
90065,Los Angeles,Los Angeles County,2024-11,67
90065,Los Angeles,Los Angeles County,2024-12,58
90065,Los Angeles,Los Angeles County,2025-02,58
90065,Los Angeles,Los Angeles County,2025-06,74
90065,Los Angeles,Los Angeles County,2025-10,54
90066,Los Angeles,Los Angeles County,2013-06,89
90066,Los Angeles,Los Angeles County,2014-05,83
90066,Los Angeles,Los Angeles County,2014-11,69
90066,Los Angeles,Los Angeles County,2017-06,77
90066,Los Angeles,Los Angeles County,2017-09,80
90066,Los Angeles,Los Angeles County,2017-11,74
90066,Los Angeles,Los Angeles County,2018-01,65
90066,Los Angeles,Los Angeles County,2021-08,75
90066,Los Angeles,Los Angeles County,2023-05,61
90066,Los Angeles,Los Angeles County,2023-11,69
90066,Los Angeles,Los Angeles County,2025-01,52
90067,Los Angeles,Los Angeles County,2012-04,37
90067,Los Angeles,Los Angeles County,2014-02,40
90067,Los Angeles,Los Angeles County,2014-03,33
90067,Los Angeles,Los Angeles County,2015-02,44
90067,Los Angeles,Los Angeles County,2016-05,54
90067,Los Angeles,Los Angeles County,2017-03,55
90067,Los Angeles,Los Angeles County,2017-12,49
90067,Los Angeles,Los Angeles County,2018-02,44
90067,Los Angeles,Los Angeles County,2019-03,40
90067,Los Angeles,Los Angeles County,2019-08,47
90067,Los Angeles,Los Angeles County,2020-08,49
90067,Los Angeles,Los Angeles County,2020-12,33
90067,Los Angeles,Los Angeles County,2021-05,44
90067,Los Angeles,Los Angeles County,2022-11,44
90067,Los Angeles,Los Angeles County,2025-12,47
90068,Los Angeles,Los Angeles County,2012-04,48
90068,Los Angeles,Los Angeles County,2012-06,58
90068,Los Angeles,Los Angeles County,2013-12,61
90068,Los Angeles,Los Angeles County,2015-02,58
90068,Los Angeles,Los Angeles County,2015-03,55
90068,Los Angeles,Los Angeles County,2015-11,61
90068,Los Angeles,Los Angeles County,2016-08,63
90068,Los Angeles,Los Angeles County,2016-09,67
90068,Los Angeles,Los Angeles County,2017-06,67
90068,Los Angeles,Los Angeles County,2017-12,53
90068,Los Angeles,Los Angeles County,2018-03,63
90068,Los Angeles,Los Angeles County,2018-04,63
90068,Los Angeles,Los Angeles County,2019-03,50
90068,Los Angeles,Los Angeles County,2021-07,72
90068,Los Angeles,Los Angeles County,2022-02,67
90068,Los Angeles,Los Angeles County,2022-08,67
90068,Los Angeles,Los Angeles County,2023-12,55
90068,Los Angeles,Los Angeles County,2024-03,50
90068,Los Angeles,Los Angeles County,2025-02,44
90068,Los Angeles,Los Angeles County,2025-03,44
90069,West Hollywood,Los Angeles County,2013-03,65
90069,West Hollywood,Los Angeles County,2013-09,65
90069,West Hollywood,Los Angeles County,2015-01,52
90069,West Hollywood,Los Angeles County,2015-05,72
90069,West Hollywood,Los Angeles County,2015-06,71
90069,West Hollywood,Los Angeles County,2018-04,67
90069,West Hollywood,Los Angeles County,2018-09,63
90069,West Hollywood,Los Angeles County,2019-06,52
90069,West Hollywood,Los Angeles County,2020-11,53
90069,West Hollywood,Los Angeles County,2022-05,65
90069,West Hollywood,Los Angeles County,2022-07,67
90069,West Hollywood,Los Angeles County,2023-06,55
90069,West Hollywood,Los Angeles County,2025-02,44
90069,West Hollywood,Los Angeles County,2025-04,44
90076,Los Angeles,Los Angeles County,2015-07,61
90076,Los Angeles,Los Angeles County,2017-10,91
90076,Los Angeles,Los Angeles County,2020-10,71
90077,Los Angeles,Los Angeles County,2012-09,50
90077,Los Angeles,Los Angeles County,2013-03,44
90077,Los Angeles,Los Angeles County,2015-12,44
90077,Los Angeles,Los Angeles County,2016-11,47
90077,Los Angeles,Los Angeles County,2017-06,60
90077,Los Angeles,Los Angeles County,2019-10,48
90077,Los Angeles,Los Angeles County,2022-08,47
90077,Los Angeles,Los Angeles County,2022-09,49
90077,Los Angeles,Los Angeles County,2023-04,48
90077,Los Angeles,Los Angeles County,2023-06,47
90077,Los Angeles,Los Angeles County,2023-10,58
90077,Los Angeles,Los Angeles County,2025-01,35
90077,Los Angeles,Los Angeles County,2025-09,41
90081,Los Angeles,Los Angeles County,2015-09,54
90081,Los Angeles,Los Angeles County,2019-01,77
90081,Los Angeles,Los Angeles County,2019-02,77
90081,Los Angeles,Los Angeles County,2019-03,67
90082,Los Angeles,Los Angeles County,2012-04,75
90082,Los Angeles,Los Angeles County,2013-10,39
90082,Los Angeles,Los Angeles County,2017-10,56
90082,Los Angeles,Los Angeles County,2018-11,47
90082,Los Angeles,Los Angeles County,2022-07,72
90082,Los Angeles,Los Angeles County,2023-01,61
90093,Los Angeles,Los Angeles County,2013-01,69
90093,Los Angeles,Los Angeles County,2013-02,69
90093,Los Angeles,Los Angeles County,2014-06,77
90093,Los Angeles,Los Angeles County,2015-07,74
90094,Los Angeles,Los Angeles County,2012-06,60
90094,Los Angeles,Los Angeles County,2012-10,69
90094,Los Angeles,Los Angeles County,2013-01,83
90094,Los Angeles,Los Angeles County,2013-03,83
90094,Los Angeles,Los Angeles County,2013-05,80
90094,Los Angeles,Los Angeles County,2013-10,72
90094,Los Angeles,Los Angeles County,2014-07,71
90094,Los Angeles,Los Angeles County,2015-03,70
90094,Los Angeles,Los Angeles County,2015-05,75
90094,Los Angeles,Los Angeles County,2016-09,65
90094,Los Angeles,Los Angeles County,2016-12,67
90094,Los Angeles,Los Angeles County,2018-07,67
90094,Los Angeles,Los Angeles County,2019-06,52
90094,Los Angeles,Los Angeles County,2019-07,55
90094,Los Angeles,Los Angeles County,2021-01,49
90094,Los Angeles,Los Angeles County,2021-04,56
90094,Los Angeles,Los Angeles County,2021-08,65
90094,Los Angeles,Los Angeles County,2022-10,71
90094,Los Angeles,Los Angeles County,2023-04,63
90094,Los Angeles,Los Angeles County,2024-03,52
90094,Los Angeles,Los Angeles County,2024-06,55
90094,Los Angeles,Los Angeles County,2025-02,54
90099,Los Angeles,Los Angeles County,2013-02,49
90099,Los Angeles,Los Angeles County,2014-05,29
90099,Los Angeles,Los Angeles County,2016-05,44
90099,Los Angeles,Los Angeles County,2016-07,41
90099,Los Angeles,Los Angeles County,2018-06,63
90099,Los Angeles,Los Angeles County,2019-07,29
90099,Los Angeles,Los Angeles County,2021-07,55
90099,Los Angeles,Los Angeles County,2022-12,44
90099,Los Angeles,Los Angeles County,2024-09,63
90101,Los Angeles,Los Angeles County,2012-04,41
90101,Los Angeles,Los Angeles County,2012-11,48
90101,Los Angeles,Los Angeles County,2014-09,52
90101,Los Angeles,Los Angeles County,2015-04,40
90101,Los Angeles,Los Angeles County,2016-06,48
90101,Los Angeles,Los Angeles County,2016-10,87
90101,Los Angeles,Los Angeles County,2017-12,52
90101,Los Angeles,Los Angeles County,2018-05,69
90101,Los Angeles,Los Angeles County,2019-08,54
90101,Los Angeles,Los Angeles County,2020-05,46
90101,Los Angeles,Los Angeles County,2020-06,40
90201,Bell,Los Angeles County,2012-10,70
90201,Bell,Los Angeles County,2014-11,67
90201,Bell,Los Angeles County,2015-07,55
90201,Bell,Los Angeles County,2015-10,58
90201,Bell,Los Angeles County,2016-02,49
90201,Bell,Los Angeles County,2016-08,52
90201,Bell,Los Angeles County,2019-04,56
90201,Bell,Los Angeles County,2020-01,53
90201,Bell,Los Angeles County,2020-03,58
90201,Bell,Los Angeles County,2020-04,61
90201,Bell,Los Angeles County,2021-02,69
90201,Bell,Los Angeles County,2021-04,75
90201,Bell,Los Angeles County,2025-02,58
90201,Bell,Los Angeles County,2025-04,56
90210,Beverly Hills,Los Angeles County,2012-08,48
90210,Beverly Hills,Los Angeles County,2014-01,58
90210,Beverly Hills,Los Angeles County,2015-09,49
90210,Beverly Hills,Los Angeles County,2016-09,52
90210,Beverly Hills,Los Angeles County,2017-05,48
90210,Beverly Hills,Los Angeles County,2017-11,44
90210,Beverly Hills,Los Angeles County,2018-12,40
90210,Beverly Hills,Los Angeles County,2019-04,44
90210,Beverly Hills,Los Angeles County,2020-04,37
90210,Beverly Hills,Los Angeles County,2020-05,41
90210,Beverly Hills,Los Angeles County,2021-05,47
90210,Beverly Hills,Los Angeles County,2022-05,53
90210,Beverly Hills,Los Angeles County,2023-01,40
90210,Beverly Hills,Los Angeles County,2023-07,49
90210,Beverly Hills,Los Angeles County,2025-06,41
90210,Beverly Hills,Los Angeles County,2025-12,39
90211,Beverly Hills,Los Angeles County,2015-01,44
90211,Beverly Hills,Los Angeles County,2015-06,55
90211,Beverly Hills,Los Angeles County,2015-11,50
90211,Beverly Hills,Los Angeles County,2017-04,51
90211,Beverly Hills,Los Angeles County,2018-09,80
90211,Beverly Hills,Los Angeles County,2018-11,58
90211,Beverly Hills,Los Angeles County,2019-09,41
90211,Beverly Hills,Los Angeles County,2020-01,40
90211,Beverly Hills,Los Angeles County,2020-05,38
90211,Beverly Hills,Los Angeles County,2020-07,46
90211,Beverly Hills,Los Angeles County,2020-08,48
90211,Beverly Hills,Los Angeles County,2020-12,40
90211,Beverly Hills,Los Angeles County,2021-02,44
90211,Beverly Hills,Los Angeles County,2021-05,44
90211,Beverly Hills,Los Angeles County,2021-06,50
90211,Beverly Hills,Los Angeles County,2021-07,44
90211,Beverly Hills,Los Angeles County,2021-10,58
90211,Beverly Hills,Los Angeles County,2022-01,58
90211,Beverly Hills,Los Angeles County,2023-01,40
90211,Beverly Hills,Los Angeles County,2023-10,49
90211,Beverly Hills,Los Angeles County,2024-02,46
90211,Beverly Hills,Los Angeles County,2024-10,52
90211,Beverly Hills,Los Angeles County,2025-09,58
90212,Beverly Hills,Los Angeles County,2012-07,58
90212,Beverly Hills,Los Angeles County,2013-03,67
90212,Beverly Hills,Los Angeles County,2013-07,58
90212,Beverly Hills,Los Angeles County,2014-01,61
90212,Beverly Hills,Los Angeles County,2014-09,49
90212,Beverly Hills,Los Angeles County,2015-08,58
90212,Beverly Hills,Los Angeles County,2016-04,53
90212,Beverly Hills,Los Angeles County,2016-07,52
90212,Beverly Hills,Los Angeles County,2016-10,58
90212,Beverly Hills,Los Angeles County,2017-09,67
90212,Beverly Hills,Los Angeles County,2018-03,63
90212,Beverly Hills,Los Angeles County,2018-06,63
90212,Beverly Hills,Los Angeles County,2018-10,70
90212,Beverly Hills,Los Angeles County,2018-11,65
90212,Beverly Hills,Los Angeles County,2019-05,44
90212,Beverly Hills,Los Angeles County,2020-09,50
90212,Beverly Hills,Los Angeles County,2021-05,52
90212,Beverly Hills,Los Angeles County,2021-06,52
90212,Beverly Hills,Los Angeles County,2021-12,67
90212,Beverly Hills,Los Angeles County,2022-02,53
90212,Beverly Hills,Los Angeles County,2022-08,49
90212,Beverly Hills,Los Angeles County,2023-02,52
90212,Beverly Hills,Los Angeles County,2023-04,48
90212,Beverly Hills,Los Angeles County,2023-09,55
90212,Beverly Hills,Los Angeles County,2024-12,41
90212,Beverly Hills,Los Angeles County,2025-08,52
90213,Beverly Hills,Los Angeles County,2012-05,47
90213,Beverly Hills,Los Angeles County,2013-06,38
90213,Beverly Hills,Los Angeles County,2014-11,39
90213,Beverly Hills,Los Angeles County,2015-05,44
90213,Beverly Hills,Los Angeles County,2015-06,50
90213,Beverly Hills,Los Angeles County,2015-07,47
90213,Beverly Hills,Los Angeles County,2018-08,35
90213,Beverly Hills,Los Angeles County,2019-04,33
90213,Beverly Hills,Los Angeles County,2021-10,29
90213,Beverly Hills,Los Angeles County,2022-05,75
90213,Beverly Hills,Los Angeles County,2025-04,29
90220,Compton,Los Angeles County,2012-11,63
90220,Compton,Los Angeles County,2014-11,74
90220,Compton,Los Angeles County,2017-05,67
90220,Compton,Los Angeles County,2017-06,63
90220,Compton,Los Angeles County,2017-10,74
90220,Compton,Los Angeles County,2017-11,63
90220,Compton,Los Angeles County,2018-04,70
90220,Compton,Los Angeles County,2018-09,63
90220,Compton,Los Angeles County,2019-09,60
90220,Compton,Los Angeles County,2019-11,65
90220,Compton,Los Angeles County,2020-08,69
90220,Compton,Los Angeles County,2022-01,75
90220,Compton,Los Angeles County,2022-02,79
90220,Compton,Los Angeles County,2023-04,60
90220,Compton,Los Angeles County,2023-11,67
90220,Compton,Los Angeles County,2025-06,63
90220,Compton,Los Angeles County,2025-07,56
90221,Compton,Los Angeles County,2012-03,53
90221,Compton,Los Angeles County,2012-05,52
90221,Compton,Los Angeles County,2012-09,65
90221,Compton,Los Angeles County,2013-08,72
90221,Compton,Los Angeles County,2014-10,63
90221,Compton,Los Angeles County,2016-04,65
90221,Compton,Los Angeles County,2019-03,55
90221,Compton,Los Angeles County,2019-12,67
90221,Compton,Los Angeles County,2021-05,74
90221,Compton,Los Angeles County,2021-09,80
90221,Compton,Los Angeles County,2023-03,52
90221,Compton,Los Angeles County,2023-10,67
90221,Compton,Los Angeles County,2024-04,67
90222,Compton,Los Angeles County,2013-07,67
90222,Compton,Los Angeles County,2014-08,65
90222,Compton,Los Angeles County,2015-05,65
90222,Compton,Los Angeles County,2016-01,58
90222,Compton,Los Angeles County,2017-11,58
90222,Compton,Los Angeles County,2018-02,65
90222,Compton,Los Angeles County,2018-11,58
90222,Compton,Los Angeles County,2019-09,67
90222,Compton,Los Angeles County,2020-08,70
90222,Compton,Los Angeles County,2020-12,69
90222,Compton,Los Angeles County,2021-05,74
90222,Compton,Los Angeles County,2021-08,79
90222,Compton,Los Angeles County,2023-01,44
90222,Compton,Los Angeles County,2024-08,65
90222,Compton,Los Angeles County,2025-01,55
90230,Culver City,Los Angeles County,2013-09,87
90230,Culver City,Los Angeles County,2015-09,83
90230,Culver City,Los Angeles County,2019-03,63
90230,Culver City,Los Angeles County,2019-10,69
90230,Culver City,Los Angeles County,2020-02,67
90230,Culver City,Los Angeles County,2020-07,55
90230,Culver City,Los Angeles County,2020-12,69
90230,Culver City,Los Angeles County,2021-03,72
90230,Culver City,Los Angeles County,2021-08,75
90230,Culver City,Los Angeles County,2022-01,71
90230,Culver City,Los Angeles County,2022-05,91
90230,Culver City,Los Angeles County,2022-06,80
90230,Culver City,Los Angeles County,2022-11,67
90230,Culver City,Los Angeles County,2022-12,65
90230,Culver City,Los Angeles County,2023-02,56
90230,Culver City,Los Angeles County,2023-09,74
90230,Culver City,Los Angeles County,2024-09,61
90232,Culver City,Los Angeles County,2014-05,83
90232,Culver City,Los Angeles County,2014-08,79
90232,Culver City,Los Angeles County,2014-09,70
90232,Culver City,Los Angeles County,2014-11,63
90232,Culver City,Los Angeles County,2016-09,83
90232,Culver City,Los Angeles County,2017-06,70
90232,Culver City,Los Angeles County,2017-10,83
90232,Culver City,Los Angeles County,2018-10,61
90232,Culver City,Los Angeles County,2023-08,52
90232,Culver City,Los Angeles County,2024-07,53
90232,Culver City,Los Angeles County,2024-08,46
90232,Culver City,Los Angeles County,2025-02,60
90232,Culver City,Los Angeles County,2025-04,67
90232,Culver City,Los Angeles County,2025-09,55
90240,Downey,Los Angeles County,2012-09,61
90240,Downey,Los Angeles County,2012-11,69
90240,Downey,Los Angeles County,2013-04,67
90240,Downey,Los Angeles County,2013-07,83
90240,Downey,Los Angeles County,2016-12,55
90240,Downey,Los Angeles County,2017-03,56
90240,Downey,Los Angeles County,2017-04,60
90240,Downey,Los Angeles County,2018-10,49
90240,Downey,Los Angeles County,2019-08,58
90240,Downey,Los Angeles County,2020-09,74
90240,Downey,Los Angeles County,2021-02,75
90240,Downey,Los Angeles County,2024-02,63
90240,Downey,Los Angeles County,2024-09,77
90240,Downey,Los Angeles County,2024-10,70
90240,Downey,Los Angeles County,2025-01,52
90241,Downey,Los Angeles County,2012-10,58
90241,Downey,Los Angeles County,2013-11,63
90241,Downey,Los Angeles County,2014-06,69
90241,Downey,Los Angeles County,2014-10,54
90241,Downey,Los Angeles County,2015-08,63
90241,Downey,Los Angeles County,2016-05,58
90241,Downey,Los Angeles County,2016-08,61
90241,Downey,Los Angeles County,2016-09,58
90241,Downey,Los Angeles County,2017-12,58
90241,Downey,Los Angeles County,2018-01,56
90241,Downey,Los Angeles County,2019-06,56
90241,Downey,Los Angeles County,2019-08,58
90241,Downey,Los Angeles County,2019-11,55
90241,Downey,Los Angeles County,2020-02,65
90241,Downey,Los Angeles County,2022-08,71
90241,Downey,Los Angeles County,2022-09,65
90241,Downey,Los Angeles County,2022-12,61
90241,Downey,Los Angeles County,2023-03,67
90241,Downey,Los Angeles County,2023-04,74
90241,Downey,Los Angeles County,2024-04,69
90241,Downey,Los Angeles County,2025-08,67
90242,Downey,Los Angeles County,2013-06,75
90242,Downey,Los Angeles County,2014-04,65
90242,Downey,Los Angeles County,2014-06,70
90242,Downey,Los Angeles County,2014-12,52
90242,Downey,Los Angeles County,2015-01,52
90242,Downey,Los Angeles County,2016-05,72
90242,Downey,Los Angeles County,2016-07,77
90242,Downey,Los Angeles County,2017-01,52
90242,Downey,Los Angeles County,2017-06,58
90242,Downey,Los Angeles County,2017-09,58
90242,Downey,Los Angeles County,2018-02,54
90242,Downey,Los Angeles County,2018-09,60
90242,Downey,Los Angeles County,2019-10,70
90242,Downey,Los Angeles County,2020-03,70
90242,Downey,Los Angeles County,2020-04,74
90242,Downey,Los Angeles County,2020-10,74
90242,Downey,Los Angeles County,2023-07,77
90242,Downey,Los Angeles County,2025-03,54
90242,Downey,Los Angeles County,2025-07,70
90242,Downey,Los Angeles County,2025-08,72
90245,El Segundo,Los Angeles County,2013-05,74
90245,El Segundo,Los Angeles County,2016-02,50
90245,El Segundo,Los Angeles County,2017-05,67
90245,El Segundo,Los Angeles County,2017-06,61
90245,El Segundo,Los Angeles County,2017-12,56
90245,El Segundo,Los Angeles County,2019-01,51
90245,El Segundo,Los Angeles County,2020-05,55
90245,El Segundo,Los Angeles County,2021-12,61
90245,El Segundo,Los Angeles County,2022-10,61
90245,El Segundo,Los Angeles County,2023-08,67
90245,El Segundo,Los Angeles County,2023-10,67
90245,El Segundo,Los Angeles County,2024-03,61
90245,El Segundo,Los Angeles County,2025-12,53
90247,Gardena,Los Angeles County,2012-09,67
90247,Gardena,Los Angeles County,2014-02,67
90247,Gardena,Los Angeles County,2014-10,65
90247,Gardena,Los Angeles County,2015-07,75
90247,Gardena,Los Angeles County,2015-10,65
90247,Gardena,Los Angeles County,2016-02,63
90247,Gardena,Los Angeles County,2016-05,63
90247,Gardena,Los Angeles County,2016-10,70
90247,Gardena,Los Angeles County,2018-11,70
90247,Gardena,Los Angeles County,2020-03,67
90247,Gardena,Los Angeles County,2021-02,80
90247,Gardena,Los Angeles County,2021-05,75
90247,Gardena,Los Angeles County,2021-09,83
90247,Gardena,Los Angeles County,2023-03,55
90247,Gardena,Los Angeles County,2024-05,77
90247,Gardena,Los Angeles County,2024-07,77
90247,Gardena,Los Angeles County,2024-10,58
90247,Gardena,Los Angeles County,2025-05,63
90247,Gardena,Los Angeles County,2025-08,63
90248,Gardena,Los Angeles County,2012-10,60
90248,Gardena,Los Angeles County,2014-07,83
90248,Gardena,Los Angeles County,2016-04,61
90248,Gardena,Los Angeles County,2017-07,75
90248,Gardena,Los Angeles County,2018-10,83
90248,Gardena,Los Angeles County,2018-12,58
90248,Gardena,Los Angeles County,2019-06,72
90248,Gardena,Los Angeles County,2019-07,77
90248,Gardena,Los Angeles County,2020-09,74
90248,Gardena,Los Angeles County,2022-09,63
90248,Gardena,Los Angeles County,2023-03,47
90248,Gardena,Los Angeles County,2024-02,61
90248,Gardena,Los Angeles County,2024-05,65
90248,Gardena,Los Angeles County,2024-11,67
90248,Gardena,Los Angeles County,2025-05,71
90248,Gardena,Los Angeles County,2025-09,61
90248,Gardena,Los Angeles County,2025-10,65
90249,Gardena,Los Angeles County,2013-07,83
90249,Gardena,Los Angeles County,2013-08,83
90249,Gardena,Los Angeles County,2014-08,72
90249,Gardena,Los Angeles County,2014-10,63
90249,Gardena,Los Angeles County,2015-03,67
90249,Gardena,Los Angeles County,2015-11,63
90249,Gardena,Los Angeles County,2016-11,70
90249,Gardena,Los Angeles County,2017-01,67
90249,Gardena,Los Angeles County,2017-02,70
90249,Gardena,Los Angeles County,2019-12,67
90249,Gardena,Los Angeles County,2021-01,79
90249,Gardena,Los Angeles County,2021-11,83
90249,Gardena,Los Angeles County,2022-05,87
90249,Gardena,Los Angeles County,2022-06,91
90249,Gardena,Los Angeles County,2022-08,79
90249,Gardena,Los Angeles County,2022-11,61
90249,Gardena,Los Angeles County,2023-08,74
90249,Gardena,Los Angeles County,2024-01,58
90249,Gardena,Los Angeles County,2024-02,49
90249,Gardena,Los Angeles County,2024-12,69
90249,Gardena,Los Angeles County,2025-02,63
90250,Hawthorne,Los Angeles County,2012-07,63
90250,Hawthorne,Los Angeles County,2013-05,79
90250,Hawthorne,Los Angeles County,2013-12,65
90250,Hawthorne,Los Angeles County,2014-06,67
90250,Hawthorne,Los Angeles County,2018-02,72
90250,Hawthorne,Los Angeles County,2018-08,83
90250,Hawthorne,Los Angeles County,2018-09,80
90250,Hawthorne,Los Angeles County,2018-10,74
90250,Hawthorne,Los Angeles County,2020-03,74
90250,Hawthorne,Los Angeles County,2022-02,77
90250,Hawthorne,Los Angeles County,2022-07,83
90250,Hawthorne,Los Angeles County,2024-03,69
90250,Hawthorne,Los Angeles County,2024-10,63
90250,Hawthorne,Los Angeles County,2025-09,53
90250,Hawthorne,Los Angeles County,2025-12,58
90251,Hawthorne,Los Angeles County,2015-09,38
90254,Hermosa Beach,Los Angeles County,2012-03,51
90254,Hermosa Beach,Los Angeles County,2012-07,60
90254,Hermosa Beach,Los Angeles County,2013-09,71
90254,Hermosa Beach,Los Angeles County,2014-03,70
90254,Hermosa Beach,Los Angeles County,2014-07,74
90254,Hermosa Beach,Los Angeles County,2014-09,69
90254,Hermosa Beach,Los Angeles County,2015-05,74
90254,Hermosa Beach,Los Angeles County,2015-06,72
90254,Hermosa Beach,Los Angeles County,2016-09,55
90254,Hermosa Beach,Los Angeles County,2016-11,52
90254,Hermosa Beach,Los Angeles County,2018-05,61
90254,Hermosa Beach,Los Angeles County,2018-08,56
90254,Hermosa Beach,Los Angeles County,2019-02,40
90254,Hermosa Beach,Los Angeles County,2021-02,63
90254,Hermosa Beach,Los Angeles County,2021-08,74
90254,Hermosa Beach,Los Angeles County,2021-10,74
90254,Hermosa Beach,Los Angeles County,2022-05,79
90254,Hermosa Beach,Los Angeles County,2022-08,74
90254,Hermosa Beach,Los Angeles County,2024-05,70
90254,Hermosa Beach,Los Angeles County,2025-04,67
90254,Hermosa Beach,Los Angeles County,2025-10,48
90255,Huntington Park,Los Angeles County,2012-12,63
90255,Huntington Park,Los Angeles County,2014-10,65
90255,Huntington Park,Los Angeles County,2015-07,63
90255,Huntington Park,Los Angeles County,2017-02,63
90255,Huntington Park,Los Angeles County,2017-06,58
90255,Huntington Park,Los Angeles County,2018-12,55
90255,Huntington Park,Los Angeles County,2022-09,61
90255,Huntington Park,Los Angeles County,2022-11,54
90255,Huntington Park,Los Angeles County,2025-08,58
90260,Lawndale,Los Angeles County,2013-10,70
90260,Lawndale,Los Angeles County,2015-02,51
90260,Lawndale,Los Angeles County,2015-11,58
90260,Lawndale,Los Angeles County,2016-09,77
90260,Lawndale,Los Angeles County,2016-11,65
90260,Lawndale,Los Angeles County,2017-10,58
90260,Lawndale,Los Angeles County,2018-01,61
90260,Lawndale,Los Angeles County,2018-04,67
90260,Lawndale,Los Angeles County,2018-09,58
90260,Lawndale,Los Angeles County,2019-06,63
90260,Lawndale,Los Angeles County,2024-01,61
90260,Lawndale,Los Angeles County,2025-01,53
90260,Lawndale,Los Angeles County,2025-02,55
90260,Lawndale,Los Angeles County,2025-07,60
90262,Lynwood,Los Angeles County,2012-03,50
90262,Lynwood,Los Angeles County,2013-01,61
90262,Lynwood,Los Angeles County,2014-08,79
90262,Lynwood,Los Angeles County,2014-10,69
90262,Lynwood,Los Angeles County,2016-10,67
90262,Lynwood,Los Angeles County,2019-08,63
90262,Lynwood,Los Angeles County,2019-09,60
90262,Lynwood,Los Angeles County,2020-05,80
90262,Lynwood,Los Angeles County,2020-07,69
90262,Lynwood,Los Angeles County,2020-11,80
90262,Lynwood,Los Angeles County,2022-04,83
90262,Lynwood,Los Angeles County,2022-09,67
90262,Lynwood,Los Angeles County,2022-11,63
90262,Lynwood,Los Angeles County,2025-04,63
90264,Malibu,Los Angeles County,2014-08,44
90264,Malibu,Los Angeles County,2017-06,44
90264,Malibu,Los Angeles County,2019-10,29
90264,Malibu,Los Angeles County,2021-06,44
90264,Malibu,Los Angeles County,2023-12,91
90264,Malibu,Los Angeles County,2024-08,37
90265,Malibu,Los Angeles County,2012-03,35
90265,Malibu,Los Angeles County,2012-10,35
90265,Malibu,Los Angeles County,2013-02,40
90265,Malibu,Los Angeles County,2013-06,44
90265,Malibu,Los Angeles County,2014-06,44
90265,Malibu,Los Angeles County,2015-08,47
90265,Malibu,Los Angeles County,2015-10,46
90265,Malibu,Los Angeles County,2016-07,41
90265,Malibu,Los Angeles County,2017-02,39
90265,Malibu,Los Angeles County,2017-11,39
90265,Malibu,Los Angeles County,2018-02,40
90265,Malibu,Los Angeles County,2018-04,46
90265,Malibu,Los Angeles County,2020-08,41
90265,Malibu,Los Angeles County,2020-09,38
90265,Malibu,Los Angeles County,2022-02,48
90265,Malibu,Los Angeles County,2022-11,40
90265,Malibu,Los Angeles County,2023-03,50
90265,Malibu,Los Angeles County,2023-04,49
90265,Malibu,Los Angeles County,2023-10,48
90265,Malibu,Los Angeles County,2024-05,40
90265,Malibu,Los Angeles County,2024-07,39
90265,Malibu,Los Angeles County,2025-05,38
90266,Manhattan Beach,Los Angeles County,2012-06,69
90266,Manhattan Beach,Los Angeles County,2013-02,69
90266,Manhattan Beach,Los Angeles County,2013-11,74
90266,Manhattan Beach,Los Angeles County,2015-05,77
90266,Manhattan Beach,Los Angeles County,2015-12,54
90266,Manhattan Beach,Los Angeles County,2016-01,58
90266,Manhattan Beach,Los Angeles County,2016-03,61
90266,Manhattan Beach,Los Angeles County,2017-08,60
90266,Manhattan Beach,Los Angeles County,2017-10,55
90266,Manhattan Beach,Los Angeles County,2018-03,58
90266,Manhattan Beach,Los Angeles County,2018-06,63
90266,Manhattan Beach,Los Angeles County,2018-08,63
90266,Manhattan Beach,Los Angeles County,2018-11,52
90266,Manhattan Beach,Los Angeles County,2020-02,49
90266,Manhattan Beach,Los Angeles County,2020-05,61
90266,Manhattan Beach,Los Angeles County,2020-08,54
90266,Manhattan Beach,Los Angeles County,2020-10,55
90266,Manhattan Beach,Los Angeles County,2020-12,55
90266,Manhattan Beach,Los Angeles County,2021-02,58
90266,Manhattan Beach,Los Angeles County,2022-11,63
90266,Manhattan Beach,Los Angeles County,2023-02,55
90266,Manhattan Beach,Los Angeles County,2024-06,63
90266,Manhattan Beach,Los Angeles County,2024-09,58
90266,Manhattan Beach,Los Angeles County,2024-11,54
90266,Manhattan Beach,Los Angeles County,2025-01,52
90266,Manhattan Beach,Los Angeles County,2025-03,63
90266,Manhattan Beach,Los Angeles County,2025-08,63
90266,Manhattan Beach,Los Angeles County,2025-12,53
90267,Manhattan Beach,Los Angeles County,2023-05,44
90270,Maywood,Los Angeles County,2013-02,63
90270,Maywood,Los Angeles County,2014-05,70
90270,Maywood,Los Angeles County,2015-11,52
90270,Maywood,Los Angeles County,2016-01,58
90270,Maywood,Los Angeles County,2016-07,46
90270,Maywood,Los Angeles County,2017-09,60
90270,Maywood,Los Angeles County,2017-10,65
90270,Maywood,Los Angeles County,2018-04,55
90270,Maywood,Los Angeles County,2019-06,48
90270,Maywood,Los Angeles County,2021-03,74
90270,Maywood,Los Angeles County,2021-06,54
90270,Maywood,Los Angeles County,2021-11,67
90270,Maywood,Los Angeles County,2023-03,33
90270,Maywood,Los Angeles County,2025-12,55
90272,Pacific Palisades,Los Angeles County,2012-07,61
90272,Pacific Palisades,Los Angeles County,2013-01,55
90272,Pacific Palisades,Los Angeles County,2013-05,67
90272,Pacific Palisades,Los Angeles County,2013-07,70
90272,Pacific Palisades,Los Angeles County,2013-12,56
90272,Pacific Palisades,Los Angeles County,2015-05,70
90272,Pacific Palisades,Los Angeles County,2016-02,58
90272,Pacific Palisades,Los Angeles County,2016-10,61
90272,Pacific Palisades,Los Angeles County,2017-04,61
90272,Pacific Palisades,Los Angeles County,2017-08,58
90272,Pacific Palisades,Los Angeles County,2018-01,61
90272,Pacific Palisades,Los Angeles County,2018-03,63
90272,Pacific Palisades,Los Angeles County,2019-08,50
90272,Pacific Palisades,Los Angeles County,2020-07,50
90272,Pacific Palisades,Los Angeles County,2020-12,50
90272,Pacific Palisades,Los Angeles County,2021-03,55
90272,Pacific Palisades,Los Angeles County,2022-11,52
90272,Pacific Palisades,Los Angeles County,2023-04,60
90272,Pacific Palisades,Los Angeles County,2025-12,48
90274,Palos Verdes Peninsula,Los Angeles County,2012-05,55
90274,Palos Verdes Peninsula,Los Angeles County,2013-03,67
90274,Palos Verdes Peninsula,Los Angeles County,2013-08,63
90274,Palos Verdes Peninsula,Los Angeles County,2013-12,58
90274,Palos Verdes Peninsula,Los Angeles County,2015-04,53
90274,Palos Verdes Peninsula,Los Angeles County,2015-06,61
90274,Palos Verdes Peninsula,Los Angeles County,2016-03,58
90274,Palos Verdes Peninsula,Los Angeles County,2016-09,51
90274,Palos Verdes Peninsula,Los Angeles County,2018-01,50
90274,Palos Verdes Peninsula,Los Angeles County,2019-02,48
90274,Palos Verdes Peninsula,Los Angeles County,2019-07,55
90274,Palos Verdes Peninsula,Los Angeles County,2020-06,55
90274,Palos Verdes Peninsula,Los Angeles County,2021-01,63
90274,Palos Verdes Peninsula,Los Angeles County,2021-12,75
90274,Palos Verdes Peninsula,Los Angeles County,2022-02,77
90274,Palos Verdes Peninsula,Los Angeles County,2022-05,83
90274,Palos Verdes Peninsula,Los Angeles County,2022-06,83
90274,Palos Verdes Peninsula,Los Angeles County,2025-03,61
90275,Rancho Palos Verdes,Los Angeles County,2012-04,55
90275,Rancho Palos Verdes,Los Angeles County,2016-03,56
90275,Rancho Palos Verdes,Los Angeles County,2016-06,65
90275,Rancho Palos Verdes,Los Angeles County,2016-11,58
90275,Rancho Palos Verdes,Los Angeles County,2018-03,67
90275,Rancho Palos Verdes,Los Angeles County,2018-08,67
90275,Rancho Palos Verdes,Los Angeles County,2020-07,65
90275,Rancho Palos Verdes,Los Angeles County,2022-05,93
90275,Rancho Palos Verdes,Los Angeles County,2022-07,89
90275,Rancho Palos Verdes,Los Angeles County,2023-03,65
90275,Rancho Palos Verdes,Los Angeles County,2023-08,77
90275,Rancho Palos Verdes,Los Angeles County,2024-10,61
90275,Rancho Palos Verdes,Los Angeles County,2025-09,58
90275,Rancho Palos Verdes,Los Angeles County,2025-12,50
90277,Redondo Beach,Los Angeles County,2013-09,71
90277,Redondo Beach,Los Angeles County,2013-11,63
90277,Redondo Beach,Los Angeles County,2014-05,77
90277,Redondo Beach,Los Angeles County,2014-08,74
90277,Redondo Beach,Los Angeles County,2014-09,69
90277,Redondo Beach,Los Angeles County,2014-12,61
90277,Redondo Beach,Los Angeles County,2018-02,58
90277,Redondo Beach,Los Angeles County,2019-03,55
90277,Redondo Beach,Los Angeles County,2020-06,61
90277,Redondo Beach,Los Angeles County,2021-02,69
90277,Redondo Beach,Los Angeles County,2023-02,58
90277,Redondo Beach,Los Angeles County,2023-04,74
90277,Redondo Beach,Los Angeles County,2023-07,80
90277,Redondo Beach,Los Angeles County,2024-12,58
90277,Redondo Beach,Los Angeles County,2025-01,58
90277,Redondo Beach,Los Angeles County,2025-02,65
90278,Redondo Beach,Los Angeles County,2012-10,65
90278,Redondo Beach,Los Angeles County,2013-03,77
90278,Redondo Beach,Los Angeles County,2013-04,83
90278,Redondo Beach,Los Angeles County,2015-05,77
90278,Redondo Beach,Los Angeles County,2015-06,74
90278,Redondo Beach,Los Angeles County,2016-09,79
90278,Redondo Beach,Los Angeles County,2017-01,69
90278,Redondo Beach,Los Angeles County,2017-11,74
90278,Redondo Beach,Los Angeles County,2020-04,70
90278,Redondo Beach,Los Angeles County,2020-12,79
90278,Redondo Beach,Los Angeles County,2021-12,83
90278,Redondo Beach,Los Angeles County,2023-10,74
90278,Redondo Beach,Los Angeles County,2024-11,58
90278,Redondo Beach,Los Angeles County,2024-12,58
90280,South Gate,Los Angeles County,2012-04,47
90280,South Gate,Los Angeles County,2012-09,63
90280,South Gate,Los Angeles County,2013-07,79
90280,South Gate,Los Angeles County,2016-01,61
90280,South Gate,Los Angeles County,2017-02,58
90280,South Gate,Los Angeles County,2017-05,55
90280,South Gate,Los Angeles County,2018-01,58
90280,South Gate,Los Angeles County,2018-03,61
90280,South Gate,Los Angeles County,2019-08,63
90280,South Gate,Los Angeles County,2020-01,65
90280,South Gate,Los Angeles County,2020-04,63
90280,South Gate,Los Angeles County,2021-08,80
90280,South Gate,Los Angeles County,2021-12,70
90280,South Gate,Los Angeles County,2022-10,61
90280,South Gate,Los Angeles County,2022-12,56
90280,South Gate,Los Angeles County,2023-03,65
90280,South Gate,Los Angeles County,2024-08,67
90280,South Gate,Los Angeles County,2025-04,69
90290,Topanga,Los Angeles County,2012-11,55
90290,Topanga,Los Angeles County,2014-03,53
90290,Topanga,Los Angeles County,2014-07,49
90290,Topanga,Los Angeles County,2014-08,50
90290,Topanga,Los Angeles County,2015-09,47
90290,Topanga,Los Angeles County,2015-12,40
90290,Topanga,Los Angeles County,2017-03,52
90290,Topanga,Los Angeles County,2018-04,51
90290,Topanga,Los Angeles County,2018-09,54
90290,Topanga,Los Angeles County,2018-10,54
90290,Topanga,Los Angeles County,2019-07,47
90290,Topanga,Los Angeles County,2021-02,46
90290,Topanga,Los Angeles County,2021-10,67
90290,Topanga,Los Angeles County,2022-07,67
90290,Topanga,Los Angeles County,2023-03,63
90290,Topanga,Los Angeles County,2023-05,61
90290,Topanga,Los Angeles County,2023-07,61
90290,Topanga,Los Angeles County,2024-02,48
90290,Topanga,Los Angeles County,2024-11,44
90290,Topanga,Los Angeles County,2025-12,40
90291,Venice,Los Angeles County,2012-07,56
90291,Venice,Los Angeles County,2015-05,69
90291,Venice,Los Angeles County,2016-02,63
90291,Venice,Los Angeles County,2016-12,58
90291,Venice,Los Angeles County,2018-05,55
90291,Venice,Los Angeles County,2019-07,49
90291,Venice,Los Angeles County,2020-06,44
90291,Venice,Los Angeles County,2023-03,51
90292,Marina Del Rey,Los Angeles County,2013-03,74
90292,Marina Del Rey,Los Angeles County,2013-10,54
90292,Marina Del Rey,Los Angeles County,2013-12,52
90292,Marina Del Rey,Los Angeles County,2014-11,56
90292,Marina Del Rey,Los Angeles County,2015-12,67
90292,Marina Del Rey,Los Angeles County,2018-07,67
90292,Marina Del Rey,Los Angeles County,2019-01,52
90292,Marina Del Rey,Los Angeles County,2020-06,52
90292,Marina Del Rey,Los Angeles County,2020-08,50
90292,Marina Del Rey,Los Angeles County,2020-09,50
90292,Marina Del Rey,Los Angeles County,2020-10,58
90292,Marina Del Rey,Los Angeles County,2021-04,60
90292,Marina Del Rey,Los Angeles County,2021-08,58
90292,Marina Del Rey,Los Angeles County,2021-12,61
90292,Marina Del Rey,Los Angeles County,2022-02,61
90292,Marina Del Rey,Los Angeles County,2022-07,67
90292,Marina Del Rey,Los Angeles County,2025-02,44
90293,Playa Del Rey,Los Angeles County,2012-04,44
90293,Playa Del Rey,Los Angeles County,2012-05,44
90293,Playa Del Rey,Los Angeles County,2012-08,52
90293,Playa Del Rey,Los Angeles County,2012-11,65
90293,Playa Del Rey,Los Angeles County,2013-12,61
90293,Playa Del Rey,Los Angeles County,2014-06,63
90293,Playa Del Rey,Los Angeles County,2015-05,83
90293,Playa Del Rey,Los Angeles County,2015-07,87
90293,Playa Del Rey,Los Angeles County,2016-02,70
90293,Playa Del Rey,Los Angeles County,2016-03,71
90293,Playa Del Rey,Los Angeles County,2017-04,61
90293,Playa Del Rey,Los Angeles County,2017-07,83
90293,Playa Del Rey,Los Angeles County,2017-12,83
90293,Playa Del Rey,Los Angeles County,2019-12,54
90293,Playa Del Rey,Los Angeles County,2021-01,56
90293,Playa Del Rey,Los Angeles County,2022-04,83
90293,Playa Del Rey,Los Angeles County,2022-12,50
90293,Playa Del Rey,Los Angeles County,2023-04,72
90293,Playa Del Rey,Los Angeles County,2023-06,74
90293,Playa Del Rey,Los Angeles County,2024-01,52
90293,Playa Del Rey,Los Angeles County,2024-05,48
90301,Inglewood,Los Angeles County,2013-04,80
90301,Inglewood,Los Angeles County,2013-09,65
90301,Inglewood,Los Angeles County,2014-11,56
90301,Inglewood,Los Angeles County,2015-07,77
90301,Inglewood,Los Angeles County,2015-08,77
90301,Inglewood,Los Angeles County,2016-08,93
90301,Inglewood,Los Angeles County,2017-02,61
90301,Inglewood,Los Angeles County,2017-04,70
90301,Inglewood,Los Angeles County,2017-12,60
90301,Inglewood,Los Angeles County,2018-02,65
90301,Inglewood,Los Angeles County,2018-06,74
90301,Inglewood,Los Angeles County,2019-07,50
90301,Inglewood,Los Angeles County,2021-01,58
90301,Inglewood,Los Angeles County,2021-03,55
90301,Inglewood,Los Angeles County,2022-01,58
90301,Inglewood,Los Angeles County,2022-11,54
90301,Inglewood,Los Angeles County,2023-01,48
90301,Inglewood,Los Angeles County,2023-03,47
90301,Inglewood,Los Angeles County,2023-04,47
90301,Inglewood,Los Angeles County,2023-06,61
90301,Inglewood,Los Angeles County,2023-09,63
90301,Inglewood,Los Angeles County,2024-03,40
90302,Inglewood,Los Angeles County,2013-04,80
90302,Inglewood,Los Angeles County,2013-11,75
90302,Inglewood,Los Angeles County,2014-05,58
90302,Inglewood,Los Angeles County,2014-06,63
90302,Inglewood,Los Angeles County,2014-12,52
90302,Inglewood,Los Angeles County,2016-09,74
90302,Inglewood,Los Angeles County,2016-10,77
90302,Inglewood,Los Angeles County,2016-11,70
90302,Inglewood,Los Angeles County,2017-11,63
90302,Inglewood,Los Angeles County,2018-05,69
90302,Inglewood,Los Angeles County,2021-02,63
90302,Inglewood,Los Angeles County,2022-05,79
90302,Inglewood,Los Angeles County,2024-01,56
90302,Inglewood,Los Angeles County,2024-04,60
90302,Inglewood,Los Angeles County,2024-10,48
90303,Inglewood,Los Angeles County,2012-08,58
90303,Inglewood,Los Angeles County,2013-05,74
90303,Inglewood,Los Angeles County,2014-07,79
90303,Inglewood,Los Angeles County,2015-07,63
90303,Inglewood,Los Angeles County,2016-03,70
90303,Inglewood,Los Angeles County,2017-04,56
90303,Inglewood,Los Angeles County,2017-06,69
90303,Inglewood,Los Angeles County,2017-11,54
90303,Inglewood,Los Angeles County,2017-12,53
90303,Inglewood,Los Angeles County,2018-08,58
90303,Inglewood,Los Angeles County,2020-02,55
90303,Inglewood,Los Angeles County,2022-03,61
90303,Inglewood,Los Angeles County,2025-05,47
90303,Inglewood,Los Angeles County,2025-07,52
90303,Inglewood,Los Angeles County,2025-08,54
90304,Inglewood,Los Angeles County,2013-09,71
90304,Inglewood,Los Angeles County,2014-02,49
90304,Inglewood,Los Angeles County,2014-06,79
90304,Inglewood,Los Angeles County,2015-05,61
90304,Inglewood,Los Angeles County,2015-06,55
90304,Inglewood,Los Angeles County,2015-12,52
90304,Inglewood,Los Angeles County,2016-01,52
90304,Inglewood,Los Angeles County,2018-02,65
90304,Inglewood,Los Angeles County,2018-11,51
90304,Inglewood,Los Angeles County,2019-04,53
90304,Inglewood,Los Angeles County,2019-09,63
90304,Inglewood,Los Angeles County,2019-11,55
90304,Inglewood,Los Angeles County,2021-01,61
90304,Inglewood,Los Angeles County,2021-04,77
90304,Inglewood,Los Angeles County,2021-05,61
90304,Inglewood,Los Angeles County,2024-02,44
90304,Inglewood,Los Angeles County,2024-04,49
90304,Inglewood,Los Angeles County,2025-11,49
90305,Inglewood,Los Angeles County,2013-06,70
90305,Inglewood,Los Angeles County,2013-12,71
90305,Inglewood,Los Angeles County,2014-10,69
90305,Inglewood,Los Angeles County,2016-05,77
90305,Inglewood,Los Angeles County,2017-06,83
90305,Inglewood,Los Angeles County,2018-03,72
90305,Inglewood,Los Angeles County,2018-09,61
90305,Inglewood,Los Angeles County,2019-07,67
90305,Inglewood,Los Angeles County,2020-04,61
90305,Inglewood,Los Angeles County,2020-07,63
90305,Inglewood,Los Angeles County,2021-01,74
90305,Inglewood,Los Angeles County,2022-06,70
90305,Inglewood,Los Angeles County,2023-01,51
90305,Inglewood,Los Angeles County,2023-10,50
90305,Inglewood,Los Angeles County,2024-01,50
90305,Inglewood,Los Angeles County,2024-05,58
90305,Inglewood,Los Angeles County,2024-07,58
90305,Inglewood,Los Angeles County,2024-09,50
90305,Inglewood,Los Angeles County,2025-08,55
90401,Santa Monica,Los Angeles County,2012-07,52
90401,Santa Monica,Los Angeles County,2012-09,51
90401,Santa Monica,Los Angeles County,2012-12,65
90401,Santa Monica,Los Angeles County,2013-01,61
90401,Santa Monica,Los Angeles County,2014-02,61
90401,Santa Monica,Los Angeles County,2014-08,55
90401,Santa Monica,Los Angeles County,2016-05,37
90401,Santa Monica,Los Angeles County,2016-10,74
90401,Santa Monica,Los Angeles County,2017-02,49
90401,Santa Monica,Los Angeles County,2017-03,58
90401,Santa Monica,Los Angeles County,2019-04,52
90401,Santa Monica,Los Angeles County,2019-07,52
90401,Santa Monica,Los Angeles County,2020-02,37
90401,Santa Monica,Los Angeles County,2022-06,60
90401,Santa Monica,Los Angeles County,2022-07,55
90401,Santa Monica,Los Angeles County,2023-02,40
90401,Santa Monica,Los Angeles County,2023-06,54
90401,Santa Monica,Los Angeles County,2024-02,44
90401,Santa Monica,Los Angeles County,2025-01,44
90401,Santa Monica,Los Angeles County,2025-05,41
90401,Santa Monica,Los Angeles County,2025-11,44
90401,Santa Monica,Los Angeles County,2025-12,46
90402,Santa Monica,Los Angeles County,2013-04,61
90402,Santa Monica,Los Angeles County,2013-05,60
90402,Santa Monica,Los Angeles County,2014-02,49
90402,Santa Monica,Los Angeles County,2014-09,58
90402,Santa Monica,Los Angeles County,2017-10,61
90402,Santa Monica,Los Angeles County,2017-12,63
90402,Santa Monica,Los Angeles County,2019-01,47
90402,Santa Monica,Los Angeles County,2019-05,61
90402,Santa Monica,Los Angeles County,2020-06,58
90402,Santa Monica,Los Angeles County,2020-08,52
90402,Santa Monica,Los Angeles County,2021-09,63
90402,Santa Monica,Los Angeles County,2022-01,58
90402,Santa Monica,Los Angeles County,2022-10,51
90402,Santa Monica,Los Angeles County,2023-05,55
90402,Santa Monica,Los Angeles County,2024-12,51
90402,Santa Monica,Los Angeles County,2025-08,51
90403,Santa Monica,Los Angeles County,2012-03,46
90403,Santa Monica,Los Angeles County,2012-08,65
90403,Santa Monica,Los Angeles County,2013-05,80
90403,Santa Monica,Los Angeles County,2013-06,77
90403,Santa Monica,Los Angeles County,2013-07,83
90403,Santa Monica,Los Angeles County,2013-08,83
90403,Santa Monica,Los Angeles County,2013-12,89
90403,Santa Monica,Los Angeles County,2015-01,74
90403,Santa Monica,Los Angeles County,2016-06,74
90403,Santa Monica,Los Angeles County,2016-07,74
90403,Santa Monica,Los Angeles County,2017-04,79
90403,Santa Monica,Los Angeles County,2017-12,70
90403,Santa Monica,Los Angeles County,2018-11,61
90403,Santa Monica,Los Angeles County,2019-01,65
90403,Santa Monica,Los Angeles County,2020-02,54
90403,Santa Monica,Los Angeles County,2020-06,63
90403,Santa Monica,Los Angeles County,2021-02,50
90403,Santa Monica,Los Angeles County,2021-12,61
90403,Santa Monica,Los Angeles County,2022-08,63
90403,Santa Monica,Los Angeles County,2022-12,58
90403,Santa Monica,Los Angeles County,2024-08,50
90403,Santa Monica,Los Angeles County,2025-03,49
90403,Santa Monica,Los Angeles County,2025-05,61
90404,Santa Monica,Los Angeles County,2012-11,65
90404,Santa Monica,Los Angeles County,2013-03,70
90404,Santa Monica,Los Angeles County,2013-11,65
90404,Santa Monica,Los Angeles County,2013-12,65
90404,Santa Monica,Los Angeles County,2014-07,74
90404,Santa Monica,Los Angeles County,2015-03,75
90404,Santa Monica,Los Angeles County,2015-06,77
90404,Santa Monica,Los Angeles County,2015-07,74
90404,Santa Monica,Los Angeles County,2016-03,79
90404,Santa Monica,Los Angeles County,2016-05,83
90404,Santa Monica,Los Angeles County,2016-11,60
90404,Santa Monica,Los Angeles County,2016-12,61
90404,Santa Monica,Los Angeles County,2018-04,71
90404,Santa Monica,Los Angeles County,2019-01,54
90404,Santa Monica,Los Angeles County,2019-03,63
90404,Santa Monica,Los Angeles County,2019-06,55
90404,Santa Monica,Los Angeles County,2019-08,58
90404,Santa Monica,Los Angeles County,2020-05,65
90404,Santa Monica,Los Angeles County,2021-10,58
90404,Santa Monica,Los Angeles County,2022-11,58
90404,Santa Monica,Los Angeles County,2022-12,55
90404,Santa Monica,Los Angeles County,2023-08,58
90404,Santa Monica,Los Angeles County,2024-02,52
90404,Santa Monica,Los Angeles County,2024-06,58
90404,Santa Monica,Los Angeles County,2024-07,55
90405,Santa Monica,Los Angeles County,2012-11,63
90405,Santa Monica,Los Angeles County,2014-03,69
90405,Santa Monica,Los Angeles County,2014-09,75
90405,Santa Monica,Los Angeles County,2015-05,80
90405,Santa Monica,Los Angeles County,2015-08,77
90405,Santa Monica,Los Angeles County,2015-11,79
90405,Santa Monica,Los Angeles County,2015-12,77
90405,Santa Monica,Los Angeles County,2016-03,72
90405,Santa Monica,Los Angeles County,2016-12,63
90405,Santa Monica,Los Angeles County,2017-07,77
90405,Santa Monica,Los Angeles County,2019-08,54
90405,Santa Monica,Los Angeles County,2019-11,56
90405,Santa Monica,Los Angeles County,2022-06,83
90405,Santa Monica,Los Angeles County,2022-10,63
90405,Santa Monica,Los Angeles County,2022-12,56
90405,Santa Monica,Los Angeles County,2023-03,55
90405,Santa Monica,Los Angeles County,2024-09,61
90405,Santa Monica,Los Angeles County,2025-04,63
90405,Santa Monica,Los Angeles County,2025-12,44
90408,Santa Monica,Los Angeles County,2012-10,75
90408,Santa Monica,Los Angeles County,2013-04,32
90408,Santa Monica,Los Angeles County,2017-11,61
90408,Santa Monica,Los Angeles County,2019-12,61
90408,Santa Monica,Los Angeles County,2021-01,69
90408,Santa Monica,Los Angeles County,2025-11,55
90501,Torrance,Los Angeles County,2012-06,61
90501,Torrance,Los Angeles County,2013-12,60
90501,Torrance,Los Angeles County,2014-12,53
90501,Torrance,Los Angeles County,2016-06,67
90501,Torrance,Los Angeles County,2017-02,65
90501,Torrance,Los Angeles County,2017-10,69
90501,Torrance,Los Angeles County,2017-12,58
90501,Torrance,Los Angeles County,2019-04,58
90501,Torrance,Los Angeles County,2019-11,67
90501,Torrance,Los Angeles County,2020-06,74
90501,Torrance,Los Angeles County,2020-10,75
90501,Torrance,Los Angeles County,2021-02,70
90501,Torrance,Los Angeles County,2021-05,79
90501,Torrance,Los Angeles County,2023-03,69
90501,Torrance,Los Angeles County,2023-05,70
90501,Torrance,Los Angeles County,2024-09,67
90501,Torrance,Los Angeles County,2024-12,61
90502,Torrance,Los Angeles County,2012-03,58
90502,Torrance,Los Angeles County,2013-11,75
90502,Torrance,Los Angeles County,2014-05,77
90502,Torrance,Los Angeles County,2014-06,74
90502,Torrance,Los Angeles County,2014-12,69
90502,Torrance,Los Angeles County,2015-11,65
90502,Torrance,Los Angeles County,2016-10,72
90502,Torrance,Los Angeles County,2017-07,72
90502,Torrance,Los Angeles County,2017-09,70
90502,Torrance,Los Angeles County,2019-04,55
90502,Torrance,Los Angeles County,2020-02,56
90502,Torrance,Los Angeles County,2020-04,67
90502,Torrance,Los Angeles County,2020-12,80
90502,Torrance,Los Angeles County,2021-05,80
90502,Torrance,Los Angeles County,2021-10,80
90502,Torrance,Los Angeles County,2022-07,91
90502,Torrance,Los Angeles County,2022-08,77
90502,Torrance,Los Angeles County,2023-02,61
90502,Torrance,Los Angeles County,2023-12,63
90502,Torrance,Los Angeles County,2024-03,74
90502,Torrance,Los Angeles County,2024-08,61
90502,Torrance,Los Angeles County,2024-11,60
90502,Torrance,Los Angeles County,2025-02,67
90502,Torrance,Los Angeles County,2025-08,65
90502,Torrance,Los Angeles County,2025-10,56
90503,Torrance,Los Angeles County,2012-06,63
90503,Torrance,Los Angeles County,2015-01,61
90503,Torrance,Los Angeles County,2015-11,69
90503,Torrance,Los Angeles County,2017-02,77
90503,Torrance,Los Angeles County,2017-03,77
90503,Torrance,Los Angeles County,2019-08,74
90503,Torrance,Los Angeles County,2020-10,79
90503,Torrance,Los Angeles County,2022-02,91
90503,Torrance,Los Angeles County,2024-08,80
90503,Torrance,Los Angeles County,2024-10,75
90503,Torrance,Los Angeles County,2025-02,77
90503,Torrance,Los Angeles County,2025-05,72
90503,Torrance,Los Angeles County,2025-10,69
90504,Torrance,Los Angeles County,2012-10,74
90504,Torrance,Los Angeles County,2014-01,75
90504,Torrance,Los Angeles County,2014-05,77
90504,Torrance,Los Angeles County,2016-03,60
90504,Torrance,Los Angeles County,2016-11,75
90504,Torrance,Los Angeles County,2017-01,74
90504,Torrance,Los Angeles County,2018-01,74
90504,Torrance,Los Angeles County,2018-10,65
90504,Torrance,Los Angeles County,2022-09,77
90504,Torrance,Los Angeles County,2022-12,69
90504,Torrance,Los Angeles County,2024-05,83
90504,Torrance,Los Angeles County,2025-02,79
90504,Torrance,Los Angeles County,2025-04,83
90505,Torrance,Los Angeles County,2012-08,67
90505,Torrance,Los Angeles County,2013-01,65
90505,Torrance,Los Angeles County,2013-02,70
90505,Torrance,Los Angeles County,2015-07,69
90505,Torrance,Los Angeles County,2016-02,61
90505,Torrance,Los Angeles County,2016-06,69
90505,Torrance,Los Angeles County,2017-04,71
90505,Torrance,Los Angeles County,2017-06,77
90505,Torrance,Los Angeles County,2017-07,75
90505,Torrance,Los Angeles County,2017-10,67
90505,Torrance,Los Angeles County,2017-11,58
90505,Torrance,Los Angeles County,2018-03,74
90505,Torrance,Los Angeles County,2018-12,60
90505,Torrance,Los Angeles County,2019-05,71
90505,Torrance,Los Angeles County,2020-06,65
90505,Torrance,Los Angeles County,2020-12,74
90505,Torrance,Los Angeles County,2021-02,77
90505,Torrance,Los Angeles County,2021-11,83
90505,Torrance,Los Angeles County,2022-02,87
90505,Torrance,Los Angeles County,2022-08,79
90505,Torrance,Los Angeles County,2024-08,77
90505,Torrance,Los Angeles County,2024-09,74
90505,Torrance,Los Angeles County,2024-10,71
90505,Torrance,Los Angeles County,2025-02,65
90505,Torrance,Los Angeles County,2025-03,67
90505,Torrance,Los Angeles County,2025-05,69
90601,Whittier,Los Angeles County,2012-04,48
90601,Whittier,Los Angeles County,2013-08,77
90601,Whittier,Los Angeles County,2013-09,75
90601,Whittier,Los Angeles County,2014-01,69
90601,Whittier,Los Angeles County,2014-04,75
90601,Whittier,Los Angeles County,2015-01,63
90601,Whittier,Los Angeles County,2015-04,58
90601,Whittier,Los Angeles County,2015-11,63
90601,Whittier,Los Angeles County,2017-02,55
90601,Whittier,Los Angeles County,2018-01,58
90601,Whittier,Los Angeles County,2018-07,65
90601,Whittier,Los Angeles County,2018-11,55
90601,Whittier,Los Angeles County,2019-08,58
90601,Whittier,Los Angeles County,2019-09,60
90601,Whittier,Los Angeles County,2020-02,56
90601,Whittier,Los Angeles County,2022-01,83
90601,Whittier,Los Angeles County,2024-02,58
90601,Whittier,Los Angeles County,2025-01,61
90601,Whittier,Los Angeles County,2025-08,71
90602,Whittier,Los Angeles County,2012-07,53
90602,Whittier,Los Angeles County,2015-01,44
90602,Whittier,Los Angeles County,2015-05,61
90602,Whittier,Los Angeles County,2015-06,63
90602,Whittier,Los Angeles County,2016-11,51
90602,Whittier,Los Angeles County,2018-04,55
90602,Whittier,Los Angeles County,2018-08,67
90602,Whittier,Los Angeles County,2019-02,47
90602,Whittier,Los Angeles County,2019-11,61
90602,Whittier,Los Angeles County,2020-05,60
90602,Whittier,Los Angeles County,2020-12,70
90602,Whittier,Los Angeles County,2021-03,80
90602,Whittier,Los Angeles County,2022-06,83
90602,Whittier,Los Angeles County,2022-09,70
90602,Whittier,Los Angeles County,2023-08,72
90602,Whittier,Los Angeles County,2024-08,71
90602,Whittier,Los Angeles County,2025-01,52
90603,Whittier,Los Angeles County,2014-12,55
90603,Whittier,Los Angeles County,2015-01,52
90603,Whittier,Los Angeles County,2015-04,54
90603,Whittier,Los Angeles County,2017-03,65
90603,Whittier,Los Angeles County,2017-07,61
90603,Whittier,Los Angeles County,2018-03,61
90603,Whittier,Los Angeles County,2018-04,67
90603,Whittier,Los Angeles County,2020-11,79
90603,Whittier,Los Angeles County,2020-12,79
90603,Whittier,Los Angeles County,2021-10,83
90603,Whittier,Los Angeles County,2022-04,83
90603,Whittier,Los Angeles County,2022-09,74
90603,Whittier,Los Angeles County,2023-07,83
90603,Whittier,Los Angeles County,2024-01,67
90603,Whittier,Los Angeles County,2025-03,63
90604,Whittier,Los Angeles County,2013-06,83
90604,Whittier,Los Angeles County,2013-09,75
90604,Whittier,Los Angeles County,2013-12,65
90604,Whittier,Los Angeles County,2015-11,65
90604,Whittier,Los Angeles County,2017-02,58
90604,Whittier,Los Angeles County,2017-11,65
90604,Whittier,Los Angeles County,2018-08,63
90604,Whittier,Los Angeles County,2019-02,52
90604,Whittier,Los Angeles County,2022-01,89
90604,Whittier,Los Angeles County,2022-02,83
90604,Whittier,Los Angeles County,2024-03,79
90605,Whittier,Los Angeles County,2012-10,63
90605,Whittier,Los Angeles County,2013-06,74
90605,Whittier,Los Angeles County,2013-11,74
90605,Whittier,Los Angeles County,2015-09,63
90605,Whittier,Los Angeles County,2016-01,53
90605,Whittier,Los Angeles County,2018-02,61
90605,Whittier,Los Angeles County,2018-10,56
90605,Whittier,Los Angeles County,2018-11,56
90605,Whittier,Los Angeles County,2018-12,61
90605,Whittier,Los Angeles County,2020-02,72
90605,Whittier,Los Angeles County,2021-10,80
90605,Whittier,Los Angeles County,2022-02,83
90605,Whittier,Los Angeles County,2022-06,91
90605,Whittier,Los Angeles County,2023-02,54
90605,Whittier,Los Angeles County,2023-12,69
90605,Whittier,Los Angeles County,2024-01,58
90605,Whittier,Los Angeles County,2024-06,74
90605,Whittier,Los Angeles County,2025-08,61
90606,Whittier,Los Angeles County,2012-11,58
90606,Whittier,Los Angeles County,2012-12,61
90606,Whittier,Los Angeles County,2015-12,63
90606,Whittier,Los Angeles County,2018-05,87
90606,Whittier,Los Angeles County,2019-05,60
90606,Whittier,Los Angeles County,2019-10,72
90606,Whittier,Los Angeles County,2020-06,83
90606,Whittier,Los Angeles County,2021-01,74
90606,Whittier,Los Angeles County,2021-09,83
90606,Whittier,Los Angeles County,2022-01,79
90606,Whittier,Los Angeles County,2022-11,67
90606,Whittier,Los Angeles County,2023-08,72
90606,Whittier,Los Angeles County,2024-09,80
90607,Whittier,Los Angeles County,2013-05,75
90607,Whittier,Los Angeles County,2019-06,74
90607,Whittier,Los Angeles County,2020-10,74
90607,Whittier,Los Angeles County,2023-10,65
90620,Buena Park,Orange County,2013-08,74
90620,Buena Park,Orange County,2015-01,61
90620,Buena Park,Orange County,2015-09,67
90620,Buena Park,Orange County,2016-04,69
90620,Buena Park,Orange County,2017-03,65
90620,Buena Park,Orange County,2019-01,52
90620,Buena Park,Orange County,2019-05,67
90620,Buena Park,Orange County,2019-08,67
90620,Buena Park,Orange County,2019-12,69
90620,Buena Park,Orange County,2020-02,67
90620,Buena Park,Orange County,2020-12,83
90620,Buena Park,Orange County,2022-06,83
90620,Buena Park,Orange County,2024-07,75
90620,Buena Park,Orange County,2025-04,69
90620,Buena Park,Orange County,2025-06,70
90620,Buena Park,Orange County,2025-07,74
90620,Buena Park,Orange County,2025-10,65
90621,Buena Park,Orange County,2015-06,56
90621,Buena Park,Orange County,2016-07,63
90621,Buena Park,Orange County,2017-01,48
90621,Buena Park,Orange County,2018-08,58
90621,Buena Park,Orange County,2019-02,50
90621,Buena Park,Orange County,2019-09,63
90621,Buena Park,Orange County,2020-05,63
90621,Buena Park,Orange County,2021-04,74
90621,Buena Park,Orange County,2021-09,83
90621,Buena Park,Orange County,2022-05,87
90621,Buena Park,Orange County,2022-12,50
90621,Buena Park,Orange County,2023-10,74
90621,Buena Park,Orange County,2023-11,74
90621,Buena Park,Orange County,2023-12,63
90621,Buena Park,Orange County,2024-03,69
90621,Buena Park,Orange County,2024-07,77
90621,Buena Park,Orange County,2024-11,65
90621,Buena Park,Orange County,2025-07,63
90623,La Palma,Orange County,2012-04,58
90623,La Palma,Orange County,2015-02,52
90623,La Palma,Orange County,2015-08,61
90623,La Palma,Orange County,2016-05,61
90623,La Palma,Orange County,2017-06,72
90623,La Palma,Orange County,2018-06,70
90623,La Palma,Orange County,2018-12,51
90623,La Palma,Orange County,2019-07,67
90623,La Palma,Orange County,2019-09,61
90623,La Palma,Orange County,2020-08,70
90623,La Palma,Orange County,2020-10,75
90623,La Palma,Orange County,2021-10,77
90623,La Palma,Orange County,2021-11,75
90623,La Palma,Orange County,2023-10,80
90623,La Palma,Orange County,2024-07,77
90623,La Palma,Orange County,2024-09,80
90623,La Palma,Orange County,2025-09,70
90630,Cypress,Orange County,2012-07,63
90630,Cypress,Orange County,2012-10,65
90630,Cypress,Orange County,2013-06,80
90630,Cypress,Orange County,2013-08,72
90630,Cypress,Orange County,2013-09,71
90630,Cypress,Orange County,2014-03,63
90630,Cypress,Orange County,2014-05,69
90630,Cypress,Orange County,2014-06,67
90630,Cypress,Orange County,2015-03,63
90630,Cypress,Orange County,2015-06,67
90630,Cypress,Orange County,2016-01,55
90630,Cypress,Orange County,2017-01,60
90630,Cypress,Orange County,2017-02,63
90630,Cypress,Orange County,2017-08,65
90630,Cypress,Orange County,2017-11,58
90630,Cypress,Orange County,2019-02,50
90630,Cypress,Orange County,2019-05,61
90630,Cypress,Orange County,2020-07,75
90630,Cypress,Orange County,2023-01,60
90630,Cypress,Orange County,2023-03,67
90630,Cypress,Orange County,2023-08,83
90630,Cypress,Orange County,2025-01,72
90631,La Habra,Orange County,2012-04,48
90631,La Habra,Orange County,2012-08,61
90631,La Habra,Orange County,2012-09,56
90631,La Habra,Orange County,2013-03,74
90631,La Habra,Orange County,2013-11,70
90631,La Habra,Orange County,2016-03,63
90631,La Habra,Orange County,2016-04,65
90631,La Habra,Orange County,2016-12,60
90631,La Habra,Orange County,2018-12,54
90631,La Habra,Orange County,2019-07,58
90631,La Habra,Orange County,2020-01,58
90631,La Habra,Orange County,2020-05,74
90631,La Habra,Orange County,2020-06,75
90631,La Habra,Orange County,2022-09,67
90631,La Habra,Orange County,2023-03,67
90631,La Habra,Orange County,2023-04,77
90631,La Habra,Orange County,2023-05,80
90631,La Habra,Orange County,2024-08,74
90631,La Habra,Orange County,2025-05,67
90631,La Habra,Orange County,2025-10,61
90631,La Habra,Orange County,2025-11,61
90633,La Habra,Orange County,2019-12,80
90633,La Habra,Orange County,2020-10,39
90633,La Habra,Orange County,2023-11,44
90638,La Mirada,Los Angeles County,2013-09,83
90638,La Mirada,Los Angeles County,2014-03,70
90638,La Mirada,Los Angeles County,2014-04,71
90638,La Mirada,Los Angeles County,2014-09,70
90638,La Mirada,Los Angeles County,2015-12,58
90638,La Mirada,Los Angeles County,2016-02,63
90638,La Mirada,Los Angeles County,2017-09,70
90638,La Mirada,Los Angeles County,2018-08,67
90638,La Mirada,Los Angeles County,2018-12,52
90638,La Mirada,Los Angeles County,2019-04,63
90638,La Mirada,Los Angeles County,2020-02,70
90638,La Mirada,Los Angeles County,2020-05,77
90638,La Mirada,Los Angeles County,2020-08,75
90638,La Mirada,Los Angeles County,2020-10,79
90638,La Mirada,Los Angeles County,2022-02,91
90638,La Mirada,Los Angeles County,2022-05,91
90638,La Mirada,Los Angeles County,2022-09,74
90638,La Mirada,Los Angeles County,2022-11,61
90638,La Mirada,Los Angeles County,2024-03,74
90638,La Mirada,Los Angeles County,2024-11,74
90640,Montebello,Los Angeles County,2012-05,49
90640,Montebello,Los Angeles County,2012-08,58
90640,Montebello,Los Angeles County,2012-10,60
90640,Montebello,Los Angeles County,2013-11,65
90640,Montebello,Los Angeles County,2014-04,65
90640,Montebello,Los Angeles County,2014-11,63
90640,Montebello,Los Angeles County,2015-12,63
90640,Montebello,Los Angeles County,2016-03,60
90640,Montebello,Los Angeles County,2016-09,67
90640,Montebello,Los Angeles County,2017-01,61
90640,Montebello,Los Angeles County,2017-02,55
90640,Montebello,Los Angeles County,2017-08,63
90640,Montebello,Los Angeles County,2018-02,58
90640,Montebello,Los Angeles County,2019-04,61
90640,Montebello,Los Angeles County,2020-08,79
90640,Montebello,Los Angeles County,2020-12,70
90640,Montebello,Los Angeles County,2021-01,67
90640,Montebello,Los Angeles County,2021-07,79
90640,Montebello,Los Angeles County,2022-01,77
90640,Montebello,Los Angeles County,2022-04,87
90640,Montebello,Los Angeles County,2024-08,65
90640,Montebello,Los Angeles County,2024-12,56
90650,Norwalk,Los Angeles County,2014-07,77
90650,Norwalk,Los Angeles County,2014-10,71
90650,Norwalk,Los Angeles County,2014-12,65
90650,Norwalk,Los Angeles County,2017-02,65
90650,Norwalk,Los Angeles County,2017-04,67
90650,Norwalk,Los Angeles County,2017-07,77
90650,Norwalk,Los Angeles County,2017-09,75
90650,Norwalk,Los Angeles County,2017-12,70
90650,Norwalk,Los Angeles County,2019-07,71
90650,Norwalk,Los Angeles County,2019-08,74
90650,Norwalk,Los Angeles County,2020-05,79
90650,Norwalk,Los Angeles County,2020-12,83
90650,Norwalk,Los Angeles County,2023-06,87
90650,Norwalk,Los Angeles County,2024-08,83
90650,Norwalk,Los Angeles County,2024-09,83
90660,Pico Rivera,Los Angeles County,2014-11,63
90660,Pico Rivera,Los Angeles County,2015-01,65
90660,Pico Rivera,Los Angeles County,2017-01,63
90660,Pico Rivera,Los Angeles County,2018-04,72
90660,Pico Rivera,Los Angeles County,2018-06,72
90660,Pico Rivera,Los Angeles County,2019-08,69
90660,Pico Rivera,Los Angeles County,2020-01,61
90660,Pico Rivera,Los Angeles County,2020-04,74
90660,Pico Rivera,Los Angeles County,2020-06,74
90660,Pico Rivera,Los Angeles County,2021-03,77
90660,Pico Rivera,Los Angeles County,2021-04,83
90660,Pico Rivera,Los Angeles County,2021-09,83
90660,Pico Rivera,Los Angeles County,2022-02,87
90660,Pico Rivera,Los Angeles County,2023-02,55
90660,Pico Rivera,Los Angeles County,2023-10,77
90660,Pico Rivera,Los Angeles County,2024-09,74
90660,Pico Rivera,Los Angeles County,2025-01,67
90660,Pico Rivera,Los Angeles County,2025-02,65
90660,Pico Rivera,Los Angeles County,2025-10,63
90670,Santa Fe Springs,Los Angeles County,2013-08,87
90670,Santa Fe Springs,Los Angeles County,2013-12,83
90670,Santa Fe Springs,Los Angeles County,2014-08,65
90670,Santa Fe Springs,Los Angeles County,2015-09,63
90670,Santa Fe Springs,Los Angeles County,2016-09,72
90670,Santa Fe Springs,Los Angeles County,2016-11,69
90670,Santa Fe Springs,Los Angeles County,2017-02,52
90670,Santa Fe Springs,Los Angeles County,2019-11,67
90670,Santa Fe Springs,Los Angeles County,2020-01,77
90670,Santa Fe Springs,Los Angeles County,2020-06,70
90670,Santa Fe Springs,Los Angeles County,2021-09,77
90670,Santa Fe Springs,Los Angeles County,2021-11,77
90670,Santa Fe Springs,Los Angeles County,2022-02,89
90670,Santa Fe Springs,Los Angeles County,2022-04,93
90670,Santa Fe Springs,Los Angeles County,2022-09,65
90670,Santa Fe Springs,Los Angeles County,2024-11,56
90670,Santa Fe Springs,Los Angeles County,2025-02,72
90670,Santa Fe Springs,Los Angeles County,2025-05,80
90670,Santa Fe Springs,Los Angeles County,2025-09,56
90680,Stanton,Orange County,2013-06,77
90680,Stanton,Orange County,2014-02,58
90680,Stanton,Orange County,2014-09,55
90680,Stanton,Orange County,2014-12,49
90680,Stanton,Orange County,2015-03,60
90680,Stanton,Orange County,2015-07,63
90680,Stanton,Orange County,2015-11,61
90680,Stanton,Orange County,2017-05,74
90680,Stanton,Orange County,2019-07,63
90680,Stanton,Orange County,2019-09,65
90680,Stanton,Orange County,2020-07,74
90680,Stanton,Orange County,2021-04,77
90680,Stanton,Orange County,2022-11,58
90680,Stanton,Orange County,2023-09,83
90680,Stanton,Orange County,2025-06,74
90680,Stanton,Orange County,2025-11,65
90701,Artesia,Los Angeles County,2012-05,63
90701,Artesia,Los Angeles County,2012-11,67
90701,Artesia,Los Angeles County,2013-01,61
90701,Artesia,Los Angeles County,2013-02,58
90701,Artesia,Los Angeles County,2013-12,67
90701,Artesia,Los Angeles County,2014-06,61
90701,Artesia,Los Angeles County,2015-11,56
90701,Artesia,Los Angeles County,2017-02,52
90701,Artesia,Los Angeles County,2017-04,60
90701,Artesia,Los Angeles County,2017-08,58
90701,Artesia,Los Angeles County,2018-02,52
90701,Artesia,Los Angeles County,2019-04,47
90701,Artesia,Los Angeles County,2019-05,54
90701,Artesia,Los Angeles County,2020-02,49
90701,Artesia,Los Angeles County,2021-06,77
90701,Artesia,Los Angeles County,2021-11,74
90701,Artesia,Los Angeles County,2022-04,79
90701,Artesia,Los Angeles County,2023-11,67
90701,Artesia,Los Angeles County,2024-03,63
90701,Artesia,Los Angeles County,2024-07,65
90701,Artesia,Los Angeles County,2024-12,60
90701,Artesia,Los Angeles County,2025-07,58
90702,Artesia,Los Angeles County,2012-06,38
90702,Artesia,Los Angeles County,2016-08,60
90702,Artesia,Los Angeles County,2016-10,80
90702,Artesia,Los Angeles County,2016-11,63
90702,Artesia,Los Angeles County,2018-05,34
90702,Artesia,Los Angeles County,2021-04,58
90702,Artesia,Los Angeles County,2022-05,49
90702,Artesia,Los Angeles County,2022-08,65
90702,Artesia,Los Angeles County,2023-09,65
90702,Artesia,Los Angeles County,2024-01,56
90703,Cerritos,Los Angeles County,2013-08,71
90703,Cerritos,Los Angeles County,2014-08,72
90703,Cerritos,Los Angeles County,2014-09,69
90703,Cerritos,Los Angeles County,2014-12,54
90703,Cerritos,Los Angeles County,2015-03,58
90703,Cerritos,Los Angeles County,2015-12,55
90703,Cerritos,Los Angeles County,2016-05,61
90703,Cerritos,Los Angeles County,2017-07,63
90703,Cerritos,Los Angeles County,2017-09,65
90703,Cerritos,Los Angeles County,2018-01,58
90703,Cerritos,Los Angeles County,2019-01,53
90703,Cerritos,Los Angeles County,2019-03,53
90703,Cerritos,Los Angeles County,2019-11,58
90703,Cerritos,Los Angeles County,2022-10,70
90703,Cerritos,Los Angeles County,2024-03,83
90703,Cerritos,Los Angeles County,2024-04,80
90703,Cerritos,Los Angeles County,2024-10,74
90703,Cerritos,Los Angeles County,2025-07,71
90704,Avalon,Los Angeles County,2013-03,37
90704,Avalon,Los Angeles County,2013-10,35
90704,Avalon,Los Angeles County,2018-03,56
90704,Avalon,Los Angeles County,2018-06,54
90704,Avalon,Los Angeles County,2018-07,48
90704,Avalon,Los Angeles County,2019-02,52
90704,Avalon,Los Angeles County,2019-09,46
90704,Avalon,Los Angeles County,2020-06,40
90704,Avalon,Los Angeles County,2021-10,52
90704,Avalon,Los Angeles County,2022-04,83
90706,Bellflower,Los Angeles County,2012-10,65
90706,Bellflower,Los Angeles County,2012-11,69
90706,Bellflower,Los Angeles County,2013-01,69
90706,Bellflower,Los Angeles County,2014-03,65
90706,Bellflower,Los Angeles County,2014-07,67
90706,Bellflower,Los Angeles County,2017-07,61
90706,Bellflower,Los Angeles County,2019-09,58
90706,Bellflower,Los Angeles County,2020-11,74
90706,Bellflower,Los Angeles County,2020-12,77
90706,Bellflower,Los Angeles County,2021-01,74
90706,Bellflower,Los Angeles County,2021-03,75
90706,Bellflower,Los Angeles County,2021-06,80
90706,Bellflower,Los Angeles County,2022-03,83
90706,Bellflower,Los Angeles County,2022-04,80
90706,Bellflower,Los Angeles County,2023-02,61
90706,Bellflower,Los Angeles County,2024-08,67
90706,Bellflower,Los Angeles County,2025-04,67
90706,Bellflower,Los Angeles County,2025-09,67
90710,Harbor City,Los Angeles County,2012-12,65
90710,Harbor City,Los Angeles County,2013-10,71
90710,Harbor City,Los Angeles County,2014-08,65
90710,Harbor City,Los Angeles County,2016-12,63
90710,Harbor City,Los Angeles County,2017-01,56
90710,Harbor City,Los Angeles County,2017-09,61
90710,Harbor City,Los Angeles County,2018-02,58
90710,Harbor City,Los Angeles County,2018-05,71
90710,Harbor City,Los Angeles County,2018-07,67
90710,Harbor City,Los Angeles County,2019-03,65
90710,Harbor City,Los Angeles County,2019-05,56
90710,Harbor City,Los Angeles County,2019-06,63
90710,Harbor City,Los Angeles County,2019-08,67
90710,Harbor City,Los Angeles County,2019-11,53
90710,Harbor City,Los Angeles County,2020-01,53
90710,Harbor City,Los Angeles County,2020-04,63
90710,Harbor City,Los Angeles County,2021-10,79
90710,Harbor City,Los Angeles County,2023-08,77
90710,Harbor City,Los Angeles County,2025-06,63
90712,Lakewood,Los Angeles County,2014-09,67
90712,Lakewood,Los Angeles County,2017-06,75
90712,Lakewood,Los Angeles County,2018-03,74
90712,Lakewood,Los Angeles County,2020-08,77
90712,Lakewood,Los Angeles County,2020-10,80
90712,Lakewood,Los Angeles County,2021-10,80
90712,Lakewood,Los Angeles County,2022-06,87
90712,Lakewood,Los Angeles County,2023-01,77
90712,Lakewood,Los Angeles County,2023-06,83
90712,Lakewood,Los Angeles County,2023-11,77
90712,Lakewood,Los Angeles County,2024-08,75
90713,Lakewood,Los Angeles County,2012-03,58
90713,Lakewood,Los Angeles County,2014-01,72
90713,Lakewood,Los Angeles County,2014-02,69
90713,Lakewood,Los Angeles County,2014-03,74
90713,Lakewood,Los Angeles County,2014-05,72
90713,Lakewood,Los Angeles County,2015-02,65
90713,Lakewood,Los Angeles County,2015-10,65
90713,Lakewood,Los Angeles County,2015-12,75
90713,Lakewood,Los Angeles County,2016-07,71
90713,Lakewood,Los Angeles County,2018-09,63
90713,Lakewood,Los Angeles County,2019-11,71
90713,Lakewood,Los Angeles County,2020-04,80
90713,Lakewood,Los Angeles County,2021-06,93
90713,Lakewood,Los Angeles County,2022-05,87
90713,Lakewood,Los Angeles County,2022-07,83
90713,Lakewood,Los Angeles County,2024-06,83
90713,Lakewood,Los Angeles County,2024-08,79
90715,Lakewood,Los Angeles County,2012-12,83
90715,Lakewood,Los Angeles County,2013-02,89
90715,Lakewood,Los Angeles County,2016-01,61
90715,Lakewood,Los Angeles County,2016-06,67
90715,Lakewood,Los Angeles County,2016-10,65
90715,Lakewood,Los Angeles County,2017-04,67
90715,Lakewood,Los Angeles County,2017-05,67
90715,Lakewood,Los Angeles County,2019-01,58
90715,Lakewood,Los Angeles County,2020-02,65
90715,Lakewood,Los Angeles County,2020-04,72
90715,Lakewood,Los Angeles County,2021-02,75
90715,Lakewood,Los Angeles County,2021-03,77
90715,Lakewood,Los Angeles County,2022-09,71
90715,Lakewood,Los Angeles County,2023-06,79
90715,Lakewood,Los Angeles County,2023-08,83
90715,Lakewood,Los Angeles County,2023-10,83
90715,Lakewood,Los Angeles County,2023-11,75
90715,Lakewood,Los Angeles County,2025-09,52
90716,Hawaiian Gardens,Los Angeles County,2013-12,70
90716,Hawaiian Gardens,Los Angeles County,2014-04,65
90716,Hawaiian Gardens,Los Angeles County,2014-07,65
90716,Hawaiian Gardens,Los Angeles County,2014-11,65
90716,Hawaiian Gardens,Los Angeles County,2015-08,69
90716,Hawaiian Gardens,Los Angeles County,2015-12,48
90716,Hawaiian Gardens,Los Angeles County,2017-03,65
90716,Hawaiian Gardens,Los Angeles County,2017-09,71
90716,Hawaiian Gardens,Los Angeles County,2018-04,61
90716,Hawaiian Gardens,Los Angeles County,2018-05,61
90716,Hawaiian Gardens,Los Angeles County,2019-07,55
90716,Hawaiian Gardens,Los Angeles County,2019-08,61
90716,Hawaiian Gardens,Los Angeles County,2020-05,65
90716,Hawaiian Gardens,Los Angeles County,2021-02,75
90716,Hawaiian Gardens,Los Angeles County,2021-08,75
90716,Hawaiian Gardens,Los Angeles County,2021-09,72
90716,Hawaiian Gardens,Los Angeles County,2022-04,74
90716,Hawaiian Gardens,Los Angeles County,2022-06,63
90716,Hawaiian Gardens,Los Angeles County,2023-03,61
90716,Hawaiian Gardens,Los Angeles County,2023-12,60
90716,Hawaiian Gardens,Los Angeles County,2024-04,74
90716,Hawaiian Gardens,Los Angeles County,2025-05,60
90717,Lomita,Los Angeles County,2012-04,49
90717,Lomita,Los Angeles County,2012-10,67
90717,Lomita,Los Angeles County,2013-04,74
90717,Lomita,Los Angeles County,2013-08,83
90717,Lomita,Los Angeles County,2014-07,67
90717,Lomita,Los Angeles County,2016-09,63
90717,Lomita,Los Angeles County,2017-01,58
90717,Lomita,Los Angeles County,2017-07,67
90717,Lomita,Los Angeles County,2018-12,52
90717,Lomita,Los Angeles County,2019-02,58
90717,Lomita,Los Angeles County,2021-10,79
90717,Lomita,Los Angeles County,2023-03,72
90717,Lomita,Los Angeles County,2023-12,55
90717,Lomita,Los Angeles County,2024-02,61
90717,Lomita,Los Angeles County,2024-03,60
90717,Lomita,Los Angeles County,2024-04,71
90717,Lomita,Los Angeles County,2024-10,69
90717,Lomita,Los Angeles County,2024-11,72
90717,Lomita,Los Angeles County,2025-04,72
90717,Lomita,Los Angeles County,2025-08,63
90720,Los Alamitos,Orange County,2013-04,65
90720,Los Alamitos,Orange County,2014-07,65
90720,Los Alamitos,Orange County,2014-09,58
90720,Los Alamitos,Orange County,2015-07,55
90720,Los Alamitos,Orange County,2016-04,58
90720,Los Alamitos,Orange County,2018-11,54
90720,Los Alamitos,Orange County,2019-04,58
90720,Los Alamitos,Orange County,2019-06,55
90720,Los Alamitos,Orange County,2019-08,49
90720,Los Alamitos,Orange County,2020-05,71
90720,Los Alamitos,Orange County,2020-09,63
90720,Los Alamitos,Orange County,2021-09,77
90720,Los Alamitos,Orange County,2022-09,63
90720,Los Alamitos,Orange County,2023-05,70
90720,Los Alamitos,Orange County,2023-11,63
90720,Los Alamitos,Orange County,2024-03,74
90720,Los Alamitos,Orange County,2024-06,70
90723,Paramount,Los Angeles County,2014-04,77
90723,Paramount,Los Angeles County,2015-02,55
90723,Paramount,Los Angeles County,2016-02,60
90723,Paramount,Los Angeles County,2017-01,58
90723,Paramount,Los Angeles County,2018-04,67
90723,Paramount,Los Angeles County,2019-12,70
90723,Paramount,Los Angeles County,2020-05,67
90723,Paramount,Los Angeles County,2021-04,80
90723,Paramount,Los Angeles County,2022-02,74
90723,Paramount,Los Angeles County,2022-07,71
90723,Paramount,Los Angeles County,2022-08,70
90723,Paramount,Los Angeles County,2022-11,55
90723,Paramount,Los Angeles County,2023-06,80
90723,Paramount,Los Angeles County,2023-10,72
90723,Paramount,Los Angeles County,2023-11,77
90723,Paramount,Los Angeles County,2023-12,79
90723,Paramount,Los Angeles County,2024-02,77
90723,Paramount,Los Angeles County,2025-10,52
90731,San Pedro,Los Angeles County,2012-04,50
90731,San Pedro,Los Angeles County,2016-02,49
90731,San Pedro,Los Angeles County,2016-09,60
90731,San Pedro,Los Angeles County,2016-10,56
90731,San Pedro,Los Angeles County,2017-07,63
90731,San Pedro,Los Angeles County,2019-06,58
90731,San Pedro,Los Angeles County,2019-08,58
90731,San Pedro,Los Angeles County,2019-10,54
90731,San Pedro,Los Angeles County,2019-11,54
90731,San Pedro,Los Angeles County,2022-06,77
90731,San Pedro,Los Angeles County,2022-07,77
90731,San Pedro,Los Angeles County,2022-08,74
90731,San Pedro,Los Angeles County,2022-11,58
90731,San Pedro,Los Angeles County,2023-08,72
90731,San Pedro,Los Angeles County,2023-11,75
90731,San Pedro,Los Angeles County,2024-06,61
90731,San Pedro,Los Angeles County,2024-09,56
90731,San Pedro,Los Angeles County,2025-10,58
90732,San Pedro,Los Angeles County,2012-04,54
90732,San Pedro,Los Angeles County,2012-08,77
90732,San Pedro,Los Angeles County,2013-01,74
90732,San Pedro,Los Angeles County,2014-03,61
90732,San Pedro,Los Angeles County,2014-04,63
90732,San Pedro,Los Angeles County,2014-05,65
90732,San Pedro,Los Angeles County,2014-07,70
90732,San Pedro,Los Angeles County,2014-11,58
90732,San Pedro,Los Angeles County,2016-11,61
90732,San Pedro,Los Angeles County,2020-01,61
90732,San Pedro,Los Angeles County,2020-08,71
90732,San Pedro,Los Angeles County,2020-12,72
90732,San Pedro,Los Angeles County,2022-11,65
90732,San Pedro,Los Angeles County,2023-09,71
90732,San Pedro,Los Angeles County,2024-11,65
90732,San Pedro,Los Angeles County,2025-09,61
90740,Seal Beach,Orange County,2013-09,75
90740,Seal Beach,Orange County,2016-08,51
90740,Seal Beach,Orange County,2016-10,55
90740,Seal Beach,Orange County,2018-08,53
90740,Seal Beach,Orange County,2019-08,50
90740,Seal Beach,Orange County,2019-09,48
90740,Seal Beach,Orange County,2020-02,44
90740,Seal Beach,Orange County,2020-12,61
90740,Seal Beach,Orange County,2021-05,63
90740,Seal Beach,Orange County,2022-01,70
90740,Seal Beach,Orange County,2022-02,67
90740,Seal Beach,Orange County,2022-05,77
90740,Seal Beach,Orange County,2022-06,75
90740,Seal Beach,Orange County,2023-02,55
90740,Seal Beach,Orange County,2023-04,58
90740,Seal Beach,Orange County,2023-11,58
90740,Seal Beach,Orange County,2024-07,55
90740,Seal Beach,Orange County,2025-02,55
90740,Seal Beach,Orange County,2025-04,65
90743,Surfside,Orange County,2014-01,44
90743,Surfside,Orange County,2014-11,35
90743,Surfside,Orange County,2016-07,37
90743,Surfside,Orange County,2016-12,22
90743,Surfside,Orange County,2019-10,22
90743,Surfside,Orange County,2021-04,51
90743,Surfside,Orange County,2023-04,32
90743,Surfside,Orange County,2024-10,35
90743,Surfside,Orange County,2025-01,47
90744,Wilmington,Los Angeles County,2012-05,58
90744,Wilmington,Los Angeles County,2012-06,58
90744,Wilmington,Los Angeles County,2013-05,74
90744,Wilmington,Los Angeles County,2013-07,74
90744,Wilmington,Los Angeles County,2013-10,75
90744,Wilmington,Los Angeles County,2014-05,71
90744,Wilmington,Los Angeles County,2014-06,70
90744,Wilmington,Los Angeles County,2015-11,65
90744,Wilmington,Los Angeles County,2016-04,58
90744,Wilmington,Los Angeles County,2016-08,75
90744,Wilmington,Los Angeles County,2017-02,58
90744,Wilmington,Los Angeles County,2017-04,67
90744,Wilmington,Los Angeles County,2017-12,60
90744,Wilmington,Los Angeles County,2020-02,53
90744,Wilmington,Los Angeles County,2020-03,61
90744,Wilmington,Los Angeles County,2021-03,75
90744,Wilmington,Los Angeles County,2022-05,80
90744,Wilmington,Los Angeles County,2023-06,74
90744,Wilmington,Los Angeles County,2023-10,61
90745,Carson,Los Angeles County,2012-04,53
90745,Carson,Los Angeles County,2012-07,65
90745,Carson,Los Angeles County,2012-08,67
90745,Carson,Los Angeles County,2013-02,74
90745,Carson,Los Angeles County,2013-04,80
90745,Carson,Los Angeles County,2013-10,74
90745,Carson,Los Angeles County,2014-08,72
90745,Carson,Los Angeles County,2015-01,58
90745,Carson,Los Angeles County,2015-03,60
90745,Carson,Los Angeles County,2016-05,71
90745,Carson,Los Angeles County,2017-01,61
90745,Carson,Los Angeles County,2017-06,69
90745,Carson,Los Angeles County,2017-11,72
90745,Carson,Los Angeles County,2018-05,74
90745,Carson,Los Angeles County,2018-08,67
90745,Carson,Los Angeles County,2018-09,63
90745,Carson,Los Angeles County,2019-03,74
90745,Carson,Los Angeles County,2019-05,74
90745,Carson,Los Angeles County,2020-10,77
90745,Carson,Los Angeles County,2021-04,77
90745,Carson,Los Angeles County,2021-09,80
90745,Carson,Los Angeles County,2022-01,79
90745,Carson,Los Angeles County,2023-01,61
90745,Carson,Los Angeles County,2023-05,83
90745,Carson,Los Angeles County,2024-03,77
90745,Carson,Los Angeles County,2025-08,61
90746,Carson,Los Angeles County,2013-04,75
90746,Carson,Los Angeles County,2013-05,83
90746,Carson,Los Angeles County,2016-10,83
90746,Carson,Los Angeles County,2016-12,63
90746,Carson,Los Angeles County,2017-02,61
90746,Carson,Los Angeles County,2017-04,69
90746,Carson,Los Angeles County,2017-12,69
90746,Carson,Los Angeles County,2018-02,58
90746,Carson,Los Angeles County,2019-03,53
90746,Carson,Los Angeles County,2019-09,67
90746,Carson,Los Angeles County,2019-12,74
90746,Carson,Los Angeles County,2020-02,75
90746,Carson,Los Angeles County,2021-06,79
90746,Carson,Los Angeles County,2023-04,56
90746,Carson,Los Angeles County,2023-07,75
90746,Carson,Los Angeles County,2023-10,72
90746,Carson,Los Angeles County,2025-01,72
90746,Carson,Los Angeles County,2025-03,60
90746,Carson,Los Angeles County,2025-04,65
90746,Carson,Los Angeles County,2025-10,63
90746,Carson,Los Angeles County,2025-12,56
90755,Signal Hill,Los Angeles County,2012-09,58
90755,Signal Hill,Los Angeles County,2013-04,79
90755,Signal Hill,Los Angeles County,2013-11,71
90755,Signal Hill,Los Angeles County,2014-03,74
90755,Signal Hill,Los Angeles County,2017-01,53
90755,Signal Hill,Los Angeles County,2018-01,69
90755,Signal Hill,Los Angeles County,2018-11,55
90755,Signal Hill,Los Angeles County,2019-04,53
90755,Signal Hill,Los Angeles County,2019-11,53
90755,Signal Hill,Los Angeles County,2021-04,74
90755,Signal Hill,Los Angeles County,2023-05,71
90755,Signal Hill,Los Angeles County,2023-06,71
90755,Signal Hill,Los Angeles County,2024-05,77
90755,Signal Hill,Los Angeles County,2024-12,61
90755,Signal Hill,Los Angeles County,2025-03,49
90755,Signal Hill,Los Angeles County,2025-06,58
90802,Long Beach,Los Angeles County,2014-01,67
90802,Long Beach,Los Angeles County,2015-01,55
90802,Long Beach,Los Angeles County,2015-08,61
90802,Long Beach,Los Angeles County,2016-07,69
90802,Long Beach,Los Angeles County,2017-01,56
90802,Long Beach,Los Angeles County,2017-03,61
90802,Long Beach,Los Angeles County,2017-04,65
90802,Long Beach,Los Angeles County,2018-10,63
90802,Long Beach,Los Angeles County,2018-12,58
90802,Long Beach,Los Angeles County,2019-12,55
90802,Long Beach,Los Angeles County,2021-03,61
90802,Long Beach,Los Angeles County,2022-01,75
90802,Long Beach,Los Angeles County,2022-06,83
90802,Long Beach,Los Angeles County,2022-09,61
90802,Long Beach,Los Angeles County,2023-04,72
90802,Long Beach,Los Angeles County,2023-08,69
90802,Long Beach,Los Angeles County,2024-03,61
90802,Long Beach,Los Angeles County,2024-11,49
90803,Long Beach,Los Angeles County,2013-05,58
90803,Long Beach,Los Angeles County,2015-01,48
90803,Long Beach,Los Angeles County,2015-06,58
90803,Long Beach,Los Angeles County,2015-09,52
90803,Long Beach,Los Angeles County,2016-06,56
90803,Long Beach,Los Angeles County,2017-03,53
90803,Long Beach,Los Angeles County,2017-04,65
90803,Long Beach,Los Angeles County,2017-08,56
90803,Long Beach,Los Angeles County,2017-12,51
90803,Long Beach,Los Angeles County,2018-09,52
90803,Long Beach,Los Angeles County,2018-10,52
90803,Long Beach,Los Angeles County,2018-11,48
90803,Long Beach,Los Angeles County,2019-08,50
90803,Long Beach,Los Angeles County,2021-04,69
90803,Long Beach,Los Angeles County,2022-01,77
90803,Long Beach,Los Angeles County,2023-05,63
90803,Long Beach,Los Angeles County,2025-01,55
90803,Long Beach,Los Angeles County,2025-03,55
90804,Long Beach,Los Angeles County,2012-07,58
90804,Long Beach,Los Angeles County,2013-02,67
90804,Long Beach,Los Angeles County,2013-04,74
90804,Long Beach,Los Angeles County,2016-04,61
90804,Long Beach,Los Angeles County,2016-05,58
90804,Long Beach,Los Angeles County,2016-12,52
90804,Long Beach,Los Angeles County,2017-07,74
90804,Long Beach,Los Angeles County,2017-09,69
90804,Long Beach,Los Angeles County,2017-10,65
90804,Long Beach,Los Angeles County,2020-11,65
90804,Long Beach,Los Angeles County,2021-01,61
90804,Long Beach,Los Angeles County,2021-08,83
90804,Long Beach,Los Angeles County,2021-09,83
90804,Long Beach,Los Angeles County,2022-05,83
90804,Long Beach,Los Angeles County,2023-04,69
90804,Long Beach,Los Angeles County,2023-06,74
90804,Long Beach,Los Angeles County,2024-06,65
90804,Long Beach,Los Angeles County,2024-11,67
90804,Long Beach,Los Angeles County,2024-12,61
90805,Long Beach,Los Angeles County,2013-01,65
90805,Long Beach,Los Angeles County,2014-04,69
90805,Long Beach,Los Angeles County,2017-07,72
90805,Long Beach,Los Angeles County,2017-10,65
90805,Long Beach,Los Angeles County,2019-01,56
90805,Long Beach,Los Angeles County,2019-09,67
90805,Long Beach,Los Angeles County,2019-12,65
90805,Long Beach,Los Angeles County,2020-01,67
90805,Long Beach,Los Angeles County,2020-03,75
90805,Long Beach,Los Angeles County,2020-05,80
90805,Long Beach,Los Angeles County,2020-07,75
90805,Long Beach,Los Angeles County,2021-01,77
90805,Long Beach,Los Angeles County,2021-08,83
90805,Long Beach,Los Angeles County,2022-03,83
90805,Long Beach,Los Angeles County,2022-06,83
90805,Long Beach,Los Angeles County,2022-09,67
90805,Long Beach,Los Angeles County,2023-04,79
90805,Long Beach,Los Angeles County,2023-05,83
90806,Long Beach,Los Angeles County,2012-04,52
90806,Long Beach,Los Angeles County,2013-04,70
90806,Long Beach,Los Angeles County,2014-06,63
90806,Long Beach,Los Angeles County,2015-03,58
90806,Long Beach,Los Angeles County,2016-04,58
90806,Long Beach,Los Angeles County,2016-11,60
90806,Long Beach,Los Angeles County,2017-02,63
90806,Long Beach,Los Angeles County,2017-07,74
90806,Long Beach,Los Angeles County,2017-08,67
90806,Long Beach,Los Angeles County,2018-04,72
90806,Long Beach,Los Angeles County,2018-05,72
90806,Long Beach,Los Angeles County,2018-06,70
90806,Long Beach,Los Angeles County,2018-10,60
90806,Long Beach,Los Angeles County,2020-11,77
90806,Long Beach,Los Angeles County,2021-07,75
90806,Long Beach,Los Angeles County,2022-03,74
90806,Long Beach,Los Angeles County,2024-05,69
90806,Long Beach,Los Angeles County,2024-11,55
90807,Long Beach,Los Angeles County,2012-03,49
90807,Long Beach,Los Angeles County,2012-10,63
90807,Long Beach,Los Angeles County,2012-12,63
90807,Long Beach,Los Angeles County,2013-06,79
90807,Long Beach,Los Angeles County,2013-11,63
90807,Long Beach,Los Angeles County,2015-07,67
90807,Long Beach,Los Angeles County,2016-05,72
90807,Long Beach,Los Angeles County,2016-10,63
90807,Long Beach,Los Angeles County,2018-02,65
90807,Long Beach,Los Angeles County,2019-05,69
90807,Long Beach,Los Angeles County,2019-12,56
90807,Long Beach,Los Angeles County,2020-11,74
90807,Long Beach,Los Angeles County,2021-06,83
90807,Long Beach,Los Angeles County,2025-03,63
90807,Long Beach,Los Angeles County,2025-11,60
90808,Long Beach,Los Angeles County,2012-04,58
90808,Long Beach,Los Angeles County,2013-01,71
90808,Long Beach,Los Angeles County,2014-04,67
90808,Long Beach,Los Angeles County,2016-03,61
90808,Long Beach,Los Angeles County,2016-07,69
90808,Long Beach,Los Angeles County,2016-12,65
90808,Long Beach,Los Angeles County,2017-03,65
90808,Long Beach,Los Angeles County,2017-06,74
90808,Long Beach,Los Angeles County,2017-10,71
90808,Long Beach,Los Angeles County,2018-01,63
90808,Long Beach,Los Angeles County,2018-04,74
90808,Long Beach,Los Angeles County,2021-01,80
90808,Long Beach,Los Angeles County,2021-02,79
90808,Long Beach,Los Angeles County,2021-04,83
90808,Long Beach,Los Angeles County,2021-09,83
90808,Long Beach,Los Angeles County,2021-12,83
90808,Long Beach,Los Angeles County,2023-02,70
90808,Long Beach,Los Angeles County,2023-03,75
90808,Long Beach,Los Angeles County,2023-06,83
90808,Long Beach,Los Angeles County,2023-09,83
90808,Long Beach,Los Angeles County,2024-08,80
90809,Long Beach,Los Angeles County,2012-08,54
90809,Long Beach,Los Angeles County,2015-07,29
90810,Long Beach,Los Angeles County,2012-06,58
90810,Long Beach,Los Angeles County,2012-12,74
90810,Long Beach,Los Angeles County,2013-01,74
90810,Long Beach,Los Angeles County,2014-03,67
90810,Long Beach,Los Angeles County,2014-05,75
90810,Long Beach,Los Angeles County,2014-06,70
90810,Long Beach,Los Angeles County,2014-12,58
90810,Long Beach,Los Angeles County,2015-10,58
90810,Long Beach,Los Angeles County,2017-09,71
90810,Long Beach,Los Angeles County,2017-11,71
90810,Long Beach,Los Angeles County,2018-11,63
90810,Long Beach,Los Angeles County,2019-09,61
90810,Long Beach,Los Angeles County,2020-05,63
90810,Long Beach,Los Angeles County,2022-03,79
90810,Long Beach,Los Angeles County,2022-09,72
90810,Long Beach,Los Angeles County,2023-04,77
90810,Long Beach,Los Angeles County,2025-04,61
90813,Long Beach,Los Angeles County,2012-04,58
90813,Long Beach,Los Angeles County,2013-03,61
90813,Long Beach,Los Angeles County,2014-02,55
90813,Long Beach,Los Angeles County,2014-04,52
90813,Long Beach,Los Angeles County,2014-08,58
90813,Long Beach,Los Angeles County,2015-02,52
90813,Long Beach,Los Angeles County,2015-05,52
90813,Long Beach,Los Angeles County,2016-07,61
90813,Long Beach,Los Angeles County,2016-08,61
90813,Long Beach,Los Angeles County,2016-10,55
90813,Long Beach,Los Angeles County,2017-04,65
90813,Long Beach,Los Angeles County,2017-05,72
90813,Long Beach,Los Angeles County,2018-03,71
90813,Long Beach,Los Angeles County,2018-04,69
90813,Long Beach,Los Angeles County,2019-02,55
90813,Long Beach,Los Angeles County,2021-04,69
90813,Long Beach,Los Angeles County,2021-10,74
90813,Long Beach,Los Angeles County,2022-03,83
90813,Long Beach,Los Angeles County,2022-05,79
90813,Long Beach,Los Angeles County,2022-10,50
90813,Long Beach,Los Angeles County,2023-01,44
90813,Long Beach,Los Angeles County,2023-03,53
90813,Long Beach,Los Angeles County,2024-07,56
90813,Long Beach,Los Angeles County,2024-11,58
90814,Long Beach,Los Angeles County,2013-03,67
90814,Long Beach,Los Angeles County,2014-04,58
90814,Long Beach,Los Angeles County,2014-08,60
90814,Long Beach,Los Angeles County,2016-01,61
90814,Long Beach,Los Angeles County,2016-03,58
90814,Long Beach,Los Angeles County,2017-03,63
90814,Long Beach,Los Angeles County,2021-03,72
90814,Long Beach,Los Angeles County,2021-09,69
90814,Long Beach,Los Angeles County,2022-10,69
90814,Long Beach,Los Angeles County,2022-11,67
90814,Long Beach,Los Angeles County,2024-08,63
90814,Long Beach,Los Angeles County,2025-05,61
90814,Long Beach,Los Angeles County,2025-09,54
90814,Long Beach,Los Angeles County,2025-11,52
90815,Long Beach,Los Angeles County,2013-09,77
90815,Long Beach,Los Angeles County,2014-07,79
90815,Long Beach,Los Angeles County,2014-08,80
90815,Long Beach,Los Angeles County,2014-09,77
90815,Long Beach,Los Angeles County,2015-02,60
90815,Long Beach,Los Angeles County,2015-04,65
90815,Long Beach,Los Angeles County,2015-06,69
90815,Long Beach,Los Angeles County,2016-07,71
90815,Long Beach,Los Angeles County,2016-12,65
90815,Long Beach,Los Angeles County,2017-06,71
90815,Long Beach,Los Angeles County,2017-07,69
90815,Long Beach,Los Angeles County,2018-09,67
90815,Long Beach,Los Angeles County,2020-11,77
90815,Long Beach,Los Angeles County,2021-02,83
90815,Long Beach,Los Angeles County,2021-08,83
90815,Long Beach,Los Angeles County,2022-05,87
90815,Long Beach,Los Angeles County,2022-09,75
90815,Long Beach,Los Angeles County,2023-01,67
91001,Altadena,Los Angeles County,2012-05,53
91001,Altadena,Los Angeles County,2012-06,49
91001,Altadena,Los Angeles County,2012-09,58
91001,Altadena,Los Angeles County,2013-11,58
91001,Altadena,Los Angeles County,2014-04,58
91001,Altadena,Los Angeles County,2014-10,53
91001,Altadena,Los Angeles County,2017-10,56
91001,Altadena,Los Angeles County,2018-09,58
91001,Altadena,Los Angeles County,2018-11,52
91001,Altadena,Los Angeles County,2019-02,52
91001,Altadena,Los Angeles County,2019-06,69
91001,Altadena,Los Angeles County,2019-08,74
91001,Altadena,Los Angeles County,2019-12,65
91001,Altadena,Los Angeles County,2021-05,80
91001,Altadena,Los Angeles County,2021-09,83
91001,Altadena,Los Angeles County,2022-02,83
91001,Altadena,Los Angeles County,2022-06,87
91001,Altadena,Los Angeles County,2022-09,77
91001,Altadena,Los Angeles County,2022-11,70
91001,Altadena,Los Angeles County,2024-01,80
91003,Altadena,Los Angeles County,2014-05,48
91003,Altadena,Los Angeles County,2023-07,35
91006,Arcadia,Los Angeles County,2012-03,44
91006,Arcadia,Los Angeles County,2012-07,55
91006,Arcadia,Los Angeles County,2012-10,50
91006,Arcadia,Los Angeles County,2013-03,77
91006,Arcadia,Los Angeles County,2014-01,58
91006,Arcadia,Los Angeles County,2015-02,51
91006,Arcadia,Los Angeles County,2016-06,58
91006,Arcadia,Los Angeles County,2017-11,50
91006,Arcadia,Los Angeles County,2018-02,47
91006,Arcadia,Los Angeles County,2018-05,55
91006,Arcadia,Los Angeles County,2018-08,55
91006,Arcadia,Los Angeles County,2020-04,55
91006,Arcadia,Los Angeles County,2020-08,61
91006,Arcadia,Los Angeles County,2022-03,70
91006,Arcadia,Los Angeles County,2022-09,65
91006,Arcadia,Los Angeles County,2023-02,49
91006,Arcadia,Los Angeles County,2023-12,61
91006,Arcadia,Los Angeles County,2024-12,61
91006,Arcadia,Los Angeles County,2025-10,55
91006,Arcadia,Los Angeles County,2025-12,50
91007,Arcadia,Los Angeles County,2012-09,58
91007,Arcadia,Los Angeles County,2014-09,63
91007,Arcadia,Los Angeles County,2015-09,51
91007,Arcadia,Los Angeles County,2015-10,50
91007,Arcadia,Los Angeles County,2017-11,51
91007,Arcadia,Los Angeles County,2018-07,53
91007,Arcadia,Los Angeles County,2018-08,48
91007,Arcadia,Los Angeles County,2018-11,47
91007,Arcadia,Los Angeles County,2019-01,46
91007,Arcadia,Los Angeles County,2019-04,44
91007,Arcadia,Los Angeles County,2019-05,49
91007,Arcadia,Los Angeles County,2019-09,50
91007,Arcadia,Los Angeles County,2022-09,61
91007,Arcadia,Los Angeles County,2023-07,74
91007,Arcadia,Los Angeles County,2024-01,63
91007,Arcadia,Los Angeles County,2024-09,65
91008,Duarte,Los Angeles County,2012-04,38
91008,Duarte,Los Angeles County,2014-01,44
91008,Duarte,Los Angeles County,2014-02,46
91008,Duarte,Los Angeles County,2014-09,79
91008,Duarte,Los Angeles County,2014-12,58
91008,Duarte,Los Angeles County,2015-02,49
91008,Duarte,Los Angeles County,2016-10,49
91008,Duarte,Los Angeles County,2017-09,22
91008,Duarte,Los Angeles County,2017-12,37
91008,Duarte,Los Angeles County,2018-02,48
91008,Duarte,Los Angeles County,2020-07,34
91008,Duarte,Los Angeles County,2021-03,39
91008,Duarte,Los Angeles County,2023-01,29
91008,Duarte,Los Angeles County,2024-08,40
91008,Duarte,Los Angeles County,2025-02,37
91008,Duarte,Los Angeles County,2025-12,49
91009,Duarte,Los Angeles County,2012-11,74
91009,Duarte,Los Angeles County,2013-02,61
91009,Duarte,Los Angeles County,2014-04,47
91009,Duarte,Los Angeles County,2014-08,52
91009,Duarte,Los Angeles County,2019-12,44
91009,Duarte,Los Angeles County,2020-01,33
91009,Duarte,Los Angeles County,2020-12,91
91009,Duarte,Los Angeles County,2021-07,55
91009,Duarte,Los Angeles County,2021-08,69
91009,Duarte,Los Angeles County,2024-03,89
91009,Duarte,Los Angeles County,2025-01,49
91009,Duarte,Los Angeles County,2025-12,44
91010,Duarte,Los Angeles County,2012-06,50
91010,Duarte,Los Angeles County,2013-06,83
91010,Duarte,Los Angeles County,2014-04,61
91010,Duarte,Los Angeles County,2015-02,54
91010,Duarte,Los Angeles County,2015-03,58
91010,Duarte,Los Angeles County,2017-10,67
91010,Duarte,Los Angeles County,2017-12,60
91010,Duarte,Los Angeles County,2018-02,58
91010,Duarte,Los Angeles County,2021-06,87
91010,Duarte,Los Angeles County,2022-03,83
91010,Duarte,Los Angeles County,2022-08,83
91010,Duarte,Los Angeles County,2022-09,74
91010,Duarte,Los Angeles County,2022-10,67
91010,Duarte,Los Angeles County,2023-01,65
91010,Duarte,Los Angeles County,2024-05,79
91010,Duarte,Los Angeles County,2025-05,70
91010,Duarte,Los Angeles County,2025-06,74
91011,La Canada Flintridge,Los Angeles County,2012-06,49
91011,La Canada Flintridge,Los Angeles County,2012-11,50
91011,La Canada Flintridge,Los Angeles County,2014-08,58
91011,La Canada Flintridge,Los Angeles County,2014-10,50
91011,La Canada Flintridge,Los Angeles County,2015-06,55
91011,La Canada Flintridge,Los Angeles County,2015-11,49
91011,La Canada Flintridge,Los Angeles County,2017-08,54
91011,La Canada Flintridge,Los Angeles County,2017-10,52
91011,La Canada Flintridge,Los Angeles County,2020-05,70
91011,La Canada Flintridge,Los Angeles County,2021-03,74
91011,La Canada Flintridge,Los Angeles County,2022-05,87
91011,La Canada Flintridge,Los Angeles County,2022-09,74
91011,La Canada Flintridge,Los Angeles County,2024-03,61
91011,La Canada Flintridge,Los Angeles County,2024-04,74
91011,La Canada Flintridge,Los Angeles County,2024-11,71
91011,La Canada Flintridge,Los Angeles County,2025-03,74
91016,Monrovia,Los Angeles County,2012-03,47
91016,Monrovia,Los Angeles County,2013-06,77
91016,Monrovia,Los Angeles County,2014-10,55
91016,Monrovia,Los Angeles County,2017-10,67
91016,Monrovia,Los Angeles County,2017-12,61
91016,Monrovia,Los Angeles County,2018-01,60
91016,Monrovia,Los Angeles County,2019-02,52
91016,Monrovia,Los Angeles County,2020-05,72
91016,Monrovia,Los Angeles County,2020-06,69
91016,Monrovia,Los Angeles County,2021-12,77
91016,Monrovia,Los Angeles County,2023-03,63
91016,Monrovia,Los Angeles County,2024-04,77
91016,Monrovia,Los Angeles County,2024-05,75
91016,Monrovia,Los Angeles County,2024-10,63
91016,Monrovia,Los Angeles County,2025-04,65
91016,Monrovia,Los Angeles County,2025-06,67
91017,Monrovia,Los Angeles County,2013-12,35
91017,Monrovia,Los Angeles County,2014-06,58
91017,Monrovia,Los Angeles County,2014-11,87
91017,Monrovia,Los Angeles County,2014-12,87
91017,Monrovia,Los Angeles County,2016-09,91
91017,Monrovia,Los Angeles County,2017-10,87
91017,Monrovia,Los Angeles County,2024-01,29
91020,Montrose,Los Angeles County,2012-06,50
91020,Montrose,Los Angeles County,2013-01,72
91020,Montrose,Los Angeles County,2014-02,55
91020,Montrose,Los Angeles County,2014-10,65
91020,Montrose,Los Angeles County,2014-11,58
91020,Montrose,Los Angeles County,2015-11,58
91020,Montrose,Los Angeles County,2016-06,58
91020,Montrose,Los Angeles County,2018-04,75
91020,Montrose,Los Angeles County,2022-06,79
91020,Montrose,Los Angeles County,2022-12,56
91020,Montrose,Los Angeles County,2024-07,67
91020,Montrose,Los Angeles County,2025-01,51
91020,Montrose,Los Angeles County,2025-08,53
91020,Montrose,Los Angeles County,2025-11,63
91024,Sierra Madre,Los Angeles County,2013-10,63
91024,Sierra Madre,Los Angeles County,2014-11,56
91024,Sierra Madre,Los Angeles County,2015-06,56
91024,Sierra Madre,Los Angeles County,2016-10,58
91024,Sierra Madre,Los Angeles County,2016-11,52
91024,Sierra Madre,Los Angeles County,2019-01,51
91024,Sierra Madre,Los Angeles County,2019-07,58
91024,Sierra Madre,Los Angeles County,2020-06,65
91024,Sierra Madre,Los Angeles County,2020-09,67
91024,Sierra Madre,Los Angeles County,2021-11,80
91024,Sierra Madre,Los Angeles County,2022-09,69
91024,Sierra Madre,Los Angeles County,2023-06,80
91024,Sierra Madre,Los Angeles County,2023-11,71
91024,Sierra Madre,Los Angeles County,2024-06,77
91024,Sierra Madre,Los Angeles County,2025-01,51
91025,Sierra Madre,Los Angeles County,2017-04,54
91030,South Pasadena,Los Angeles County,2012-06,47
91030,South Pasadena,Los Angeles County,2015-08,55
91030,South Pasadena,Los Angeles County,2017-06,58
91030,South Pasadena,Los Angeles County,2019-02,52
91030,South Pasadena,Los Angeles County,2019-04,63
91030,South Pasadena,Los Angeles County,2019-12,65
91030,South Pasadena,Los Angeles County,2020-02,58
91030,South Pasadena,Los Angeles County,2020-06,65
91030,South Pasadena,Los Angeles County,2020-07,67
91030,South Pasadena,Los Angeles County,2020-10,67
91030,South Pasadena,Los Angeles County,2021-05,74
91030,South Pasadena,Los Angeles County,2023-02,51
91030,South Pasadena,Los Angeles County,2023-12,75
91030,South Pasadena,Los Angeles County,2025-01,58
91030,South Pasadena,Los Angeles County,2025-04,74
91040,Sunland,Los Angeles County,2012-03,56
91040,Sunland,Los Angeles County,2013-08,63
91040,Sunland,Los Angeles County,2014-05,70
91040,Sunland,Los Angeles County,2014-12,55
91040,Sunland,Los Angeles County,2015-01,60
91040,Sunland,Los Angeles County,2017-05,67
91040,Sunland,Los Angeles County,2018-04,71
91040,Sunland,Los Angeles County,2018-07,58
91040,Sunland,Los Angeles County,2019-03,52
91040,Sunland,Los Angeles County,2020-02,63
91040,Sunland,Los Angeles County,2021-04,80
91040,Sunland,Los Angeles County,2021-07,79
91040,Sunland,Los Angeles County,2021-10,79
91040,Sunland,Los Angeles County,2021-12,77
91040,Sunland,Los Angeles County,2022-06,79
91040,Sunland,Los Angeles County,2022-07,75
91040,Sunland,Los Angeles County,2023-08,74
91040,Sunland,Los Angeles County,2023-09,77
91040,Sunland,Los Angeles County,2024-08,71
91040,Sunland,Los Angeles County,2024-12,63
91041,Sunland,Los Angeles County,2016-10,65
91041,Sunland,Los Angeles County,2017-06,58
91041,Sunland,Los Angeles County,2017-07,58
91042,Tujunga,Los Angeles County,2012-08,54
91042,Tujunga,Los Angeles County,2013-06,70
91042,Tujunga,Los Angeles County,2013-11,63
91042,Tujunga,Los Angeles County,2014-07,63
91042,Tujunga,Los Angeles County,2015-12,58
91042,Tujunga,Los Angeles County,2016-01,52
91042,Tujunga,Los Angeles County,2016-02,56
91042,Tujunga,Los Angeles County,2016-12,56
91042,Tujunga,Los Angeles County,2017-04,71
91042,Tujunga,Los Angeles County,2017-06,74
91042,Tujunga,Los Angeles County,2018-02,60
91042,Tujunga,Los Angeles County,2018-03,61
91042,Tujunga,Los Angeles County,2018-04,63
91042,Tujunga,Los Angeles County,2019-04,58
91042,Tujunga,Los Angeles County,2019-08,70
91042,Tujunga,Los Angeles County,2020-03,67
91042,Tujunga,Los Angeles County,2020-05,70
91042,Tujunga,Los Angeles County,2021-04,77
91042,Tujunga,Los Angeles County,2021-05,74
91042,Tujunga,Los Angeles County,2023-04,69
91042,Tujunga,Los Angeles County,2023-06,71
91042,Tujunga,Los Angeles County,2023-08,74
91042,Tujunga,Los Angeles County,2024-09,74
91042,Tujunga,Los Angeles County,2025-04,60
91042,Tujunga,Los Angeles County,2025-08,60
91043,Tujunga,Los Angeles County,2012-10,70
91101,Pasadena,Los Angeles County,2013-01,48
91101,Pasadena,Los Angeles County,2013-07,58
91101,Pasadena,Los Angeles County,2013-12,47
91101,Pasadena,Los Angeles County,2014-09,48
91101,Pasadena,Los Angeles County,2016-08,65
91101,Pasadena,Los Angeles County,2016-10,61
91101,Pasadena,Los Angeles County,2018-04,65
91101,Pasadena,Los Angeles County,2018-10,56
91101,Pasadena,Los Angeles County,2020-04,63
91101,Pasadena,Los Angeles County,2020-07,67
91101,Pasadena,Los Angeles County,2020-10,65
91101,Pasadena,Los Angeles County,2020-12,60
91101,Pasadena,Los Angeles County,2021-04,61
91101,Pasadena,Los Angeles County,2021-11,77
91101,Pasadena,Los Angeles County,2022-07,72
91101,Pasadena,Los Angeles County,2023-04,55
91101,Pasadena,Los Angeles County,2025-08,54
91101,Pasadena,Los Angeles County,2025-12,47
91103,Pasadena,Los Angeles County,2012-06,48
91103,Pasadena,Los Angeles County,2013-06,60
91103,Pasadena,Los Angeles County,2014-10,58
91103,Pasadena,Los Angeles County,2014-12,61
91103,Pasadena,Los Angeles County,2015-11,56
91103,Pasadena,Los Angeles County,2016-11,52
91103,Pasadena,Los Angeles County,2018-08,55
91103,Pasadena,Los Angeles County,2018-11,50
91103,Pasadena,Los Angeles County,2020-05,71
91103,Pasadena,Los Angeles County,2020-08,63
91103,Pasadena,Los Angeles County,2020-09,65
91103,Pasadena,Los Angeles County,2021-06,74
91103,Pasadena,Los Angeles County,2022-04,93
91103,Pasadena,Los Angeles County,2023-03,70
91103,Pasadena,Los Angeles County,2024-07,67
91103,Pasadena,Los Angeles County,2025-06,65
91104,Pasadena,Los Angeles County,2012-05,48
91104,Pasadena,Los Angeles County,2014-04,61
91104,Pasadena,Los Angeles County,2014-07,60
91104,Pasadena,Los Angeles County,2016-01,55
91104,Pasadena,Los Angeles County,2016-04,58
91104,Pasadena,Los Angeles County,2016-06,58
91104,Pasadena,Los Angeles County,2017-01,50
91104,Pasadena,Los Angeles County,2017-05,65
91104,Pasadena,Los Angeles County,2018-10,58
91104,Pasadena,Los Angeles County,2019-09,65
91104,Pasadena,Los Angeles County,2021-10,80
91104,Pasadena,Los Angeles County,2022-03,77
91104,Pasadena,Los Angeles County,2022-11,67
91104,Pasadena,Los Angeles County,2023-02,67
91104,Pasadena,Los Angeles County,2023-08,83
91104,Pasadena,Los Angeles County,2024-07,83
91104,Pasadena,Los Angeles County,2024-10,75
91104,Pasadena,Los Angeles County,2025-03,74
91104,Pasadena,Los Angeles County,2025-09,65
91105,Pasadena,Los Angeles County,2012-06,44
91105,Pasadena,Los Angeles County,2015-02,47
91105,Pasadena,Los Angeles County,2015-10,49
91105,Pasadena,Los Angeles County,2017-06,52
91105,Pasadena,Los Angeles County,2017-07,50
91105,Pasadena,Los Angeles County,2017-09,50
91105,Pasadena,Los Angeles County,2018-04,61
91105,Pasadena,Los Angeles County,2018-07,54
91105,Pasadena,Los Angeles County,2019-08,58
91105,Pasadena,Los Angeles County,2020-03,47
91105,Pasadena,Los Angeles County,2020-07,58
91105,Pasadena,Los Angeles County,2020-10,69
91105,Pasadena,Los Angeles County,2021-10,67
91105,Pasadena,Los Angeles County,2021-11,72
91105,Pasadena,Los Angeles County,2022-03,74
91105,Pasadena,Los Angeles County,2022-08,65
91105,Pasadena,Los Angeles County,2023-09,75
91105,Pasadena,Los Angeles County,2023-10,69
91105,Pasadena,Los Angeles County,2024-04,70
91105,Pasadena,Los Angeles County,2025-02,67
91105,Pasadena,Los Angeles County,2025-05,74
91105,Pasadena,Los Angeles County,2025-08,58
91105,Pasadena,Los Angeles County,2025-12,53
91106,Pasadena,Los Angeles County,2012-12,49
91106,Pasadena,Los Angeles County,2013-01,49
91106,Pasadena,Los Angeles County,2013-04,56
91106,Pasadena,Los Angeles County,2014-10,55
91106,Pasadena,Los Angeles County,2015-01,46
91106,Pasadena,Los Angeles County,2016-09,61
91106,Pasadena,Los Angeles County,2017-02,55
91106,Pasadena,Los Angeles County,2017-06,61
91106,Pasadena,Los Angeles County,2018-05,63
91106,Pasadena,Los Angeles County,2019-04,61
91106,Pasadena,Los Angeles County,2019-09,61
91106,Pasadena,Los Angeles County,2021-04,72
91106,Pasadena,Los Angeles County,2022-03,77
91106,Pasadena,Los Angeles County,2022-12,67
91106,Pasadena,Los Angeles County,2023-01,58
91106,Pasadena,Los Angeles County,2023-10,74
91106,Pasadena,Los Angeles County,2025-07,61
91106,Pasadena,Los Angeles County,2025-09,58
91106,Pasadena,Los Angeles County,2025-10,55
91107,Pasadena,Los Angeles County,2014-05,61
91107,Pasadena,Los Angeles County,2014-07,61
91107,Pasadena,Los Angeles County,2014-10,52
91107,Pasadena,Los Angeles County,2015-12,54
91107,Pasadena,Los Angeles County,2018-07,53
91107,Pasadena,Los Angeles County,2019-06,58
91107,Pasadena,Los Angeles County,2019-10,65
91107,Pasadena,Los Angeles County,2019-11,60
91107,Pasadena,Los Angeles County,2020-03,61
91107,Pasadena,Los Angeles County,2022-04,89
91107,Pasadena,Los Angeles County,2022-12,70
91107,Pasadena,Los Angeles County,2023-11,83
91107,Pasadena,Los Angeles County,2024-08,75
91107,Pasadena,Los Angeles County,2025-01,63
91108,San Marino,Los Angeles County,2012-08,52
91108,San Marino,Los Angeles County,2013-06,56
91108,San Marino,Los Angeles County,2014-01,58
91108,San Marino,Los Angeles County,2014-05,67
91108,San Marino,Los Angeles County,2014-09,61
91108,San Marino,Los Angeles County,2015-06,52
91108,San Marino,Los Angeles County,2016-02,44
91108,San Marino,Los Angeles County,2017-04,46
91108,San Marino,Los Angeles County,2017-08,48
91108,San Marino,Los Angeles County,2018-04,40
91108,San Marino,Los Angeles County,2022-01,61
91108,San Marino,Los Angeles County,2024-06,70
91108,San Marino,Los Angeles County,2025-05,63
91108,San Marino,Los Angeles County,2025-07,69
91115,Pasadena,Los Angeles County,2012-09,48
91115,Pasadena,Los Angeles County,2022-03,83
91116,Pasadena,Los Angeles County,2016-07,93
91116,Pasadena,Los Angeles County,2016-12,79
91116,Pasadena,Los Angeles County,2018-11,44
91118,San Marino,Los Angeles County,2012-05,44
91118,San Marino,Los Angeles County,2015-10,29
91118,San Marino,Los Angeles County,2020-01,53
91123,Pasadena,Los Angeles County,2015-07,46
91123,Pasadena,Los Angeles County,2015-12,37
91123,Pasadena,Los Angeles County,2016-08,61
91123,Pasadena,Los Angeles County,2017-01,33
91123,Pasadena,Los Angeles County,2017-03,44
91123,Pasadena,Los Angeles County,2017-06,37
91123,Pasadena,Los Angeles County,2018-03,35
91123,Pasadena,Los Angeles County,2019-08,44
91123,Pasadena,Los Angeles County,2019-12,32
91123,Pasadena,Los Angeles County,2020-03,35
91123,Pasadena,Los Angeles County,2021-02,44
91123,Pasadena,Los Angeles County,2021-07,35
91123,Pasadena,Los Angeles County,2021-09,54
91123,Pasadena,Los Angeles County,2022-05,52
91123,Pasadena,Los Angeles County,2022-08,49
91123,Pasadena,Los Angeles County,2022-09,48
91123,Pasadena,Los Angeles County,2024-06,47
91123,Pasadena,Los Angeles County,2024-09,75
91123,Pasadena,Los Angeles County,2025-02,35
91184,Pasadena,Los Angeles County,2013-01,44
91184,Pasadena,Los Angeles County,2015-09,44
91184,Pasadena,Los Angeles County,2019-10,47
91201,Glendale,Los Angeles County,2012-04,55
91201,Glendale,Los Angeles County,2012-08,65
91201,Glendale,Los Angeles County,2012-11,63
91201,Glendale,Los Angeles County,2013-07,71
91201,Glendale,Los Angeles County,2013-10,63
91201,Glendale,Los Angeles County,2014-05,67
91201,Glendale,Los Angeles County,2014-10,69
91201,Glendale,Los Angeles County,2014-12,71
91201,Glendale,Los Angeles County,2015-05,71
91201,Glendale,Los Angeles County,2017-04,67
91201,Glendale,Los Angeles County,2018-12,55
91201,Glendale,Los Angeles County,2019-05,67
91201,Glendale,Los Angeles County,2019-10,67
91201,Glendale,Los Angeles County,2020-11,75
91201,Glendale,Los Angeles County,2021-06,77
91201,Glendale,Los Angeles County,2021-08,77
91201,Glendale,Los Angeles County,2022-03,70
91201,Glendale,Los Angeles County,2022-05,74
91201,Glendale,Los Angeles County,2023-04,71
91201,Glendale,Los Angeles County,2023-06,74
91201,Glendale,Los Angeles County,2024-10,79
91201,Glendale,Los Angeles County,2025-04,74
91201,Glendale,Los Angeles County,2025-06,65
91201,Glendale,Los Angeles County,2025-08,65
91202,Glendale,Los Angeles County,2012-03,52
91202,Glendale,Los Angeles County,2014-08,65
91202,Glendale,Los Angeles County,2014-10,63
91202,Glendale,Los Angeles County,2016-02,71
91202,Glendale,Los Angeles County,2016-08,72
91202,Glendale,Los Angeles County,2016-12,55
91202,Glendale,Los Angeles County,2017-09,61
91202,Glendale,Los Angeles County,2019-05,63
91202,Glendale,Los Angeles County,2020-02,63
91202,Glendale,Los Angeles County,2020-06,72
91202,Glendale,Los Angeles County,2020-07,74
91202,Glendale,Los Angeles County,2020-09,74
91202,Glendale,Los Angeles County,2020-12,71
91202,Glendale,Los Angeles County,2021-01,63
91202,Glendale,Los Angeles County,2021-02,65
91202,Glendale,Los Angeles County,2021-06,77
91202,Glendale,Los Angeles County,2022-06,77
91202,Glendale,Los Angeles County,2022-10,65
91202,Glendale,Los Angeles County,2023-03,71
91202,Glendale,Los Angeles County,2023-07,83
91202,Glendale,Los Angeles County,2023-11,58
91202,Glendale,Los Angeles County,2024-07,77
91202,Glendale,Los Angeles County,2025-12,67
91203,Glendale,Los Angeles County,2012-09,60
91203,Glendale,Los Angeles County,2013-10,61
91203,Glendale,Los Angeles County,2015-12,74
91203,Glendale,Los Angeles County,2016-09,70
91203,Glendale,Los Angeles County,2017-07,58
91203,Glendale,Los Angeles County,2017-10,63
91203,Glendale,Los Angeles County,2017-12,61
91203,Glendale,Los Angeles County,2018-06,65
91203,Glendale,Los Angeles County,2019-01,49
91203,Glendale,Los Angeles County,2019-09,56
91203,Glendale,Los Angeles County,2020-11,69
91203,Glendale,Los Angeles County,2021-03,69
91203,Glendale,Los Angeles County,2021-04,70
91203,Glendale,Los Angeles County,2021-12,67
91203,Glendale,Los Angeles County,2022-06,77
91203,Glendale,Los Angeles County,2022-08,74
91203,Glendale,Los Angeles County,2023-05,71
91203,Glendale,Los Angeles County,2023-08,80
91203,Glendale,Los Angeles County,2023-12,69
91203,Glendale,Los Angeles County,2025-01,69
91204,Glendale,Los Angeles County,2012-07,71
91204,Glendale,Los Angeles County,2012-08,58
91204,Glendale,Los Angeles County,2015-09,50
91204,Glendale,Los Angeles County,2015-11,40
91204,Glendale,Los Angeles County,2016-11,74
91204,Glendale,Los Angeles County,2017-03,55
91204,Glendale,Los Angeles County,2017-10,63
91204,Glendale,Los Angeles County,2018-04,87
91204,Glendale,Los Angeles County,2018-05,67
91204,Glendale,Los Angeles County,2020-08,75
91204,Glendale,Los Angeles County,2021-03,69
91204,Glendale,Los Angeles County,2023-01,48
91204,Glendale,Los Angeles County,2023-02,55
91204,Glendale,Los Angeles County,2023-03,72
91204,Glendale,Los Angeles County,2024-01,44
91204,Glendale,Los Angeles County,2025-01,83
91205,Glendale,Los Angeles County,2016-04,60
91205,Glendale,Los Angeles County,2018-04,58
91205,Glendale,Los Angeles County,2018-10,58
91205,Glendale,Los Angeles County,2019-12,58
91205,Glendale,Los Angeles County,2020-01,58
91205,Glendale,Los Angeles County,2020-06,71
91205,Glendale,Los Angeles County,2020-10,67
91205,Glendale,Los Angeles County,2023-06,72
91205,Glendale,Los Angeles County,2023-08,63
91205,Glendale,Los Angeles County,2024-03,74
91205,Glendale,Los Angeles County,2024-12,72
91205,Glendale,Los Angeles County,2025-11,67
91206,Glendale,Los Angeles County,2014-07,65
91206,Glendale,Los Angeles County,2015-12,61
91206,Glendale,Los Angeles County,2016-02,61
91206,Glendale,Los Angeles County,2016-07,71
91206,Glendale,Los Angeles County,2016-08,67
91206,Glendale,Los Angeles County,2017-01,58
91206,Glendale,Los Angeles County,2017-05,71
91206,Glendale,Los Angeles County,2018-02,60
91206,Glendale,Los Angeles County,2018-04,69
91206,Glendale,Los Angeles County,2019-08,58
91206,Glendale,Los Angeles County,2020-01,54
91206,Glendale,Los Angeles County,2020-04,75
91206,Glendale,Los Angeles County,2020-08,71
91206,Glendale,Los Angeles County,2021-01,67
91206,Glendale,Los Angeles County,2021-03,69
91206,Glendale,Los Angeles County,2021-08,77
91206,Glendale,Los Angeles County,2021-09,77
91206,Glendale,Los Angeles County,2021-11,71
91206,Glendale,Los Angeles County,2022-07,77
91206,Glendale,Los Angeles County,2023-06,77
91206,Glendale,Los Angeles County,2024-04,63
91206,Glendale,Los Angeles County,2024-08,67
91206,Glendale,Los Angeles County,2024-10,67
91206,Glendale,Los Angeles County,2025-10,70
91207,Glendale,Los Angeles County,2012-08,67
91207,Glendale,Los Angeles County,2014-03,56
91207,Glendale,Los Angeles County,2014-08,63
91207,Glendale,Los Angeles County,2017-12,56
91207,Glendale,Los Angeles County,2018-01,63
91207,Glendale,Los Angeles County,2018-03,55
91207,Glendale,Los Angeles County,2018-10,65
91207,Glendale,Los Angeles County,2019-01,44
91207,Glendale,Los Angeles County,2019-06,65
91207,Glendale,Los Angeles County,2019-09,65
91207,Glendale,Los Angeles County,2019-12,67
91207,Glendale,Los Angeles County,2020-01,60
91207,Glendale,Los Angeles County,2020-06,65
91207,Glendale,Los Angeles County,2021-04,83
91207,Glendale,Los Angeles County,2021-09,83
91207,Glendale,Los Angeles County,2022-07,75
91207,Glendale,Los Angeles County,2023-02,61
91207,Glendale,Los Angeles County,2023-04,77
91207,Glendale,Los Angeles County,2024-02,77
91207,Glendale,Los Angeles County,2024-05,83
91207,Glendale,Los Angeles County,2024-10,67
91207,Glendale,Los Angeles County,2025-02,75
91208,Glendale,Los Angeles County,2012-09,54
91208,Glendale,Los Angeles County,2014-07,63
91208,Glendale,Los Angeles County,2014-10,60
91208,Glendale,Los Angeles County,2015-10,55
91208,Glendale,Los Angeles County,2016-03,58
91208,Glendale,Los Angeles County,2016-04,58
91208,Glendale,Los Angeles County,2017-03,58
91208,Glendale,Los Angeles County,2018-10,55
91208,Glendale,Los Angeles County,2018-11,53
91208,Glendale,Los Angeles County,2019-09,71
91208,Glendale,Los Angeles County,2020-10,74
91208,Glendale,Los Angeles County,2021-11,77
91208,Glendale,Los Angeles County,2023-03,80
91208,Glendale,Los Angeles County,2025-01,61
91208,Glendale,Los Angeles County,2025-02,63
91208,Glendale,Los Angeles County,2025-06,65
91208,Glendale,Los Angeles County,2025-07,67
91210,Glendale,Los Angeles County,2014-12,47
91210,Glendale,Los Angeles County,2015-05,40
91210,Glendale,Los Angeles County,2015-09,22
91210,Glendale,Los Angeles County,2019-05,40
91210,Glendale,Los Angeles County,2020-02,33
91210,Glendale,Los Angeles County,2021-07,75
91210,Glendale,Los Angeles County,2022-02,48
91210,Glendale,Los Angeles County,2022-12,41
91210,Glendale,Los Angeles County,2023-04,44
91210,Glendale,Los Angeles County,2023-05,50
91210,Glendale,Los Angeles County,2023-07,47
91210,Glendale,Los Angeles County,2024-10,44
91210,Glendale,Los Angeles County,2025-06,77
91214,La Crescenta,Los Angeles County,2012-05,51
91214,La Crescenta,Los Angeles County,2012-06,55
91214,La Crescenta,Los Angeles County,2012-09,53
91214,La Crescenta,Los Angeles County,2012-12,55
91214,La Crescenta,Los Angeles County,2013-01,55
91214,La Crescenta,Los Angeles County,2013-03,67
91214,La Crescenta,Los Angeles County,2013-12,56
91214,La Crescenta,Los Angeles County,2014-09,58
91214,La Crescenta,Los Angeles County,2016-01,50
91214,La Crescenta,Los Angeles County,2016-11,55
91214,La Crescenta,Los Angeles County,2017-09,61
91214,La Crescenta,Los Angeles County,2018-03,58
91214,La Crescenta,Los Angeles County,2019-07,74
91214,La Crescenta,Los Angeles County,2019-11,70
91214,La Crescenta,Los Angeles County,2019-12,65
91214,La Crescenta,Los Angeles County,2021-07,83
91214,La Crescenta,Los Angeles County,2021-12,83
91214,La Crescenta,Los Angeles County,2022-06,87
91214,La Crescenta,Los Angeles County,2022-09,74
91214,La Crescenta,Los Angeles County,2023-01,58
91214,La Crescenta,Los Angeles County,2023-11,75
91301,Agoura Hills,Los Angeles County,2012-04,50
91301,Agoura Hills,Los Angeles County,2012-06,52
91301,Agoura Hills,Los Angeles County,2013-05,67
91301,Agoura Hills,Los Angeles County,2013-12,52
91301,Agoura Hills,Los Angeles County,2015-12,52
91301,Agoura Hills,Los Angeles County,2016-03,58
91301,Agoura Hills,Los Angeles County,2016-10,54
91301,Agoura Hills,Los Angeles County,2018-01,53
91301,Agoura Hills,Los Angeles County,2018-02,53
91301,Agoura Hills,Los Angeles County,2018-09,52
91301,Agoura Hills,Los Angeles County,2018-10,53
91301,Agoura Hills,Los Angeles County,2019-01,46
91301,Agoura Hills,Los Angeles County,2019-06,53
91301,Agoura Hills,Los Angeles County,2023-01,55
91301,Agoura Hills,Los Angeles County,2024-09,63
91301,Agoura Hills,Los Angeles County,2024-10,55
91301,Agoura Hills,Los Angeles County,2025-12,49
91302,Calabasas,Los Angeles County,2012-08,53
91302,Calabasas,Los Angeles County,2012-09,51
91302,Calabasas,Los Angeles County,2013-01,63
91302,Calabasas,Los Angeles County,2013-05,70
91302,Calabasas,Los Angeles County,2013-10,58
91302,Calabasas,Los Angeles County,2015-11,49
91302,Calabasas,Los Angeles County,2016-03,52
91302,Calabasas,Los Angeles County,2017-06,58
91302,Calabasas,Los Angeles County,2017-08,52
91302,Calabasas,Los Angeles County,2018-02,55
91302,Calabasas,Los Angeles County,2019-02,49
91302,Calabasas,Los Angeles County,2019-05,51
91302,Calabasas,Los Angeles County,2020-08,55
91302,Calabasas,Los Angeles County,2020-11,54
91302,Calabasas,Los Angeles County,2022-07,72
91302,Calabasas,Los Angeles County,2024-08,58
91302,Calabasas,Los Angeles County,2024-10,56
91302,Calabasas,Los Angeles County,2025-04,55
91303,Canoga Park,Los Angeles County,2012-11,63
91303,Canoga Park,Los Angeles County,2014-07,63
91303,Canoga Park,Los Angeles County,2014-11,63
91303,Canoga Park,Los Angeles County,2015-10,60
91303,Canoga Park,Los Angeles County,2016-05,52
91303,Canoga Park,Los Angeles County,2016-08,65
91303,Canoga Park,Los Angeles County,2016-11,61
91303,Canoga Park,Los Angeles County,2017-08,63
91303,Canoga Park,Los Angeles County,2017-12,58
91303,Canoga Park,Los Angeles County,2019-07,61
91303,Canoga Park,Los Angeles County,2019-10,65
91303,Canoga Park,Los Angeles County,2020-08,63
91303,Canoga Park,Los Angeles County,2022-02,83
91303,Canoga Park,Los Angeles County,2022-04,77
91303,Canoga Park,Los Angeles County,2023-04,58
91303,Canoga Park,Los Angeles County,2023-05,60
91303,Canoga Park,Los Angeles County,2024-01,77
91303,Canoga Park,Los Angeles County,2024-02,67
91303,Canoga Park,Los Angeles County,2024-04,65
91303,Canoga Park,Los Angeles County,2024-06,67
91303,Canoga Park,Los Angeles County,2025-11,39
91304,Canoga Park,Los Angeles County,2014-11,61
91304,Canoga Park,Los Angeles County,2014-12,55
91304,Canoga Park,Los Angeles County,2016-03,61
91304,Canoga Park,Los Angeles County,2016-07,72
91304,Canoga Park,Los Angeles County,2017-05,67
91304,Canoga Park,Los Angeles County,2018-01,61
91304,Canoga Park,Los Angeles County,2019-04,58
91304,Canoga Park,Los Angeles County,2020-02,75
91304,Canoga Park,Los Angeles County,2020-05,72
91304,Canoga Park,Los Angeles County,2023-04,74
91304,Canoga Park,Los Angeles County,2023-11,71
91304,Canoga Park,Los Angeles County,2024-03,75
91304,Canoga Park,Los Angeles County,2024-09,72
91304,Canoga Park,Los Angeles County,2025-09,55
91306,Winnetka,Los Angeles County,2012-07,74
91306,Winnetka,Los Angeles County,2014-02,63
91306,Winnetka,Los Angeles County,2014-05,70
91306,Winnetka,Los Angeles County,2014-12,61
91306,Winnetka,Los Angeles County,2015-05,72
91306,Winnetka,Los Angeles County,2015-09,74
91306,Winnetka,Los Angeles County,2015-11,74
91306,Winnetka,Los Angeles County,2019-02,65
91306,Winnetka,Los Angeles County,2019-07,67
91306,Winnetka,Los Angeles County,2019-08,67
91306,Winnetka,Los Angeles County,2020-02,70
91306,Winnetka,Los Angeles County,2020-05,71
91306,Winnetka,Los Angeles County,2020-06,69
91306,Winnetka,Los Angeles County,2022-05,89
91306,Winnetka,Los Angeles County,2022-11,56
91306,Winnetka,Los Angeles County,2023-01,56
91306,Winnetka,Los Angeles County,2025-11,53
91307,West Hills,Los Angeles County,2013-07,83
91307,West Hills,Los Angeles County,2017-11,56
91307,West Hills,Los Angeles County,2018-09,63
91307,West Hills,Los Angeles County,2020-01,56
91307,West Hills,Los Angeles County,2022-08,74
91307,West Hills,Los Angeles County,2023-03,55
91307,West Hills,Los Angeles County,2023-12,67
91307,West Hills,Los Angeles County,2024-07,75
91307,West Hills,Los Angeles County,2024-12,58
91310,Castaic,Los Angeles County,2012-06,44
91310,Castaic,Los Angeles County,2013-12,74
91310,Castaic,Los Angeles County,2014-12,50
91310,Castaic,Los Angeles County,2015-03,70
91310,Castaic,Los Angeles County,2015-05,72
91310,Castaic,Los Angeles County,2016-05,67
91310,Castaic,Los Angeles County,2017-03,47
91310,Castaic,Los Angeles County,2018-10,51
91310,Castaic,Los Angeles County,2019-03,49
91310,Castaic,Los Angeles County,2020-05,58
91310,Castaic,Los Angeles County,2020-06,63
91310,Castaic,Los Angeles County,2020-07,74
91310,Castaic,Los Angeles County,2021-01,74
91310,Castaic,Los Angeles County,2021-05,77
91310,Castaic,Los Angeles County,2022-11,56
91310,Castaic,Los Angeles County,2024-06,48
91310,Castaic,Los Angeles County,2024-07,55
91310,Castaic,Los Angeles County,2025-06,49
91311,Chatsworth,Los Angeles County,2013-12,65
91311,Chatsworth,Los Angeles County,2015-08,67
91311,Chatsworth,Los Angeles County,2016-11,52
91311,Chatsworth,Los Angeles County,2017-01,52
91311,Chatsworth,Los Angeles County,2017-06,74
91311,Chatsworth,Los Angeles County,2017-07,71
91311,Chatsworth,Los Angeles County,2019-07,63
91311,Chatsworth,Los Angeles County,2019-08,63
91311,Chatsworth,Los Angeles County,2020-01,58
91311,Chatsworth,Los Angeles County,2021-07,83
91311,Chatsworth,Los Angeles County,2022-06,83
91311,Chatsworth,Los Angeles County,2023-06,83
91311,Chatsworth,Los Angeles County,2023-08,79
91311,Chatsworth,Los Angeles County,2023-12,65
91311,Chatsworth,Los Angeles County,2024-02,58
91311,Chatsworth,Los Angeles County,2024-05,75
91311,Chatsworth,Los Angeles County,2025-06,56
91311,Chatsworth,Los Angeles County,2025-12,55
91313,Chatsworth,Los Angeles County,2012-07,44
91313,Chatsworth,Los Angeles County,2013-04,52
91313,Chatsworth,Los Angeles County,2013-05,91
91313,Chatsworth,Los Angeles County,2014-01,49
91313,Chatsworth,Los Angeles County,2015-07,61
91313,Chatsworth,Los Angeles County,2016-10,69
91313,Chatsworth,Los Angeles County,2017-09,61
91313,Chatsworth,Los Angeles County,2018-09,71
91313,Chatsworth,Los Angeles County,2022-02,71
91313,Chatsworth,Los Angeles County,2023-09,51
91313,Chatsworth,Los Angeles County,2024-01,48
91313,Chatsworth,Los Angeles County,2025-03,65
91313,Chatsworth,Los Angeles County,2025-07,54
91316,Encino,Los Angeles County,2012-03,58
91316,Encino,Los Angeles County,2012-09,74
91316,Encino,Los Angeles County,2013-03,87
91316,Encino,Los Angeles County,2014-03,63
91316,Encino,Los Angeles County,2014-11,58
91316,Encino,Los Angeles County,2015-07,67
91316,Encino,Los Angeles County,2015-11,63
91316,Encino,Los Angeles County,2017-01,52
91316,Encino,Los Angeles County,2017-02,55
91316,Encino,Los Angeles County,2018-06,69
91316,Encino,Los Angeles County,2018-09,56
91316,Encino,Los Angeles County,2021-04,74
91316,Encino,Los Angeles County,2022-01,71
91316,Encino,Los Angeles County,2022-06,87
91316,Encino,Los Angeles County,2022-09,61
91316,Encino,Los Angeles County,2023-05,65
91316,Encino,Los Angeles County,2023-07,65
91316,Encino,Los Angeles County,2025-01,49
91316,Encino,Los Angeles County,2025-11,48
91320,Newbury Park,Ventura County,2013-06,71
91320,Newbury Park,Ventura County,2013-10,63
91320,Newbury Park,Ventura County,2014-04,56
91320,Newbury Park,Ventura County,2015-08,58
91320,Newbury Park,Ventura County,2016-02,52
91320,Newbury Park,Ventura County,2018-07,58
91320,Newbury Park,Ventura County,2018-10,53
91320,Newbury Park,Ventura County,2020-11,70
91320,Newbury Park,Ventura County,2021-02,71
91320,Newbury Park,Ventura County,2022-08,74
91320,Newbury Park,Ventura County,2023-01,58
91320,Newbury Park,Ventura County,2024-03,65
91320,Newbury Park,Ventura County,2025-04,63
91321,Newhall,Los Angeles County,2012-09,58
91321,Newhall,Los Angeles County,2013-11,74
91321,Newhall,Los Angeles County,2014-11,58
91321,Newhall,Los Angeles County,2015-05,67
91321,Newhall,Los Angeles County,2016-02,63
91321,Newhall,Los Angeles County,2017-07,65
91321,Newhall,Los Angeles County,2018-06,71
91321,Newhall,Los Angeles County,2019-03,56
91321,Newhall,Los Angeles County,2020-05,63
91321,Newhall,Los Angeles County,2020-08,72
91321,Newhall,Los Angeles County,2021-11,77
91321,Newhall,Los Angeles County,2022-02,83
91321,Newhall,Los Angeles County,2022-08,72
91321,Newhall,Los Angeles County,2022-09,63
91321,Newhall,Los Angeles County,2022-11,60
91321,Newhall,Los Angeles County,2023-02,61
91321,Newhall,Los Angeles County,2023-04,65
91321,Newhall,Los Angeles County,2024-02,69
91321,Newhall,Los Angeles County,2025-11,56
91324,Northridge,Los Angeles County,2012-11,77
91324,Northridge,Los Angeles County,2014-03,72
91324,Northridge,Los Angeles County,2015-01,55
91324,Northridge,Los Angeles County,2015-02,63
91324,Northridge,Los Angeles County,2015-09,69
91324,Northridge,Los Angeles County,2015-12,63
91324,Northridge,Los Angeles County,2016-01,63
91324,Northridge,Los Angeles County,2016-09,61
91324,Northridge,Los Angeles County,2016-12,55
91324,Northridge,Los Angeles County,2017-10,65
91324,Northridge,Los Angeles County,2018-02,58
91324,Northridge,Los Angeles County,2018-03,65
91324,Northridge,Los Angeles County,2018-07,72
91324,Northridge,Los Angeles County,2019-09,56
91324,Northridge,Los Angeles County,2020-01,63
91324,Northridge,Los Angeles County,2020-04,77
91324,Northridge,Los Angeles County,2020-05,83
91324,Northridge,Los Angeles County,2022-09,60
91324,Northridge,Los Angeles County,2022-10,58
91324,Northridge,Los Angeles County,2024-08,67
91324,Northridge,Los Angeles County,2025-05,63
91324,Northridge,Los Angeles County,2025-09,54
91325,Northridge,Los Angeles County,2013-03,79
91325,Northridge,Los Angeles County,2014-07,67
91325,Northridge,Los Angeles County,2016-06,63
91325,Northridge,Los Angeles County,2017-02,58
91325,Northridge,Los Angeles County,2017-10,70
91325,Northridge,Los Angeles County,2018-08,65
91325,Northridge,Los Angeles County,2018-09,65
91325,Northridge,Los Angeles County,2020-08,77
91325,Northridge,Los Angeles County,2021-03,80
91325,Northridge,Los Angeles County,2021-07,80
91325,Northridge,Los Angeles County,2021-12,77
91325,Northridge,Los Angeles County,2024-06,74
91325,Northridge,Los Angeles County,2024-11,61
91325,Northridge,Los Angeles County,2025-08,55
91325,Northridge,Los Angeles County,2025-12,58
91326,Northridge,Los Angeles County,2013-03,83
91326,Northridge,Los Angeles County,2013-05,83
91326,Northridge,Los Angeles County,2013-07,83
91326,Northridge,Los Angeles County,2014-06,65
91326,Northridge,Los Angeles County,2014-10,63
91326,Northridge,Los Angeles County,2015-01,63
91326,Northridge,Los Angeles County,2015-08,70
91326,Northridge,Los Angeles County,2015-10,63
91326,Northridge,Los Angeles County,2015-12,58
91326,Northridge,Los Angeles County,2016-09,55
91326,Northridge,Los Angeles County,2016-11,55
91326,Northridge,Los Angeles County,2017-08,61
91326,Northridge,Los Angeles County,2018-03,63
91326,Northridge,Los Angeles County,2020-04,75
91326,Northridge,Los Angeles County,2022-05,89
91326,Northridge,Los Angeles County,2022-11,60
91326,Northridge,Los Angeles County,2023-09,74
91331,Pacoima,Los Angeles County,2012-04,60
91331,Pacoima,Los Angeles County,2013-04,87
91331,Pacoima,Los Angeles County,2014-04,72
91331,Pacoima,Los Angeles County,2014-05,77
91331,Pacoima,Los Angeles County,2014-06,77
91331,Pacoima,Los Angeles County,2015-02,63
91331,Pacoima,Los Angeles County,2015-04,72
91331,Pacoima,Los Angeles County,2016-07,74
91331,Pacoima,Los Angeles County,2017-12,70
91331,Pacoima,Los Angeles County,2018-01,69
91331,Pacoima,Los Angeles County,2021-05,83
91331,Pacoima,Los Angeles County,2022-01,80
91331,Pacoima,Los Angeles County,2022-02,75
91331,Pacoima,Los Angeles County,2022-06,91
91331,Pacoima,Los Angeles County,2023-11,79
91331,Pacoima,Los Angeles County,2024-03,77
91331,Pacoima,Los Angeles County,2024-08,74
91335,Reseda,Los Angeles County,2012-05,61
91335,Reseda,Los Angeles County,2013-07,93
91335,Reseda,Los Angeles County,2014-11,65
91335,Reseda,Los Angeles County,2014-12,61
91335,Reseda,Los Angeles County,2015-07,80
91335,Reseda,Los Angeles County,2017-02,60
91335,Reseda,Los Angeles County,2018-12,58
91335,Reseda,Los Angeles County,2019-04,65
91335,Reseda,Los Angeles County,2019-07,71
91335,Reseda,Los Angeles County,2019-08,70
91335,Reseda,Los Angeles County,2020-11,80
91335,Reseda,Los Angeles County,2020-12,83
91335,Reseda,Los Angeles County,2021-02,77
91335,Reseda,Los Angeles County,2022-05,89
91335,Reseda,Los Angeles County,2023-06,83
91335,Reseda,Los Angeles County,2024-08,74
91335,Reseda,Los Angeles County,2025-04,69
91335,Reseda,Los Angeles County,2025-12,52
91340,San Fernando,Los Angeles County,2013-03,77
91340,San Fernando,Los Angeles County,2013-06,79
91340,San Fernando,Los Angeles County,2013-07,83
91340,San Fernando,Los Angeles County,2013-08,74
91340,San Fernando,Los Angeles County,2013-12,67
91340,San Fernando,Los Angeles County,2014-05,65
91340,San Fernando,Los Angeles County,2015-03,61
91340,San Fernando,Los Angeles County,2015-11,69
91340,San Fernando,Los Angeles County,2017-05,58
91340,San Fernando,Los Angeles County,2017-06,67
91340,San Fernando,Los Angeles County,2017-11,67
91340,San Fernando,Los Angeles County,2020-06,67
91340,San Fernando,Los Angeles County,2020-12,72
91340,San Fernando,Los Angeles County,2021-11,67
91340,San Fernando,Los Angeles County,2022-02,77
91340,San Fernando,Los Angeles County,2023-02,60
91340,San Fernando,Los Angeles County,2024-07,77
91340,San Fernando,Los Angeles County,2025-08,67
91340,San Fernando,Los Angeles County,2025-12,58
91342,Sylmar,Los Angeles County,2012-09,67
91342,Sylmar,Los Angeles County,2012-11,72
91342,Sylmar,Los Angeles County,2013-03,83
91342,Sylmar,Los Angeles County,2013-04,89
91342,Sylmar,Los Angeles County,2013-05,87
91342,Sylmar,Los Angeles County,2014-03,67
91342,Sylmar,Los Angeles County,2014-11,69
91342,Sylmar,Los Angeles County,2015-01,61
91342,Sylmar,Los Angeles County,2015-08,71
91342,Sylmar,Los Angeles County,2017-04,65
91342,Sylmar,Los Angeles County,2017-05,67
91342,Sylmar,Los Angeles County,2018-09,67
91342,Sylmar,Los Angeles County,2019-01,58
91342,Sylmar,Los Angeles County,2019-02,58
91342,Sylmar,Los Angeles County,2019-05,67
91342,Sylmar,Los Angeles County,2019-09,71
91342,Sylmar,Los Angeles County,2020-05,75
91342,Sylmar,Los Angeles County,2021-09,83
91342,Sylmar,Los Angeles County,2022-02,80
91342,Sylmar,Los Angeles County,2023-02,58
91342,Sylmar,Los Angeles County,2023-07,83
91342,Sylmar,Los Angeles County,2025-03,61
91343,North Hills,Los Angeles County,2013-08,93
91343,North Hills,Los Angeles County,2014-03,69
91343,North Hills,Los Angeles County,2014-08,74
91343,North Hills,Los Angeles County,2015-01,63
91343,North Hills,Los Angeles County,2015-07,83
91343,North Hills,Los Angeles County,2015-08,80
91343,North Hills,Los Angeles County,2016-06,79
91343,North Hills,Los Angeles County,2018-02,65
91343,North Hills,Los Angeles County,2020-06,77
91343,North Hills,Los Angeles County,2020-08,77
91343,North Hills,Los Angeles County,2020-10,83
91343,North Hills,Los Angeles County,2021-03,83
91343,North Hills,Los Angeles County,2021-07,95
91343,North Hills,Los Angeles County,2022-03,79
91343,North Hills,Los Angeles County,2022-05,83
91343,North Hills,Los Angeles County,2022-08,77
91343,North Hills,Los Angeles County,2023-02,55
91343,North Hills,Los Angeles County,2024-02,72
91343,North Hills,Los Angeles County,2025-10,65
91344,Granada Hills,Los Angeles County,2012-03,50
91344,Granada Hills,Los Angeles County,2016-06,72
91344,Granada Hills,Los Angeles County,2017-04,72
91344,Granada Hills,Los Angeles County,2017-09,75
91344,Granada Hills,Los Angeles County,2018-06,77
91344,Granada Hills,Los Angeles County,2019-05,75
91344,Granada Hills,Los Angeles County,2022-11,61
91344,Granada Hills,Los Angeles County,2023-02,52
91345,Mission Hills,Los Angeles County,2012-06,55
91345,Mission Hills,Los Angeles County,2012-11,77
91345,Mission Hills,Los Angeles County,2014-06,70
91345,Mission Hills,Los Angeles County,2014-11,60
91345,Mission Hills,Los Angeles County,2014-12,60
91345,Mission Hills,Los Angeles County,2015-05,77
91345,Mission Hills,Los Angeles County,2015-08,69
91345,Mission Hills,Los Angeles County,2015-10,63
91345,Mission Hills,Los Angeles County,2017-06,79
91345,Mission Hills,Los Angeles County,2017-11,80
91345,Mission Hills,Los Angeles County,2019-09,70
91345,Mission Hills,Los Angeles County,2019-12,65
91345,Mission Hills,Los Angeles County,2020-10,77
91345,Mission Hills,Los Angeles County,2021-03,79
91345,Mission Hills,Los Angeles County,2021-11,83
91345,Mission Hills,Los Angeles County,2023-07,77
91345,Mission Hills,Los Angeles County,2023-08,83
91345,Mission Hills,Los Angeles County,2025-03,74
91345,Mission Hills,Los Angeles County,2025-11,46
91350,Santa Clarita,Los Angeles County,2012-03,52
91350,Santa Clarita,Los Angeles County,2012-05,63
91350,Santa Clarita,Los Angeles County,2012-07,67
91350,Santa Clarita,Los Angeles County,2015-04,71
91350,Santa Clarita,Los Angeles County,2015-07,77
91350,Santa Clarita,Los Angeles County,2016-01,67
91350,Santa Clarita,Los Angeles County,2016-02,67
91350,Santa Clarita,Los Angeles County,2016-09,70
91350,Santa Clarita,Los Angeles County,2017-03,63
91350,Santa Clarita,Los Angeles County,2018-03,65
91350,Santa Clarita,Los Angeles County,2018-04,69
91350,Santa Clarita,Los Angeles County,2019-03,55
91350,Santa Clarita,Los Angeles County,2019-08,67
91350,Santa Clarita,Los Angeles County,2021-01,80
91350,Santa Clarita,Los Angeles County,2021-02,80
91350,Santa Clarita,Los Angeles County,2021-04,89
91350,Santa Clarita,Los Angeles County,2021-10,91
91350,Santa Clarita,Los Angeles County,2022-06,91
91350,Santa Clarita,Los Angeles County,2022-09,67
91350,Santa Clarita,Los Angeles County,2023-06,83
91350,Santa Clarita,Los Angeles County,2024-06,79
91350,Santa Clarita,Los Angeles County,2025-07,54
91351,Canyon Country,Los Angeles County,2012-04,52
91351,Canyon Country,Los Angeles County,2013-01,83
91351,Canyon Country,Los Angeles County,2013-04,83
91351,Canyon Country,Los Angeles County,2013-10,74
91351,Canyon Country,Los Angeles County,2013-11,74
91351,Canyon Country,Los Angeles County,2013-12,70
91351,Canyon Country,Los Angeles County,2014-04,70
91351,Canyon Country,Los Angeles County,2014-08,74
91351,Canyon Country,Los Angeles County,2014-10,65
91351,Canyon Country,Los Angeles County,2014-12,65
91351,Canyon Country,Los Angeles County,2015-10,74
91351,Canyon Country,Los Angeles County,2016-02,74
91351,Canyon Country,Los Angeles County,2016-05,67
91351,Canyon Country,Los Angeles County,2016-06,67
91351,Canyon Country,Los Angeles County,2016-08,69
91351,Canyon Country,Los Angeles County,2019-01,52
91351,Canyon Country,Los Angeles County,2019-05,63
91351,Canyon Country,Los Angeles County,2020-03,71
91351,Canyon Country,Los Angeles County,2022-01,83
91351,Canyon Country,Los Angeles County,2022-12,54
91351,Canyon Country,Los Angeles County,2023-10,63
91351,Canyon Country,Los Angeles County,2024-03,61
91351,Canyon Country,Los Angeles County,2024-09,63
91351,Canyon Country,Los Angeles County,2025-04,56
91351,Canyon Country,Los Angeles County,2025-08,51
91352,Sun Valley,Los Angeles County,2012-06,65
91352,Sun Valley,Los Angeles County,2012-08,71
91352,Sun Valley,Los Angeles County,2013-04,87
91352,Sun Valley,Los Angeles County,2013-07,83
91352,Sun Valley,Los Angeles County,2013-08,83
91352,Sun Valley,Los Angeles County,2016-03,58
91352,Sun Valley,Los Angeles County,2016-07,72
91352,Sun Valley,Los Angeles County,2017-02,63
91352,Sun Valley,Los Angeles County,2018-12,58
91352,Sun Valley,Los Angeles County,2019-12,61
91352,Sun Valley,Los Angeles County,2020-06,70
91352,Sun Valley,Los Angeles County,2020-11,71
91352,Sun Valley,Los Angeles County,2021-06,75
91352,Sun Valley,Los Angeles County,2021-07,74
91352,Sun Valley,Los Angeles County,2022-07,80
91352,Sun Valley,Los Angeles County,2022-08,65
91352,Sun Valley,Los Angeles County,2024-02,72
91352,Sun Valley,Los Angeles County,2025-08,71
91354,Valencia,Los Angeles County,2013-02,83
91354,Valencia,Los Angeles County,2013-11,67
91354,Valencia,Los Angeles County,2015-12,67
91354,Valencia,Los Angeles County,2017-07,72
91354,Valencia,Los Angeles County,2018-05,74
91354,Valencia,Los Angeles County,2019-04,58
91354,Valencia,Los Angeles County,2019-07,67
91354,Valencia,Los Angeles County,2020-12,77
91354,Valencia,Los Angeles County,2021-05,91
91354,Valencia,Los Angeles County,2021-08,83
91354,Valencia,Los Angeles County,2023-04,67
91354,Valencia,Los Angeles County,2023-12,63
91354,Valencia,Los Angeles County,2024-01,61
91354,Valencia,Los Angeles County,2025-10,51
91354,Valencia,Los Angeles County,2025-12,46
91355,Valencia,Los Angeles County,2012-05,55
91355,Valencia,Los Angeles County,2013-06,83
91355,Valencia,Los Angeles County,2014-03,69
91355,Valencia,Los Angeles County,2014-10,61
91355,Valencia,Los Angeles County,2015-08,65
91355,Valencia,Los Angeles County,2016-02,67
91355,Valencia,Los Angeles County,2016-08,67
91355,Valencia,Los Angeles County,2017-02,61
91355,Valencia,Los Angeles County,2018-10,56
91355,Valencia,Los Angeles County,2019-04,58
91355,Valencia,Los Angeles County,2021-10,91
91355,Valencia,Los Angeles County,2023-09,80
91355,Valencia,Los Angeles County,2024-12,58
91355,Valencia,Los Angeles County,2025-04,70
91355,Valencia,Los Angeles County,2025-08,61
91356,Tarzana,Los Angeles County,2013-10,74
91356,Tarzana,Los Angeles County,2014-04,70
91356,Tarzana,Los Angeles County,2015-10,55
91356,Tarzana,Los Angeles County,2016-04,70
91356,Tarzana,Los Angeles County,2017-10,63
91356,Tarzana,Los Angeles County,2017-12,61
91356,Tarzana,Los Angeles County,2018-02,63
91356,Tarzana,Los Angeles County,2019-02,48
91356,Tarzana,Los Angeles County,2019-12,55
91356,Tarzana,Los Angeles County,2020-05,61
91356,Tarzana,Los Angeles County,2021-04,75
91356,Tarzana,Los Angeles County,2023-08,63
91356,Tarzana,Los Angeles County,2023-10,63
91356,Tarzana,Los Angeles County,2025-02,52
91356,Tarzana,Los Angeles County,2025-10,49
91360,Thousand Oaks,Ventura County,2013-02,67
91360,Thousand Oaks,Ventura County,2013-03,69
91360,Thousand Oaks,Ventura County,2014-05,65
91360,Thousand Oaks,Ventura County,2014-12,50
91360,Thousand Oaks,Ventura County,2017-04,67
91360,Thousand Oaks,Ventura County,2017-11,58
91360,Thousand Oaks,Ventura County,2019-02,55
91360,Thousand Oaks,Ventura County,2021-02,71
91360,Thousand Oaks,Ventura County,2021-09,87
91360,Thousand Oaks,Ventura County,2021-12,79
91360,Thousand Oaks,Ventura County,2022-01,75
91360,Thousand Oaks,Ventura County,2022-06,83
91360,Thousand Oaks,Ventura County,2022-09,70
91360,Thousand Oaks,Ventura County,2022-10,67
91360,Thousand Oaks,Ventura County,2022-11,63
91360,Thousand Oaks,Ventura County,2024-05,74
91360,Thousand Oaks,Ventura County,2024-07,72
91360,Thousand Oaks,Ventura County,2025-03,67
91361,Westlake Village,Ventura County,2012-08,54
91361,Westlake Village,Ventura County,2012-11,49
91361,Westlake Village,Ventura County,2014-01,44
91361,Westlake Village,Ventura County,2016-02,47
91361,Westlake Village,Ventura County,2016-10,50
91361,Westlake Village,Ventura County,2017-02,40
91361,Westlake Village,Ventura County,2018-07,56
91361,Westlake Village,Ventura County,2018-10,51
91361,Westlake Village,Ventura County,2019-12,44
91361,Westlake Village,Ventura County,2020-04,47
91361,Westlake Village,Ventura County,2021-10,74
91361,Westlake Village,Ventura County,2022-04,80
91361,Westlake Village,Ventura County,2022-07,77
91361,Westlake Village,Ventura County,2022-09,65
91361,Westlake Village,Ventura County,2023-07,65
91361,Westlake Village,Ventura County,2025-06,56
91362,Thousand Oaks,Ventura County,2013-11,58
91362,Thousand Oaks,Ventura County,2014-07,58
91362,Thousand Oaks,Ventura County,2015-09,54
91362,Thousand Oaks,Ventura County,2016-01,50
91362,Thousand Oaks,Ventura County,2016-02,50
91362,Thousand Oaks,Ventura County,2016-03,55
91362,Thousand Oaks,Ventura County,2017-01,51
91362,Thousand Oaks,Ventura County,2017-04,61
91362,Thousand Oaks,Ventura County,2018-02,53
91362,Thousand Oaks,Ventura County,2019-09,50
91362,Thousand Oaks,Ventura County,2020-02,50
91362,Thousand Oaks,Ventura County,2020-08,52
91362,Thousand Oaks,Ventura County,2020-10,58
91362,Thousand Oaks,Ventura County,2020-12,65
91362,Thousand Oaks,Ventura County,2021-03,70
91362,Thousand Oaks,Ventura County,2021-06,75
91362,Thousand Oaks,Ventura County,2022-10,67
91362,Thousand Oaks,Ventura County,2024-06,70
91364,Woodland Hills,Los Angeles County,2012-12,58
91364,Woodland Hills,Los Angeles County,2015-10,65
91364,Woodland Hills,Los Angeles County,2016-06,65
91364,Woodland Hills,Los Angeles County,2017-01,49
91364,Woodland Hills,Los Angeles County,2017-11,55
91364,Woodland Hills,Los Angeles County,2018-04,71
91364,Woodland Hills,Los Angeles County,2021-01,71
91364,Woodland Hills,Los Angeles County,2021-02,74
91364,Woodland Hills,Los Angeles County,2021-11,79
91364,Woodland Hills,Los Angeles County,2023-01,58
91364,Woodland Hills,Los Angeles County,2023-04,74
91364,Woodland Hills,Los Angeles County,2023-10,69
91364,Woodland Hills,Los Angeles County,2024-04,65
91364,Woodland Hills,Los Angeles County,2024-08,58
91364,Woodland Hills,Los Angeles County,2025-08,48
91367,Woodland Hills,Los Angeles County,2012-10,65
91367,Woodland Hills,Los Angeles County,2013-12,67
91367,Woodland Hills,Los Angeles County,2014-05,72
91367,Woodland Hills,Los Angeles County,2014-10,58
91367,Woodland Hills,Los Angeles County,2014-11,58
91367,Woodland Hills,Los Angeles County,2015-10,71
91367,Woodland Hills,Los Angeles County,2016-03,65
91367,Woodland Hills,Los Angeles County,2017-03,67
91367,Woodland Hills,Los Angeles County,2018-03,69
91367,Woodland Hills,Los Angeles County,2018-05,70
91367,Woodland Hills,Los Angeles County,2019-04,54
91367,Woodland Hills,Los Angeles County,2019-10,56
91367,Woodland Hills,Los Angeles County,2021-03,75
91367,Woodland Hills,Los Angeles County,2022-06,87
91367,Woodland Hills,Los Angeles County,2022-10,63
91367,Woodland Hills,Los Angeles County,2023-05,77
91367,Woodland Hills,Los Angeles County,2023-08,83
91367,Woodland Hills,Los Angeles County,2023-10,71
91367,Woodland Hills,Los Angeles County,2024-08,65
91367,Woodland Hills,Los Angeles County,2025-02,52
91377,Oak Park,Ventura County,2012-11,60
91377,Oak Park,Ventura County,2013-12,54
91377,Oak Park,Ventura County,2014-09,58
91377,Oak Park,Ventura County,2015-01,54
91377,Oak Park,Ventura County,2017-08,65
91377,Oak Park,Ventura County,2018-11,58
91377,Oak Park,Ventura County,2019-03,52
91377,Oak Park,Ventura County,2019-05,60
91377,Oak Park,Ventura County,2019-10,48
91377,Oak Park,Ventura County,2020-01,52
91377,Oak Park,Ventura County,2022-08,75
91381,Stevenson Ranch,Los Angeles County,2013-03,80
91381,Stevenson Ranch,Los Angeles County,2013-07,79
91381,Stevenson Ranch,Los Angeles County,2013-08,77
91381,Stevenson Ranch,Los Angeles County,2014-02,54
91381,Stevenson Ranch,Los Angeles County,2014-06,63
91381,Stevenson Ranch,Los Angeles County,2015-03,65
91381,Stevenson Ranch,Los Angeles County,2016-10,58
91381,Stevenson Ranch,Los Angeles County,2017-08,60
91381,Stevenson Ranch,Los Angeles County,2017-09,58
91381,Stevenson Ranch,Los Angeles County,2018-09,58
91381,Stevenson Ranch,Los Angeles County,2019-02,47
91381,Stevenson Ranch,Los Angeles County,2019-04,58
91381,Stevenson Ranch,Los Angeles County,2020-11,74
91381,Stevenson Ranch,Los Angeles County,2022-07,77
91381,Stevenson Ranch,Los Angeles County,2022-12,55
91381,Stevenson Ranch,Los Angeles County,2024-05,55
91381,Stevenson Ranch,Los Angeles County,2024-08,58
91382,Santa Clarita,Los Angeles County,2012-05,52
91382,Santa Clarita,Los Angeles County,2012-09,58
91382,Santa Clarita,Los Angeles County,2013-05,75
91382,Santa Clarita,Los Angeles County,2014-07,61
91382,Santa Clarita,Los Angeles County,2015-05,65
91382,Santa Clarita,Los Angeles County,2015-06,70
91382,Santa Clarita,Los Angeles County,2016-02,83
91382,Santa Clarita,Los Angeles County,2016-06,77
91382,Santa Clarita,Los Angeles County,2016-07,69
91382,Santa Clarita,Los Angeles County,2017-02,55
91382,Santa Clarita,Los Angeles County,2018-04,48
91382,Santa Clarita,Los Angeles County,2018-10,52
91382,Santa Clarita,Los Angeles County,2019-03,44
91382,Santa Clarita,Los Angeles County,2019-07,71
91382,Santa Clarita,Los Angeles County,2021-08,80
91382,Santa Clarita,Los Angeles County,2022-07,72
91382,Santa Clarita,Los Angeles County,2022-11,60
91382,Santa Clarita,Los Angeles County,2023-03,63
91382,Santa Clarita,Los Angeles County,2024-12,79
91384,Castaic,Los Angeles County,2012-05,47
91384,Castaic,Los Angeles County,2013-06,80
91384,Castaic,Los Angeles County,2013-11,75
91384,Castaic,Los Angeles County,2015-10,67
91384,Castaic,Los Angeles County,2016-03,65
91384,Castaic,Los Angeles County,2016-05,67
91384,Castaic,Los Angeles County,2016-12,56
91384,Castaic,Los Angeles County,2017-06,70
91384,Castaic,Los Angeles County,2017-11,58
91384,Castaic,Los Angeles County,2019-01,50
91384,Castaic,Los Angeles County,2019-11,61
91384,Castaic,Los Angeles County,2020-08,71
91384,Castaic,Los Angeles County,2020-12,79
91384,Castaic,Los Angeles County,2021-06,80
91384,Castaic,Los Angeles County,2022-06,83
91384,Castaic,Los Angeles County,2024-05,70
91384,Castaic,Los Angeles County,2024-09,61
91384,Castaic,Los Angeles County,2024-11,56
91387,Canyon Country,Los Angeles County,2014-01,67
91387,Canyon Country,Los Angeles County,2014-05,65
91387,Canyon Country,Los Angeles County,2014-08,69
91387,Canyon Country,Los Angeles County,2015-10,63
91387,Canyon Country,Los Angeles County,2017-01,60
91387,Canyon Country,Los Angeles County,2017-08,67
91387,Canyon Country,Los Angeles County,2017-12,58
91387,Canyon Country,Los Angeles County,2018-03,69
91387,Canyon Country,Los Angeles County,2018-09,58
91387,Canyon Country,Los Angeles County,2018-10,55
91387,Canyon Country,Los Angeles County,2022-08,74
91387,Canyon Country,Los Angeles County,2024-12,58
91390,Santa Clarita,Los Angeles County,2012-03,48
91390,Santa Clarita,Los Angeles County,2012-09,58
91390,Santa Clarita,Los Angeles County,2012-10,63
91390,Santa Clarita,Los Angeles County,2013-01,61
91390,Santa Clarita,Los Angeles County,2014-03,53
91390,Santa Clarita,Los Angeles County,2014-07,58
91390,Santa Clarita,Los Angeles County,2015-12,54
91390,Santa Clarita,Los Angeles County,2016-08,56
91390,Santa Clarita,Los Angeles County,2017-01,49
91390,Santa Clarita,Los Angeles County,2017-05,65
91390,Santa Clarita,Los Angeles County,2017-12,55
91390,Santa Clarita,Los Angeles County,2018-05,67
91390,Santa Clarita,Los Angeles County,2018-09,54
91390,Santa Clarita,Los Angeles County,2020-10,71
91390,Santa Clarita,Los Angeles County,2021-01,67
91390,Santa Clarita,Los Angeles County,2022-01,74
91390,Santa Clarita,Los Angeles County,2022-04,74
91390,Santa Clarita,Los Angeles County,2022-11,58
91390,Santa Clarita,Los Angeles County,2023-12,61
91390,Santa Clarita,Los Angeles County,2024-06,74
91390,Santa Clarita,Los Angeles County,2024-08,72
91390,Santa Clarita,Los Angeles County,2025-09,49
91396,Winnetka,Los Angeles County,2013-03,61
91396,Winnetka,Los Angeles County,2013-05,80
91396,Winnetka,Los Angeles County,2016-02,58
91396,Winnetka,Los Angeles County,2016-05,67
91396,Winnetka,Los Angeles County,2016-10,63
91396,Winnetka,Los Angeles County,2016-12,58
91396,Winnetka,Los Angeles County,2018-03,67
91396,Winnetka,Los Angeles County,2018-11,34
91396,Winnetka,Los Angeles County,2019-07,53
91396,Winnetka,Los Angeles County,2021-01,65
91396,Winnetka,Los Angeles County,2021-04,71
91396,Winnetka,Los Angeles County,2021-07,80
91396,Winnetka,Los Angeles County,2021-12,83
91396,Winnetka,Los Angeles County,2022-01,83
91396,Winnetka,Los Angeles County,2022-06,83
91396,Winnetka,Los Angeles County,2022-08,83
91396,Winnetka,Los Angeles County,2022-12,55
91396,Winnetka,Los Angeles County,2025-03,33
91396,Winnetka,Los Angeles County,2025-05,47
91401,Van Nuys,Los Angeles County,2014-06,75
91401,Van Nuys,Los Angeles County,2015-05,77
91401,Van Nuys,Los Angeles County,2015-07,70
91401,Van Nuys,Los Angeles County,2016-11,63
91401,Van Nuys,Los Angeles County,2017-07,70
91401,Van Nuys,Los Angeles County,2018-04,74
91401,Van Nuys,Los Angeles County,2019-05,58
91401,Van Nuys,Los Angeles County,2020-10,75
91401,Van Nuys,Los Angeles County,2021-09,79
91401,Van Nuys,Los Angeles County,2022-05,83
91401,Van Nuys,Los Angeles County,2023-02,56
91401,Van Nuys,Los Angeles County,2023-04,61
91401,Van Nuys,Los Angeles County,2023-05,67
91401,Van Nuys,Los Angeles County,2024-01,61
91401,Van Nuys,Los Angeles County,2025-01,56
91401,Van Nuys,Los Angeles County,2025-07,61
91402,Panorama City,Los Angeles County,2013-09,79
91402,Panorama City,Los Angeles County,2014-05,75
91402,Panorama City,Los Angeles County,2014-06,77
91402,Panorama City,Los Angeles County,2014-11,70
91402,Panorama City,Los Angeles County,2016-08,67
91402,Panorama City,Los Angeles County,2019-08,65
91402,Panorama City,Los Angeles County,2020-02,71
91402,Panorama City,Los Angeles County,2020-08,74
91402,Panorama City,Los Angeles County,2020-10,74
91402,Panorama City,Los Angeles County,2020-11,77
91402,Panorama City,Los Angeles County,2021-05,87
91402,Panorama City,Los Angeles County,2021-07,87
91402,Panorama City,Los Angeles County,2021-10,83
91402,Panorama City,Los Angeles County,2022-03,83
91402,Panorama City,Los Angeles County,2022-09,74
91402,Panorama City,Los Angeles County,2022-11,56
91402,Panorama City,Los Angeles County,2023-05,63
91402,Panorama City,Los Angeles County,2023-12,67
91402,Panorama City,Los Angeles County,2024-11,63
91402,Panorama City,Los Angeles County,2025-10,60
91403,Sherman Oaks,Los Angeles County,2012-09,56
91403,Sherman Oaks,Los Angeles County,2013-05,83
91403,Sherman Oaks,Los Angeles County,2014-01,67
91403,Sherman Oaks,Los Angeles County,2014-05,69
91403,Sherman Oaks,Los Angeles County,2014-08,65
91403,Sherman Oaks,Los Angeles County,2015-02,58
91403,Sherman Oaks,Los Angeles County,2015-04,77
91403,Sherman Oaks,Los Angeles County,2015-07,70
91403,Sherman Oaks,Los Angeles County,2015-10,65
91403,Sherman Oaks,Los Angeles County,2016-04,65
91403,Sherman Oaks,Los Angeles County,2016-07,61
91403,Sherman Oaks,Los Angeles County,2017-04,69
91403,Sherman Oaks,Los Angeles County,2017-07,74
91403,Sherman Oaks,Los Angeles County,2018-08,67
91403,Sherman Oaks,Los Angeles County,2019-10,51
91403,Sherman Oaks,Los Angeles County,2020-05,65
91403,Sherman Oaks,Los Angeles County,2021-09,83
91403,Sherman Oaks,Los Angeles County,2022-10,60
91403,Sherman Oaks,Los Angeles County,2023-06,77
91403,Sherman Oaks,Los Angeles County,2023-11,65
91403,Sherman Oaks,Los Angeles County,2025-06,55
91403,Sherman Oaks,Los Angeles County,2025-11,44
91405,Van Nuys,Los Angeles County,2012-04,50
91405,Van Nuys,Los Angeles County,2013-03,83
91405,Van Nuys,Los Angeles County,2013-10,80
91405,Van Nuys,Los Angeles County,2013-11,77
91405,Van Nuys,Los Angeles County,2014-02,67
91405,Van Nuys,Los Angeles County,2015-01,56
91405,Van Nuys,Los Angeles County,2015-07,67
91405,Van Nuys,Los Angeles County,2015-11,61
91405,Van Nuys,Los Angeles County,2016-04,61
91405,Van Nuys,Los Angeles County,2016-07,65
91405,Van Nuys,Los Angeles County,2018-01,69
91405,Van Nuys,Los Angeles County,2018-07,69
91405,Van Nuys,Los Angeles County,2019-03,65
91405,Van Nuys,Los Angeles County,2021-06,83
91405,Van Nuys,Los Angeles County,2021-10,83
91405,Van Nuys,Los Angeles County,2021-11,77
91405,Van Nuys,Los Angeles County,2023-04,75
91405,Van Nuys,Los Angeles County,2025-02,56
91405,Van Nuys,Los Angeles County,2025-10,51
91405,Van Nuys,Los Angeles County,2025-12,50
91406,Van Nuys,Los Angeles County,2012-03,50
91406,Van Nuys,Los Angeles County,2012-11,74
91406,Van Nuys,Los Angeles County,2014-05,67
91406,Van Nuys,Los Angeles County,2015-09,67
91406,Van Nuys,Los Angeles County,2015-10,71
91406,Van Nuys,Los Angeles County,2016-06,74
91406,Van Nuys,Los Angeles County,2016-07,74
91406,Van Nuys,Los Angeles County,2016-10,67
91406,Van Nuys,Los Angeles County,2016-11,67
91406,Van Nuys,Los Angeles County,2016-12,61
91406,Van Nuys,Los Angeles County,2020-05,79
91406,Van Nuys,Los Angeles County,2021-06,83
91406,Van Nuys,Los Angeles County,2024-02,61
91406,Van Nuys,Los Angeles County,2024-05,69
91406,Van Nuys,Los Angeles County,2024-07,67
91406,Van Nuys,Los Angeles County,2024-08,63
91406,Van Nuys,Los Angeles County,2024-12,58
91406,Van Nuys,Los Angeles County,2025-01,54
91406,Van Nuys,Los Angeles County,2025-04,70
91406,Van Nuys,Los Angeles County,2025-06,63
91411,Van Nuys,Los Angeles County,2012-11,74
91411,Van Nuys,Los Angeles County,2012-12,72
91411,Van Nuys,Los Angeles County,2013-02,87
91411,Van Nuys,Los Angeles County,2014-10,63
91411,Van Nuys,Los Angeles County,2014-12,63
91411,Van Nuys,Los Angeles County,2015-04,65
91411,Van Nuys,Los Angeles County,2015-12,72
91411,Van Nuys,Los Angeles County,2017-03,49
91411,Van Nuys,Los Angeles County,2018-10,63
91411,Van Nuys,Los Angeles County,2019-04,60
91411,Van Nuys,Los Angeles County,2019-08,72
91411,Van Nuys,Los Angeles County,2020-02,58
91411,Van Nuys,Los Angeles County,2020-07,67
91411,Van Nuys,Los Angeles County,2021-04,74
91411,Van Nuys,Los Angeles County,2021-05,72
91411,Van Nuys,Los Angeles County,2021-10,87
91411,Van Nuys,Los Angeles County,2022-06,79
91411,Van Nuys,Los Angeles County,2022-09,71
91411,Van Nuys,Los Angeles County,2023-05,77
91411,Van Nuys,Los Angeles County,2023-09,80
91411,Van Nuys,Los Angeles County,2024-01,61
91411,Van Nuys,Los Angeles County,2025-10,56
91411,Van Nuys,Los Angeles County,2025-12,58
91412,Panorama City,Los Angeles County,2014-03,52
91412,Panorama City,Los Angeles County,2015-06,49
91412,Panorama City,Los Angeles County,2015-07,49
91412,Panorama City,Los Angeles County,2016-09,67
91412,Panorama City,Los Angeles County,2024-06,58
91423,Sherman Oaks,Los Angeles County,2013-03,80
91423,Sherman Oaks,Los Angeles County,2015-10,77
91423,Sherman Oaks,Los Angeles County,2015-12,67
91423,Sherman Oaks,Los Angeles County,2017-03,63
91423,Sherman Oaks,Los Angeles County,2019-03,47
91423,Sherman Oaks,Los Angeles County,2019-09,58
91423,Sherman Oaks,Los Angeles County,2020-05,65
91423,Sherman Oaks,Los Angeles County,2021-06,77
91423,Sherman Oaks,Los Angeles County,2022-07,75
91423,Sherman Oaks,Los Angeles County,2022-09,67
91423,Sherman Oaks,Los Angeles County,2024-03,52
91423,Sherman Oaks,Los Angeles County,2024-04,61
91423,Sherman Oaks,Los Angeles County,2024-10,58
91436,Encino,Los Angeles County,2012-04,63
91436,Encino,Los Angeles County,2012-08,63
91436,Encino,Los Angeles County,2012-10,58
91436,Encino,Los Angeles County,2013-07,77
91436,Encino,Los Angeles County,2013-08,79
91436,Encino,Los Angeles County,2013-11,69
91436,Encino,Los Angeles County,2015-02,60
91436,Encino,Los Angeles County,2015-06,72
91436,Encino,Los Angeles County,2015-07,67
91436,Encino,Los Angeles County,2016-04,65
91436,Encino,Los Angeles County,2016-06,58
91436,Encino,Los Angeles County,2016-11,48
91436,Encino,Los Angeles County,2017-07,60
91436,Encino,Los Angeles County,2019-04,47
91436,Encino,Los Angeles County,2020-07,60
91436,Encino,Los Angeles County,2021-01,55
91436,Encino,Los Angeles County,2021-11,75
91436,Encino,Los Angeles County,2024-02,52
91436,Encino,Los Angeles County,2024-03,55
91436,Encino,Los Angeles County,2024-06,67
91436,Encino,Los Angeles County,2024-07,63
91436,Encino,Los Angeles County,2024-09,52
91436,Encino,Los Angeles County,2024-12,49
91436,Encino,Los Angeles County,2025-01,47
91501,Burbank,Los Angeles County,2012-07,58
91501,Burbank,Los Angeles County,2013-05,77
91501,Burbank,Los Angeles County,2014-05,70
91501,Burbank,Los Angeles County,2014-06,69
91501,Burbank,Los Angeles County,2014-07,71
91501,Burbank,Los Angeles County,2015-02,61
91501,Burbank,Los Angeles County,2015-08,65
91501,Burbank,Los Angeles County,2015-11,54
91501,Burbank,Los Angeles County,2015-12,58
91501,Burbank,Los Angeles County,2016-02,65
91501,Burbank,Los Angeles County,2016-03,74
91501,Burbank,Los Angeles County,2016-07,70
91501,Burbank,Los Angeles County,2017-03,63
91501,Burbank,Los Angeles County,2017-05,67
91501,Burbank,Los Angeles County,2018-06,65
91501,Burbank,Los Angeles County,2019-04,51
91501,Burbank,Los Angeles County,2019-11,60
91501,Burbank,Los Angeles County,2020-09,63
91501,Burbank,Los Angeles County,2020-12,71
91501,Burbank,Los Angeles County,2021-12,83
91501,Burbank,Los Angeles County,2022-02,71
91501,Burbank,Los Angeles County,2022-12,63
91501,Burbank,Los Angeles County,2023-04,69
91501,Burbank,Los Angeles County,2025-08,52
91502,Burbank,Los Angeles County,2012-06,58
91502,Burbank,Los Angeles County,2016-01,58
91502,Burbank,Los Angeles County,2016-07,69
91502,Burbank,Los Angeles County,2017-04,63
91502,Burbank,Los Angeles County,2018-10,54
91502,Burbank,Los Angeles County,2019-12,47
91502,Burbank,Los Angeles County,2020-06,61
91502,Burbank,Los Angeles County,2021-02,58
91502,Burbank,Los Angeles County,2021-06,70
91502,Burbank,Los Angeles County,2021-08,71
91502,Burbank,Los Angeles County,2022-11,55
91502,Burbank,Los Angeles County,2024-09,44
91502,Burbank,Los Angeles County,2025-01,63
91502,Burbank,Los Angeles County,2025-03,70
91502,Burbank,Los Angeles County,2025-11,55
91504,Burbank,Los Angeles County,2012-09,71
91504,Burbank,Los Angeles County,2013-11,63
91504,Burbank,Los Angeles County,2014-01,74
91504,Burbank,Los Angeles County,2014-09,60
91504,Burbank,Los Angeles County,2014-12,63
91504,Burbank,Los Angeles County,2015-02,63
91504,Burbank,Los Angeles County,2015-04,63
91504,Burbank,Los Angeles County,2016-11,58
91504,Burbank,Los Angeles County,2017-01,56
91504,Burbank,Los Angeles County,2018-11,65
91504,Burbank,Los Angeles County,2019-07,74
91504,Burbank,Los Angeles County,2019-11,63
91504,Burbank,Los Angeles County,2021-11,79
91504,Burbank,Los Angeles County,2023-11,77
91504,Burbank,Los Angeles County,2025-04,65
91505,Burbank,Los Angeles County,2014-01,69
91505,Burbank,Los Angeles County,2014-10,74
91505,Burbank,Los Angeles County,2015-02,67
91505,Burbank,Los Angeles County,2015-06,74
91505,Burbank,Los Angeles County,2016-03,77
91505,Burbank,Los Angeles County,2016-06,65
91505,Burbank,Los Angeles County,2016-12,63
91505,Burbank,Los Angeles County,2017-03,63
91505,Burbank,Los Angeles County,2017-11,75
91505,Burbank,Los Angeles County,2020-01,65
91505,Burbank,Los Angeles County,2020-10,77
91505,Burbank,Los Angeles County,2020-12,80
91505,Burbank,Los Angeles County,2021-03,80
91505,Burbank,Los Angeles County,2022-03,83
91505,Burbank,Los Angeles County,2022-10,65
91505,Burbank,Los Angeles County,2023-05,79
91505,Burbank,Los Angeles County,2023-06,79
91505,Burbank,Los Angeles County,2024-06,75
91505,Burbank,Los Angeles County,2024-12,63
91505,Burbank,Los Angeles County,2025-04,67
91505,Burbank,Los Angeles County,2025-06,69
91505,Burbank,Los Angeles County,2025-11,58
91505,Burbank,Los Angeles County,2025-12,56
91506,Burbank,Los Angeles County,2012-09,67
91506,Burbank,Los Angeles County,2013-03,74
91506,Burbank,Los Angeles County,2013-04,80
91506,Burbank,Los Angeles County,2013-09,77
91506,Burbank,Los Angeles County,2014-05,67
91506,Burbank,Los Angeles County,2014-09,69
91506,Burbank,Los Angeles County,2017-02,60
91506,Burbank,Los Angeles County,2017-09,70
91506,Burbank,Los Angeles County,2019-07,74
91506,Burbank,Los Angeles County,2019-08,70
91506,Burbank,Los Angeles County,2019-10,65
91506,Burbank,Los Angeles County,2021-03,80
91506,Burbank,Los Angeles County,2021-10,77
91506,Burbank,Los Angeles County,2022-03,80
91506,Burbank,Los Angeles County,2023-03,67
91506,Burbank,Los Angeles County,2023-07,77
91506,Burbank,Los Angeles County,2023-08,77
91506,Burbank,Los Angeles County,2024-07,83
91506,Burbank,Los Angeles County,2024-10,65
91506,Burbank,Los Angeles County,2024-12,61
91601,North Hollywood,Los Angeles County,2015-12,54
91601,North Hollywood,Los Angeles County,2016-03,60
91601,North Hollywood,Los Angeles County,2016-10,69
91601,North Hollywood,Los Angeles County,2017-04,71
91601,North Hollywood,Los Angeles County,2020-01,58
91601,North Hollywood,Los Angeles County,2020-05,58
91601,North Hollywood,Los Angeles County,2022-12,49
91601,North Hollywood,Los Angeles County,2023-06,72
91601,North Hollywood,Los Angeles County,2023-10,60
91602,North Hollywood,Los Angeles County,2013-12,61
91602,North Hollywood,Los Angeles County,2015-12,60
91602,North Hollywood,Los Angeles County,2016-05,71
91602,North Hollywood,Los Angeles County,2016-08,67
91602,North Hollywood,Los Angeles County,2017-03,65
91602,North Hollywood,Los Angeles County,2017-08,67
91602,North Hollywood,Los Angeles County,2019-10,55
91602,North Hollywood,Los Angeles County,2020-02,67
91602,North Hollywood,Los Angeles County,2021-05,74
91602,North Hollywood,Los Angeles County,2021-11,74
91602,North Hollywood,Los Angeles County,2022-01,80
91602,North Hollywood,Los Angeles County,2022-03,79
91602,North Hollywood,Los Angeles County,2022-12,58
91602,North Hollywood,Los Angeles County,2023-04,72
91602,North Hollywood,Los Angeles County,2023-08,70
91602,North Hollywood,Los Angeles County,2025-03,47
91602,North Hollywood,Los Angeles County,2025-11,49
91604,Studio City,Los Angeles County,2013-03,75
91604,Studio City,Los Angeles County,2014-10,61
91604,Studio City,Los Angeles County,2015-01,65
91604,Studio City,Los Angeles County,2015-02,65
91604,Studio City,Los Angeles County,2015-07,74
91604,Studio City,Los Angeles County,2017-07,70
91604,Studio City,Los Angeles County,2018-08,63
91604,Studio City,Los Angeles County,2018-12,56
91604,Studio City,Los Angeles County,2020-09,69
91604,Studio City,Los Angeles County,2022-09,61
91604,Studio City,Los Angeles County,2024-01,52
91604,Studio City,Los Angeles County,2024-11,55
91604,Studio City,Los Angeles County,2024-12,49
91604,Studio City,Los Angeles County,2025-01,48
91604,Studio City,Los Angeles County,2025-08,55
91604,Studio City,Los Angeles County,2025-10,53
91605,North Hollywood,Los Angeles County,2012-12,72
91605,North Hollywood,Los Angeles County,2013-03,72
91605,North Hollywood,Los Angeles County,2013-07,75
91605,North Hollywood,Los Angeles County,2013-12,72
91605,North Hollywood,Los Angeles County,2014-03,63
91605,North Hollywood,Los Angeles County,2015-09,70
91605,North Hollywood,Los Angeles County,2016-10,65
91605,North Hollywood,Los Angeles County,2016-12,63
91605,North Hollywood,Los Angeles County,2020-02,72
91605,North Hollywood,Los Angeles County,2020-08,63
91605,North Hollywood,Los Angeles County,2023-02,44
91605,North Hollywood,Los Angeles County,2023-07,74
91605,North Hollywood,Los Angeles County,2023-11,63
91605,North Hollywood,Los Angeles County,2024-11,65
91605,North Hollywood,Los Angeles County,2025-07,58
91605,North Hollywood,Los Angeles County,2025-09,58
91605,North Hollywood,Los Angeles County,2025-12,52
91606,North Hollywood,Los Angeles County,2012-09,69
91606,North Hollywood,Los Angeles County,2014-02,67
91606,North Hollywood,Los Angeles County,2014-08,72
91606,North Hollywood,Los Angeles County,2015-03,58
91606,North Hollywood,Los Angeles County,2015-04,61
91606,North Hollywood,Los Angeles County,2017-03,60
91606,North Hollywood,Los Angeles County,2017-10,74
91606,North Hollywood,Los Angeles County,2018-04,80
91606,North Hollywood,Los Angeles County,2018-09,67
91606,North Hollywood,Los Angeles County,2020-09,67
91606,North Hollywood,Los Angeles County,2020-11,74
91606,North Hollywood,Los Angeles County,2021-08,77
91606,North Hollywood,Los Angeles County,2021-10,77
91606,North Hollywood,Los Angeles County,2022-03,79
91606,North Hollywood,Los Angeles County,2022-10,58
91606,North Hollywood,Los Angeles County,2022-11,63
91606,North Hollywood,Los Angeles County,2025-03,50
91606,North Hollywood,Los Angeles County,2025-05,61
91607,Valley Village,Los Angeles County,2013-09,74
91607,Valley Village,Los Angeles County,2015-02,63
91607,Valley Village,Los Angeles County,2015-03,74
91607,Valley Village,Los Angeles County,2015-09,69
91607,Valley Village,Los Angeles County,2016-12,56
91607,Valley Village,Los Angeles County,2018-08,77
91607,Valley Village,Los Angeles County,2019-09,61
91607,Valley Village,Los Angeles County,2020-03,65
91607,Valley Village,Los Angeles County,2020-07,67
91607,Valley Village,Los Angeles County,2021-12,75
91607,Valley Village,Los Angeles County,2022-03,83
91607,Valley Village,Los Angeles County,2022-06,83
91607,Valley Village,Los Angeles County,2023-01,58
91607,Valley Village,Los Angeles County,2023-08,74
91607,Valley Village,Los Angeles County,2024-06,65
91607,Valley Village,Los Angeles County,2024-07,70
91609,North Hollywood,Los Angeles County,2016-07,89
91609,North Hollywood,Los Angeles County,2016-08,74
91609,North Hollywood,Los Angeles County,2022-11,35
91609,North Hollywood,Los Angeles County,2025-03,49
91609,North Hollywood,Los Angeles County,2025-06,48
91614,Studio City,Los Angeles County,2013-05,83
91614,Studio City,Los Angeles County,2014-03,32
91614,Studio City,Los Angeles County,2015-10,50
91614,Studio City,Los Angeles County,2016-04,44
91614,Studio City,Los Angeles County,2016-09,50
91614,Studio City,Los Angeles County,2016-11,37
91614,Studio City,Los Angeles County,2018-12,75
91614,Studio City,Los Angeles County,2019-12,40
91614,Studio City,Los Angeles County,2020-04,29
91614,Studio City,Los Angeles County,2020-05,61
91614,Studio City,Los Angeles County,2020-06,52
91614,Studio City,Los Angeles County,2021-02,52
91614,Studio City,Los Angeles County,2021-03,50
91614,Studio City,Los Angeles County,2021-06,52
91614,Studio City,Los Angeles County,2022-07,29
91614,Studio City,Los Angeles County,2022-12,44
91614,Studio City,Los Angeles County,2024-04,67
91614,Studio City,Los Angeles County,2024-05,65
91614,Studio City,Los Angeles County,2024-09,44
91615,North Hollywood,Los Angeles County,2012-03,33
91615,North Hollywood,Los Angeles County,2012-05,51
91615,North Hollywood,Los Angeles County,2012-07,91
91615,North Hollywood,Los Angeles County,2013-10,65
91615,North Hollywood,Los Angeles County,2014-06,69
91615,North Hollywood,Los Angeles County,2015-05,69
91615,North Hollywood,Los Angeles County,2017-06,63
91615,North Hollywood,Los Angeles County,2018-02,33
91615,North Hollywood,Los Angeles County,2019-11,60
91617,Valley Village,Los Angeles County,2017-09,77
91617,Valley Village,Los Angeles County,2021-10,47
91617,Valley Village,Los Angeles County,2022-02,56
91701,Alta Loma,San Bernardino County,2012-08,67
91701,Alta Loma,San Bernardino County,2013-03,83
91701,Alta Loma,San Bernardino County,2013-11,67
91701,Alta Loma,San Bernardino County,2015-01,54
91701,Alta Loma,San Bernardino County,2015-11,54
91701,Alta Loma,San Bernardino County,2016-10,58
91701,Alta Loma,San Bernardino County,2017-03,61
91701,Alta Loma,San Bernardino County,2017-04,67
91701,Alta Loma,San Bernardino County,2018-01,63
91701,Alta Loma,San Bernardino County,2019-02,55
91701,Alta Loma,San Bernardino County,2019-08,65
91701,Alta Loma,San Bernardino County,2020-05,72
91701,Alta Loma,San Bernardino County,2021-04,83
91701,Alta Loma,San Bernardino County,2023-02,58
91701,Alta Loma,San Bernardino County,2023-09,80
91701,Alta Loma,San Bernardino County,2023-10,75
91701,Alta Loma,San Bernardino County,2023-11,77
91701,Alta Loma,San Bernardino County,2024-01,75
91701,Alta Loma,San Bernardino County,2024-12,65
91701,Alta Loma,San Bernardino County,2025-03,70
91701,Alta Loma,San Bernardino County,2025-06,69
91702,Azusa,Los Angeles County,2013-10,77
91702,Azusa,Los Angeles County,2014-01,71
91702,Azusa,Los Angeles County,2014-04,65
91702,Azusa,Los Angeles County,2014-05,67
91702,Azusa,Los Angeles County,2014-09,67
91702,Azusa,Los Angeles County,2014-12,55
91702,Azusa,Los Angeles County,2015-05,60
91702,Azusa,Los Angeles County,2017-04,58
91702,Azusa,Los Angeles County,2019-12,61
91702,Azusa,Los Angeles County,2020-01,61
91702,Azusa,Los Angeles County,2020-10,75
91702,Azusa,Los Angeles County,2022-03,87
91702,Azusa,Los Angeles County,2022-09,67
91702,Azusa,Los Angeles County,2023-08,87
91702,Azusa,Los Angeles County,2024-03,67
91702,Azusa,Los Angeles County,2024-12,65
91702,Azusa,Los Angeles County,2025-07,65
91702,Azusa,Los Angeles County,2025-09,63
91702,Azusa,Los Angeles County,2025-12,58
91706,Baldwin Park,Los Angeles County,2013-12,70
91706,Baldwin Park,Los Angeles County,2014-11,74
91706,Baldwin Park,Los Angeles County,2015-10,70
91706,Baldwin Park,Los Angeles County,2016-04,63
91706,Baldwin Park,Los Angeles County,2016-08,74
91706,Baldwin Park,Los Angeles County,2017-10,69
91706,Baldwin Park,Los Angeles County,2017-12,58
91706,Baldwin Park,Los Angeles County,2018-09,61
91706,Baldwin Park,Los Angeles County,2019-07,55
91706,Baldwin Park,Los Angeles County,2019-11,58
91706,Baldwin Park,Los Angeles County,2022-10,65
91706,Baldwin Park,Los Angeles County,2023-04,67
91706,Baldwin Park,Los Angeles County,2023-07,80
91706,Baldwin Park,Los Angeles County,2023-09,83
91706,Baldwin Park,Los Angeles County,2024-08,77
91708,Chino,San Bernardino County,2013-12,58
91708,Chino,San Bernardino County,2015-06,55
91708,Chino,San Bernardino County,2018-08,67
91708,Chino,San Bernardino County,2018-10,49
91708,Chino,San Bernardino County,2019-02,44
91708,Chino,San Bernardino County,2019-04,49
91708,Chino,San Bernardino County,2019-05,52
91708,Chino,San Bernardino County,2020-08,61
91708,Chino,San Bernardino County,2021-09,83
91708,Chino,San Bernardino County,2023-02,48
91708,Chino,San Bernardino County,2024-12,60
91708,Chino,San Bernardino County,2025-03,52
91709,Chino Hills,San Bernardino County,2012-12,69
91709,Chino Hills,San Bernardino County,2013-03,83
91709,Chino Hills,San Bernardino County,2016-07,65
91709,Chino Hills,San Bernardino County,2016-10,58
91709,Chino Hills,San Bernardino County,2017-09,63
91709,Chino Hills,San Bernardino County,2018-05,65
91709,Chino Hills,San Bernardino County,2019-08,55
91709,Chino Hills,San Bernardino County,2021-03,77
91709,Chino Hills,San Bernardino County,2021-09,80
91709,Chino Hills,San Bernardino County,2022-12,55
91709,Chino Hills,San Bernardino County,2023-02,58
91709,Chino Hills,San Bernardino County,2023-05,79
91709,Chino Hills,San Bernardino County,2024-09,72
91709,Chino Hills,San Bernardino County,2025-11,56
91710,Chino,San Bernardino County,2012-06,63
91710,Chino,San Bernardino County,2012-07,63
91710,Chino,San Bernardino County,2012-09,65
91710,Chino,San Bernardino County,2012-12,71
91710,Chino,San Bernardino County,2013-11,70
91710,Chino,San Bernardino County,2014-04,65
91710,Chino,San Bernardino County,2014-11,58
91710,Chino,San Bernardino County,2015-08,60
91710,Chino,San Bernardino County,2016-04,63
91710,Chino,San Bernardino County,2017-10,65
91710,Chino,San Bernardino County,2018-06,67
91710,Chino,San Bernardino County,2018-11,54
91710,Chino,San Bernardino County,2019-06,58
91710,Chino,San Bernardino County,2019-08,61
91710,Chino,San Bernardino County,2020-03,60
91710,Chino,San Bernardino County,2020-10,77
91710,Chino,San Bernardino County,2022-07,89
91710,Chino,San Bernardino County,2024-09,70
91710,Chino,San Bernardino County,2025-03,65
91710,Chino,San Bernardino County,2025-05,69
91710,Chino,San Bernardino County,2025-06,65
91710,Chino,San Bernardino County,2025-07,61
91710,Chino,San Bernardino County,2025-12,58
91711,Claremont,Los Angeles County,2013-05,74
91711,Claremont,Los Angeles County,2013-11,63
91711,Claremont,Los Angeles County,2014-06,67
91711,Claremont,Los Angeles County,2014-12,49
91711,Claremont,Los Angeles County,2015-09,55
91711,Claremont,Los Angeles County,2015-10,51
91711,Claremont,Los Angeles County,2016-10,61
91711,Claremont,Los Angeles County,2016-12,55
91711,Claremont,Los Angeles County,2017-03,55
91711,Claremont,Los Angeles County,2017-11,55
91711,Claremont,Los Angeles County,2019-04,50
91711,Claremont,Los Angeles County,2019-12,52
91711,Claremont,Los Angeles County,2020-06,65
91711,Claremont,Los Angeles County,2021-01,74
91711,Claremont,Los Angeles County,2021-08,89
91711,Claremont,Los Angeles County,2021-12,83
91711,Claremont,Los Angeles County,2022-01,79
91711,Claremont,Los Angeles County,2023-08,79
91711,Claremont,Los Angeles County,2024-03,61
91711,Claremont,Los Angeles County,2024-11,69
91722,Covina,Los Angeles County,2012-03,49
91722,Covina,Los Angeles County,2012-07,60
91722,Covina,Los Angeles County,2013-01,70
91722,Covina,Los Angeles County,2014-07,65
91722,Covina,Los Angeles County,2015-11,60
91722,Covina,Los Angeles County,2016-06,79
91722,Covina,Los Angeles County,2016-09,72
91722,Covina,Los Angeles County,2017-04,67
91722,Covina,Los Angeles County,2017-08,74
91722,Covina,Los Angeles County,2018-08,65
91722,Covina,Los Angeles County,2018-10,60
91722,Covina,Los Angeles County,2018-11,56
91722,Covina,Los Angeles County,2019-03,53
91722,Covina,Los Angeles County,2019-07,71
91722,Covina,Los Angeles County,2019-11,70
91722,Covina,Los Angeles County,2020-10,79
91722,Covina,Los Angeles County,2021-08,79
91722,Covina,Los Angeles County,2022-01,83
91722,Covina,Los Angeles County,2022-08,79
91722,Covina,Los Angeles County,2023-07,83
91722,Covina,Los Angeles County,2025-01,65
91722,Covina,Los Angeles County,2025-04,74
91722,Covina,Los Angeles County,2025-11,63
91723,Covina,Los Angeles County,2012-11,63
91723,Covina,Los Angeles County,2013-01,65
91723,Covina,Los Angeles County,2013-04,79
91723,Covina,Los Angeles County,2013-07,83
91723,Covina,Los Angeles County,2014-07,70
91723,Covina,Los Angeles County,2014-09,72
91723,Covina,Los Angeles County,2016-05,60
91723,Covina,Los Angeles County,2018-09,67
91723,Covina,Los Angeles County,2019-12,60
91723,Covina,Los Angeles County,2020-03,65
91723,Covina,Los Angeles County,2020-06,67
91723,Covina,Los Angeles County,2020-11,77
91723,Covina,Los Angeles County,2022-01,83
91723,Covina,Los Angeles County,2022-03,83
91723,Covina,Los Angeles County,2023-11,65
91723,Covina,Los Angeles County,2023-12,63
91723,Covina,Los Angeles County,2024-06,72
91724,Covina,Los Angeles County,2012-06,54
91724,Covina,Los Angeles County,2012-08,55
91724,Covina,Los Angeles County,2013-08,79
91724,Covina,Los Angeles County,2013-12,63
91724,Covina,Los Angeles County,2015-04,58
91724,Covina,Los Angeles County,2015-05,63
91724,Covina,Los Angeles County,2019-03,52
91724,Covina,Los Angeles County,2019-08,65
91724,Covina,Los Angeles County,2019-11,61
91724,Covina,Los Angeles County,2022-05,83
91724,Covina,Los Angeles County,2022-10,60
91724,Covina,Los Angeles County,2023-12,70
91724,Covina,Los Angeles County,2024-02,65
91724,Covina,Los Angeles County,2024-09,72
91724,Covina,Los Angeles County,2025-02,54
91724,Covina,Los Angeles County,2025-04,65
91724,Covina,Los Angeles County,2025-06,67
91730,Rancho Cucamonga,San Bernardino County,2012-08,70
91730,Rancho Cucamonga,San Bernardino County,2013-04,93
91730,Rancho Cucamonga,San Bernardino County,2014-03,67
91730,Rancho Cucamonga,San Bernardino County,2014-07,69
91730,Rancho Cucamonga,San Bernardino County,2014-10,61
91730,Rancho Cucamonga,San Bernardino County,2015-06,71
91730,Rancho Cucamonga,San Bernardino County,2018-10,58
91730,Rancho Cucamonga,San Bernardino County,2019-05,58
91730,Rancho Cucamonga,San Bernardino County,2019-09,61
91730,Rancho Cucamonga,San Bernardino County,2020-11,77
91730,Rancho Cucamonga,San Bernardino County,2021-07,93
91730,Rancho Cucamonga,San Bernardino County,2022-08,75
91730,Rancho Cucamonga,San Bernardino County,2022-11,61
91730,Rancho Cucamonga,San Bernardino County,2022-12,60
91730,Rancho Cucamonga,San Bernardino County,2024-04,74
91730,Rancho Cucamonga,San Bernardino County,2025-03,67
91730,Rancho Cucamonga,San Bernardino County,2025-11,58
91731,El Monte,Los Angeles County,2012-07,61
91731,El Monte,Los Angeles County,2013-01,67
91731,El Monte,Los Angeles County,2014-02,67
91731,El Monte,Los Angeles County,2014-05,67
91731,El Monte,Los Angeles County,2014-07,67
91731,El Monte,Los Angeles County,2015-11,48
91731,El Monte,Los Angeles County,2016-11,61
91731,El Monte,Los Angeles County,2017-07,72
91731,El Monte,Los Angeles County,2017-08,67
91731,El Monte,Los Angeles County,2020-07,48
91731,El Monte,Los Angeles County,2020-10,77
91731,El Monte,Los Angeles County,2020-12,63
91731,El Monte,Los Angeles County,2022-07,67
91731,El Monte,Los Angeles County,2022-11,74
91731,El Monte,Los Angeles County,2024-01,74
91731,El Monte,Los Angeles County,2024-09,74
91732,El Monte,Los Angeles County,2012-04,54
91732,El Monte,Los Angeles County,2012-08,52
91732,El Monte,Los Angeles County,2013-07,75
91732,El Monte,Los Angeles County,2014-06,61
91732,El Monte,Los Angeles County,2014-08,58
91732,El Monte,Los Angeles County,2015-02,52
91732,El Monte,Los Angeles County,2015-11,51
91732,El Monte,Los Angeles County,2016-04,53
91732,El Monte,Los Angeles County,2018-09,55
91732,El Monte,Los Angeles County,2018-11,50
91732,El Monte,Los Angeles County,2020-02,53
91732,El Monte,Los Angeles County,2021-06,74
91732,El Monte,Los Angeles County,2021-12,77
91732,El Monte,Los Angeles County,2022-04,79
91732,El Monte,Los Angeles County,2022-05,83
91732,El Monte,Los Angeles County,2023-04,65
91732,El Monte,Los Angeles County,2023-05,72
91732,El Monte,Los Angeles County,2024-01,61
91732,El Monte,Los Angeles County,2024-07,74
91732,El Monte,Los Angeles County,2025-07,56
91733,South El Monte,Los Angeles County,2012-12,72
91733,South El Monte,Los Angeles County,2013-04,67
91733,South El Monte,Los Angeles County,2014-04,60
91733,South El Monte,Los Angeles County,2014-05,70
91733,South El Monte,Los Angeles County,2015-07,61
91733,South El Monte,Los Angeles County,2015-10,53
91733,South El Monte,Los Angeles County,2019-03,61
91733,South El Monte,Los Angeles County,2019-04,61
91733,South El Monte,Los Angeles County,2019-05,55
91733,South El Monte,Los Angeles County,2020-05,65
91733,South El Monte,Los Angeles County,2020-06,53
91733,South El Monte,Los Angeles County,2021-10,72
91733,South El Monte,Los Angeles County,2022-04,70
91733,South El Monte,Los Angeles County,2023-10,69
91733,South El Monte,Los Angeles County,2025-11,51
91734,El Monte,Los Angeles County,2014-06,52
91737,Alta Loma,San Bernardino County,2012-05,61
91737,Alta Loma,San Bernardino County,2012-07,58
91737,Alta Loma,San Bernardino County,2012-11,65
91737,Alta Loma,San Bernardino County,2013-11,65
91737,Alta Loma,San Bernardino County,2014-08,65
91737,Alta Loma,San Bernardino County,2014-10,60
91737,Alta Loma,San Bernardino County,2015-01,49
91737,Alta Loma,San Bernardino County,2015-08,55
91737,Alta Loma,San Bernardino County,2015-10,55
91737,Alta Loma,San Bernardino County,2015-11,55
91737,Alta Loma,San Bernardino County,2015-12,54
91737,Alta Loma,San Bernardino County,2016-12,49
91737,Alta Loma,San Bernardino County,2018-10,53
91737,Alta Loma,San Bernardino County,2018-11,50
91737,Alta Loma,San Bernardino County,2019-10,52
91737,Alta Loma,San Bernardino County,2021-09,83
91737,Alta Loma,San Bernardino County,2021-11,77
91737,Alta Loma,San Bernardino County,2023-02,50
91737,Alta Loma,San Bernardino County,2023-10,67
91737,Alta Loma,San Bernardino County,2025-05,74
91739,Rancho Cucamonga,San Bernardino County,2014-07,67
91739,Rancho Cucamonga,San Bernardino County,2015-03,53
91739,Rancho Cucamonga,San Bernardino County,2015-12,55
91739,Rancho Cucamonga,San Bernardino County,2017-01,51
91739,Rancho Cucamonga,San Bernardino County,2017-02,50
91739,Rancho Cucamonga,San Bernardino County,2017-07,65
91739,Rancho Cucamonga,San Bernardino County,2018-03,61
91739,Rancho Cucamonga,San Bernardino County,2020-01,50
91739,Rancho Cucamonga,San Bernardino County,2021-05,83
91739,Rancho Cucamonga,San Bernardino County,2021-12,83
91739,Rancho Cucamonga,San Bernardino County,2022-04,83
91739,Rancho Cucamonga,San Bernardino County,2022-10,56
91739,Rancho Cucamonga,San Bernardino County,2023-07,80
91739,Rancho Cucamonga,San Bernardino County,2023-11,71
91739,Rancho Cucamonga,San Bernardino County,2023-12,67
91739,Rancho Cucamonga,San Bernardino County,2024-02,71
91739,Rancho Cucamonga,San Bernardino County,2024-03,77
91739,Rancho Cucamonga,San Bernardino County,2025-01,58
91740,Glendora,Los Angeles County,2014-02,65
91740,Glendora,Los Angeles County,2015-01,61
91740,Glendora,Los Angeles County,2015-06,67
91740,Glendora,Los Angeles County,2018-05,58
91740,Glendora,Los Angeles County,2019-04,58
91740,Glendora,Los Angeles County,2020-02,69
91740,Glendora,Los Angeles County,2021-11,80
91740,Glendora,Los Angeles County,2022-11,61
91740,Glendora,Los Angeles County,2023-06,83
91740,Glendora,Los Angeles County,2023-08,83
91740,Glendora,Los Angeles County,2023-09,83
91740,Glendora,Los Angeles County,2024-06,83
91740,Glendora,Los Angeles County,2025-11,63
91741,Glendora,Los Angeles County,2016-06,61
91741,Glendora,Los Angeles County,2016-07,63
91741,Glendora,Los Angeles County,2017-11,52
91741,Glendora,Los Angeles County,2018-05,67
91741,Glendora,Los Angeles County,2019-01,50
91741,Glendora,Los Angeles County,2019-02,52
91741,Glendora,Los Angeles County,2020-03,58
91741,Glendora,Los Angeles County,2021-03,75
91741,Glendora,Los Angeles County,2022-04,83
91741,Glendora,Los Angeles County,2022-09,61
91741,Glendora,Los Angeles County,2023-03,58
91741,Glendora,Los Angeles County,2023-05,72
91741,Glendora,Los Angeles County,2024-01,61
91741,Glendora,Los Angeles County,2024-07,72
91741,Glendora,Los Angeles County,2024-11,69
91741,Glendora,Los Angeles County,2025-10,61
91741,Glendora,Los Angeles County,2025-11,56
91744,La Puente,Los Angeles County,2012-08,69
91744,La Puente,Los Angeles County,2013-01,77
91744,La Puente,Los Angeles County,2013-05,93
91744,La Puente,Los Angeles County,2014-12,61
91744,La Puente,Los Angeles County,2015-08,69
91744,La Puente,Los Angeles County,2016-01,63
91744,La Puente,Los Angeles County,2016-05,63
91744,La Puente,Los Angeles County,2016-09,74
91744,La Puente,Los Angeles County,2017-06,74
91744,La Puente,Los Angeles County,2019-03,58
91744,La Puente,Los Angeles County,2019-05,65
91744,La Puente,Los Angeles County,2020-04,75
91744,La Puente,Los Angeles County,2020-08,71
91744,La Puente,Los Angeles County,2020-09,77
91744,La Puente,Los Angeles County,2021-02,77
91744,La Puente,Los Angeles County,2022-02,83
91744,La Puente,Los Angeles County,2022-11,58
91744,La Puente,Los Angeles County,2023-01,55
91744,La Puente,Los Angeles County,2023-06,80
91744,La Puente,Los Angeles County,2024-05,83
91744,La Puente,Los Angeles County,2025-03,69
91744,La Puente,Los Angeles County,2025-04,77
91744,La Puente,Los Angeles County,2025-08,58
91745,Hacienda Heights,Los Angeles County,2012-03,58
91745,Hacienda Heights,Los Angeles County,2013-02,69
91745,Hacienda Heights,Los Angeles County,2013-11,58
91745,Hacienda Heights,Los Angeles County,2014-01,55
91745,Hacienda Heights,Los Angeles County,2014-08,63
91745,Hacienda Heights,Los Angeles County,2016-07,61
91745,Hacienda Heights,Los Angeles County,2019-06,61
91745,Hacienda Heights,Los Angeles County,2019-09,58
91745,Hacienda Heights,Los Angeles County,2020-01,60
91745,Hacienda Heights,Los Angeles County,2020-07,63
91745,Hacienda Heights,Los Angeles County,2022-01,83
91745,Hacienda Heights,Los Angeles County,2022-11,61
91745,Hacienda Heights,Los Angeles County,2023-03,61
91745,Hacienda Heights,Los Angeles County,2023-08,79
91745,Hacienda Heights,Los Angeles County,2024-05,77
91745,Hacienda Heights,Los Angeles County,2024-06,77
91745,Hacienda Heights,Los Angeles County,2024-11,71
91746,La Puente,Los Angeles County,2013-06,83
91746,La Puente,Los Angeles County,2014-04,69
91746,La Puente,Los Angeles County,2020-01,72
91746,La Puente,Los Angeles County,2021-03,83
91746,La Puente,Los Angeles County,2022-04,83
91746,La Puente,Los Angeles County,2022-05,79
91746,La Puente,Los Angeles County,2023-03,69
91746,La Puente,Los Angeles County,2024-04,70
91746,La Puente,Los Angeles County,2025-01,58
91746,La Puente,Los Angeles County,2025-05,65
91746,La Puente,Los Angeles County,2025-06,65
91748,Rowland Heights,Los Angeles County,2012-04,47
91748,Rowland Heights,Los Angeles County,2012-08,67
91748,Rowland Heights,Los Angeles County,2012-10,60
91748,Rowland Heights,Los Angeles County,2013-06,71
91748,Rowland Heights,Los Angeles County,2013-07,70
91748,Rowland Heights,Los Angeles County,2013-08,65
91748,Rowland Heights,Los Angeles County,2013-09,63
91748,Rowland Heights,Los Angeles County,2014-07,63
91748,Rowland Heights,Los Angeles County,2014-10,50
91748,Rowland Heights,Los Angeles County,2015-06,58
91748,Rowland Heights,Los Angeles County,2016-10,54
91748,Rowland Heights,Los Angeles County,2017-08,63
91748,Rowland Heights,Los Angeles County,2017-10,61
91748,Rowland Heights,Los Angeles County,2018-11,48
91748,Rowland Heights,Los Angeles County,2020-06,60
91748,Rowland Heights,Los Angeles County,2021-07,77
91748,Rowland Heights,Los Angeles County,2022-05,91
91748,Rowland Heights,Los Angeles County,2024-12,55
91748,Rowland Heights,Los Angeles County,2025-06,71
91750,La Verne,Los Angeles County,2012-05,54
91750,La Verne,Los Angeles County,2012-06,55
91750,La Verne,Los Angeles County,2012-10,53
91750,La Verne,Los Angeles County,2013-05,77
91750,La Verne,Los Angeles County,2013-07,79
91750,La Verne,Los Angeles County,2014-07,75
91750,La Verne,Los Angeles County,2016-03,60
91750,La Verne,Los Angeles County,2018-04,63
91750,La Verne,Los Angeles County,2018-09,58
91750,La Verne,Los Angeles County,2020-10,69
91750,La Verne,Los Angeles County,2022-06,83
91750,La Verne,Los Angeles County,2022-07,83
91750,La Verne,Los Angeles County,2023-10,72
91750,La Verne,Los Angeles County,2025-09,58
91752,Mira Loma,Riverside County,2012-07,67
91752,Mira Loma,Riverside County,2013-03,74
91752,Mira Loma,Riverside County,2013-09,75
91752,Mira Loma,Riverside County,2017-09,58
91752,Mira Loma,Riverside County,2018-01,58
91752,Mira Loma,Riverside County,2018-08,56
91752,Mira Loma,Riverside County,2019-01,44
91752,Mira Loma,Riverside County,2019-03,47
91752,Mira Loma,Riverside County,2019-05,50
91752,Mira Loma,Riverside County,2020-08,67
91752,Mira Loma,Riverside County,2021-08,80
91752,Mira Loma,Riverside County,2021-12,74
91752,Mira Loma,Riverside County,2022-05,83
91752,Mira Loma,Riverside County,2022-07,75
91752,Mira Loma,Riverside County,2023-08,79
91752,Mira Loma,Riverside County,2024-03,69
91752,Mira Loma,Riverside County,2024-06,70
91754,Monterey Park,Los Angeles County,2013-10,70
91754,Monterey Park,Los Angeles County,2014-10,55
91754,Monterey Park,Los Angeles County,2015-06,63
91754,Monterey Park,Los Angeles County,2015-12,61
91754,Monterey Park,Los Angeles County,2016-01,58
91754,Monterey Park,Los Angeles County,2017-11,60
91754,Monterey Park,Los Angeles County,2018-06,63
91754,Monterey Park,Los Angeles County,2019-08,70
91754,Monterey Park,Los Angeles County,2019-11,58
91754,Monterey Park,Los Angeles County,2020-12,71
91754,Monterey Park,Los Angeles County,2021-01,63
91754,Monterey Park,Los Angeles County,2022-05,80
91754,Monterey Park,Los Angeles County,2022-12,53
91754,Monterey Park,Los Angeles County,2023-09,75
91754,Monterey Park,Los Angeles County,2024-04,70
91754,Monterey Park,Los Angeles County,2024-07,75
91755,Monterey Park,Los Angeles County,2012-12,61
91755,Monterey Park,Los Angeles County,2013-03,74
91755,Monterey Park,Los Angeles County,2014-02,58
91755,Monterey Park,Los Angeles County,2014-05,61
91755,Monterey Park,Los Angeles County,2014-08,55
91755,Monterey Park,Los Angeles County,2014-11,54
91755,Monterey Park,Los Angeles County,2016-01,53
91755,Monterey Park,Los Angeles County,2016-09,74
91755,Monterey Park,Los Angeles County,2017-01,58
91755,Monterey Park,Los Angeles County,2017-04,71
91755,Monterey Park,Los Angeles County,2017-06,67
91755,Monterey Park,Los Angeles County,2018-02,65
91755,Monterey Park,Los Angeles County,2018-09,71
91755,Monterey Park,Los Angeles County,2019-07,61
91755,Monterey Park,Los Angeles County,2019-11,67
91755,Monterey Park,Los Angeles County,2020-05,75
91755,Monterey Park,Los Angeles County,2020-07,71
91755,Monterey Park,Los Angeles County,2020-10,74
91755,Monterey Park,Los Angeles County,2023-01,48
91755,Monterey Park,Los Angeles County,2024-01,58
91755,Monterey Park,Los Angeles County,2024-11,63
91755,Monterey Park,Los Angeles County,2025-03,52
91758,Ontario,San Bernardino County,2013-08,56
91758,Ontario,San Bernardino County,2014-02,72
91758,Ontario,San Bernardino County,2014-08,63
91758,Ontario,San Bernardino County,2014-12,47
91758,Ontario,San Bernardino County,2015-05,52
91758,Ontario,San Bernardino County,2015-10,69
91758,Ontario,San Bernardino County,2016-04,55
91758,Ontario,San Bernardino County,2016-05,53
91758,Ontario,San Bernardino County,2017-05,47
91758,Ontario,San Bernardino County,2019-10,74
91758,Ontario,San Bernardino County,2020-08,67
91758,Ontario,San Bernardino County,2022-04,74
91758,Ontario,San Bernardino County,2022-07,60
91758,Ontario,San Bernardino County,2023-01,41
91758,Ontario,San Bernardino County,2024-05,49
91758,Ontario,San Bernardino County,2024-08,70
91758,Ontario,San Bernardino County,2025-04,46
91758,Ontario,San Bernardino County,2025-05,33
91759,Mt Baldy,Los Angeles County,2012-11,29
91759,Mt Baldy,Los Angeles County,2014-12,79
91759,Mt Baldy,Los Angeles County,2015-07,44
91759,Mt Baldy,Los Angeles County,2016-12,39
91759,Mt Baldy,Los Angeles County,2017-05,29
91759,Mt Baldy,Los Angeles County,2017-10,55
91759,Mt Baldy,Los Angeles County,2018-04,79
91759,Mt Baldy,Los Angeles County,2018-05,70
91759,Mt Baldy,Los Angeles County,2019-07,41
91759,Mt Baldy,Los Angeles County,2019-10,22
91759,Mt Baldy,Los Angeles County,2023-02,54
91759,Mt Baldy,Los Angeles County,2023-03,44
91759,Mt Baldy,Los Angeles County,2023-09,22
91759,Mt Baldy,Los Angeles County,2025-08,44
91761,Ontario,San Bernardino County,2012-09,65
91761,Ontario,San Bernardino County,2012-11,69
91761,Ontario,San Bernardino County,2013-03,83
91761,Ontario,San Bernardino County,2013-05,93
91761,Ontario,San Bernardino County,2013-10,77
91761,Ontario,San Bernardino County,2014-09,67
91761,Ontario,San Bernardino County,2014-11,58
91761,Ontario,San Bernardino County,2016-10,67
91761,Ontario,San Bernardino County,2017-05,75
91761,Ontario,San Bernardino County,2017-06,77
91761,Ontario,San Bernardino County,2018-11,56
91761,Ontario,San Bernardino County,2022-07,83
91761,Ontario,San Bernardino County,2022-08,74
91761,Ontario,San Bernardino County,2023-08,74
91761,Ontario,San Bernardino County,2023-09,74
91761,Ontario,San Bernardino County,2024-07,63
91761,Ontario,San Bernardino County,2025-05,65
91761,Ontario,San Bernardino County,2025-11,55
91762,Ontario,San Bernardino County,2013-01,83
91762,Ontario,San Bernardino County,2013-07,83
91762,Ontario,San Bernardino County,2013-08,83
91762,Ontario,San Bernardino County,2013-12,74
91762,Ontario,San Bernardino County,2014-01,69
91762,Ontario,San Bernardino County,2014-05,72
91762,Ontario,San Bernardino County,2014-11,56
91762,Ontario,San Bernardino County,2015-04,61
91762,Ontario,San Bernardino County,2016-01,60
91762,Ontario,San Bernardino County,2016-04,61
91762,Ontario,San Bernardino County,2017-10,69
91762,Ontario,San Bernardino County,2019-05,58
91762,Ontario,San Bernardino County,2019-12,61
91762,Ontario,San Bernardino County,2020-02,61
91762,Ontario,San Bernardino County,2020-09,72
91762,Ontario,San Bernardino County,2021-11,83
91763,Montclair,San Bernardino County,2014-06,67
91763,Montclair,San Bernardino County,2015-04,65
91763,Montclair,San Bernardino County,2016-10,63
91763,Montclair,San Bernardino County,2017-01,58
91763,Montclair,San Bernardino County,2018-07,70
91763,Montclair,San Bernardino County,2018-12,58
91763,Montclair,San Bernardino County,2019-12,65
91763,Montclair,San Bernardino County,2020-10,75
91763,Montclair,San Bernardino County,2021-04,83
91763,Montclair,San Bernardino County,2022-05,89
91763,Montclair,San Bernardino County,2022-09,67
91763,Montclair,San Bernardino County,2022-11,58
91763,Montclair,San Bernardino County,2023-05,77
91763,Montclair,San Bernardino County,2023-09,87
91763,Montclair,San Bernardino County,2023-11,80
91763,Montclair,San Bernardino County,2024-01,71
91763,Montclair,San Bernardino County,2025-11,58
91764,Ontario,San Bernardino County,2012-09,67
91764,Ontario,San Bernardino County,2013-04,91
91764,Ontario,San Bernardino County,2013-07,89
91764,Ontario,San Bernardino County,2014-07,65
91764,Ontario,San Bernardino County,2015-08,63
91764,Ontario,San Bernardino County,2015-11,63
91764,Ontario,San Bernardino County,2016-01,61
91764,Ontario,San Bernardino County,2016-06,74
91764,Ontario,San Bernardino County,2017-10,70
91764,Ontario,San Bernardino County,2018-02,69
91764,Ontario,San Bernardino County,2018-05,74
91764,Ontario,San Bernardino County,2018-06,74
91764,Ontario,San Bernardino County,2021-07,79
91764,Ontario,San Bernardino County,2021-08,83
91764,Ontario,San Bernardino County,2022-01,80
91764,Ontario,San Bernardino County,2022-04,83
91764,Ontario,San Bernardino County,2023-02,60
91764,Ontario,San Bernardino County,2023-12,69
91764,Ontario,San Bernardino County,2024-04,70
91764,Ontario,San Bernardino County,2024-07,83
91764,Ontario,San Bernardino County,2024-10,69
91764,Ontario,San Bernardino County,2025-01,58
91764,Ontario,San Bernardino County,2025-10,58
91764,Ontario,San Bernardino County,2025-12,58
91765,Diamond Bar,Los Angeles County,2012-08,61
91765,Diamond Bar,Los Angeles County,2015-04,52
91765,Diamond Bar,Los Angeles County,2015-06,54
91765,Diamond Bar,Los Angeles County,2015-09,53
91765,Diamond Bar,Los Angeles County,2016-03,50
91765,Diamond Bar,Los Angeles County,2017-08,63
91765,Diamond Bar,Los Angeles County,2017-10,58
91765,Diamond Bar,Los Angeles County,2018-03,60
91765,Diamond Bar,Los Angeles County,2018-08,60
91765,Diamond Bar,Los Angeles County,2018-12,47
91765,Diamond Bar,Los Angeles County,2020-08,69
91765,Diamond Bar,Los Angeles County,2021-03,74
91765,Diamond Bar,Los Angeles County,2021-08,83
91765,Diamond Bar,Los Angeles County,2022-02,79
91765,Diamond Bar,Los Angeles County,2022-11,58
91765,Diamond Bar,Los Angeles County,2024-11,67
91765,Diamond Bar,Los Angeles County,2025-02,55
91765,Diamond Bar,Los Angeles County,2025-09,56
91766,Pomona,Los Angeles County,2012-03,52
91766,Pomona,Los Angeles County,2012-04,53
91766,Pomona,Los Angeles County,2013-01,71
91766,Pomona,Los Angeles County,2013-06,93
91766,Pomona,Los Angeles County,2014-03,63
91766,Pomona,Los Angeles County,2014-10,61
91766,Pomona,Los Angeles County,2015-01,52
91766,Pomona,Los Angeles County,2015-03,53
91766,Pomona,Los Angeles County,2015-09,58
91766,Pomona,Los Angeles County,2018-08,65
91766,Pomona,Los Angeles County,2019-09,58
91766,Pomona,Los Angeles County,2019-11,56
91766,Pomona,Los Angeles County,2021-04,83
91766,Pomona,Los Angeles County,2021-10,83
91766,Pomona,Los Angeles County,2022-12,61
91766,Pomona,Los Angeles County,2024-01,65
91766,Pomona,Los Angeles County,2024-08,71
91766,Pomona,Los Angeles County,2025-03,55
91766,Pomona,Los Angeles County,2025-07,53
91767,Pomona,Los Angeles County,2012-03,56
91767,Pomona,Los Angeles County,2012-10,74
91767,Pomona,Los Angeles County,2012-11,77
91767,Pomona,Los Angeles County,2013-07,95
91767,Pomona,Los Angeles County,2016-06,61
91767,Pomona,Los Angeles County,2017-06,69
91767,Pomona,Los Angeles County,2017-07,65
91767,Pomona,Los Angeles County,2017-11,63
91767,Pomona,Los Angeles County,2022-04,83
91767,Pomona,Los Angeles County,2023-02,58
91767,Pomona,Los Angeles County,2023-03,63
91767,Pomona,Los Angeles County,2023-04,74
91767,Pomona,Los Angeles County,2024-10,63
91767,Pomona,Los Angeles County,2024-12,63
91767,Pomona,Los Angeles County,2025-05,67
91767,Pomona,Los Angeles County,2025-06,61
91767,Pomona,Los Angeles County,2025-07,55
91767,Pomona,Los Angeles County,2025-12,56
91768,Pomona,Los Angeles County,2013-02,69
91768,Pomona,Los Angeles County,2013-05,83
91768,Pomona,Los Angeles County,2013-07,83
91768,Pomona,Los Angeles County,2014-08,71
91768,Pomona,Los Angeles County,2015-08,71
91768,Pomona,Los Angeles County,2018-01,54
91768,Pomona,Los Angeles County,2020-02,60
91768,Pomona,Los Angeles County,2021-03,74
91768,Pomona,Los Angeles County,2021-12,79
91768,Pomona,Los Angeles County,2022-04,91
91768,Pomona,Los Angeles County,2022-05,93
91768,Pomona,Los Angeles County,2022-12,63
91768,Pomona,Los Angeles County,2025-12,55
91770,Rosemead,Los Angeles County,2013-02,63
91770,Rosemead,Los Angeles County,2013-09,77
91770,Rosemead,Los Angeles County,2013-10,67
91770,Rosemead,Los Angeles County,2014-06,65
91770,Rosemead,Los Angeles County,2014-08,61
91770,Rosemead,Los Angeles County,2014-12,56
91770,Rosemead,Los Angeles County,2017-04,63
91770,Rosemead,Los Angeles County,2017-05,63
91770,Rosemead,Los Angeles County,2018-07,71
91770,Rosemead,Los Angeles County,2018-08,67
91770,Rosemead,Los Angeles County,2019-12,65
91770,Rosemead,Los Angeles County,2020-06,71
91770,Rosemead,Los Angeles County,2020-12,71
91770,Rosemead,Los Angeles County,2021-06,77
91770,Rosemead,Los Angeles County,2021-07,79
91770,Rosemead,Los Angeles County,2022-02,70
91770,Rosemead,Los Angeles County,2022-06,79
91770,Rosemead,Los Angeles County,2023-01,50
91770,Rosemead,Los Angeles County,2023-04,63
91770,Rosemead,Los Angeles County,2023-10,87
91770,Rosemead,Los Angeles County,2024-04,77
91773,San Dimas,Los Angeles County,2012-09,67
91773,San Dimas,Los Angeles County,2014-06,71
91773,San Dimas,Los Angeles County,2014-12,58
91773,San Dimas,Los Angeles County,2015-10,63
91773,San Dimas,Los Angeles County,2016-10,60
91773,San Dimas,Los Angeles County,2017-02,58
91773,San Dimas,Los Angeles County,2017-04,65
91773,San Dimas,Los Angeles County,2017-05,65
91773,San Dimas,Los Angeles County,2017-12,52
91773,San Dimas,Los Angeles County,2018-02,58
91773,San Dimas,Los Angeles County,2018-10,55
91773,San Dimas,Los Angeles County,2019-07,58
91773,San Dimas,Los Angeles County,2019-08,61
91773,San Dimas,Los Angeles County,2019-10,65
91773,San Dimas,Los Angeles County,2019-11,58
91773,San Dimas,Los Angeles County,2020-10,75
91773,San Dimas,Los Angeles County,2020-12,75
91773,San Dimas,Los Angeles County,2022-02,83
91773,San Dimas,Los Angeles County,2022-07,79
91773,San Dimas,Los Angeles County,2023-04,65
91773,San Dimas,Los Angeles County,2024-11,65
91775,San Gabriel,Los Angeles County,2014-02,61
91775,San Gabriel,Los Angeles County,2015-01,48
91775,San Gabriel,Los Angeles County,2015-03,63
91775,San Gabriel,Los Angeles County,2017-04,58
91775,San Gabriel,Los Angeles County,2019-03,44
91775,San Gabriel,Los Angeles County,2019-08,60
91775,San Gabriel,Los Angeles County,2020-04,65
91775,San Gabriel,Los Angeles County,2021-07,79
91775,San Gabriel,Los Angeles County,2021-09,79
91775,San Gabriel,Los Angeles County,2023-01,58
91775,San Gabriel,Los Angeles County,2023-06,79
91775,San Gabriel,Los Angeles County,2023-08,80
91775,San Gabriel,Los Angeles County,2023-12,89
91775,San Gabriel,Los Angeles County,2024-10,67
91775,San Gabriel,Los Angeles County,2025-04,79
91775,San Gabriel,Los Angeles County,2025-08,80
91776,San Gabriel,Los Angeles County,2012-07,52
91776,San Gabriel,Los Angeles County,2012-12,49
91776,San Gabriel,Los Angeles County,2013-01,49
91776,San Gabriel,Los Angeles County,2013-10,58
91776,San Gabriel,Los Angeles County,2014-02,61
91776,San Gabriel,Los Angeles County,2016-04,60
91776,San Gabriel,Los Angeles County,2016-08,63
91776,San Gabriel,Los Angeles County,2016-09,61
91776,San Gabriel,Los Angeles County,2017-02,65
91776,San Gabriel,Los Angeles County,2017-03,56
91776,San Gabriel,Los Angeles County,2017-07,75
91776,San Gabriel,Los Angeles County,2017-11,65
91776,San Gabriel,Los Angeles County,2018-08,58
91776,San Gabriel,Los Angeles County,2018-10,54
91776,San Gabriel,Los Angeles County,2019-01,54
91776,San Gabriel,Los Angeles County,2019-11,58
91776,San Gabriel,Los Angeles County,2020-08,70
91776,San Gabriel,Los Angeles County,2020-11,55
91776,San Gabriel,Los Angeles County,2021-12,77
91776,San Gabriel,Los Angeles County,2022-01,77
91776,San Gabriel,Los Angeles County,2022-08,74
91776,San Gabriel,Los Angeles County,2023-10,72
91776,San Gabriel,Los Angeles County,2024-09,56
91776,San Gabriel,Los Angeles County,2024-10,58
91776,San Gabriel,Los Angeles County,2025-10,58
91778,San Gabriel,Los Angeles County,2024-06,74
91778,San Gabriel,Los Angeles County,2024-07,74
91780,Temple City,Los Angeles County,2012-03,51
91780,Temple City,Los Angeles County,2012-10,52
91780,Temple City,Los Angeles County,2012-11,55
91780,Temple City,Los Angeles County,2013-03,74
91780,Temple City,Los Angeles County,2014-10,58
91780,Temple City,Los Angeles County,2015-11,53
91780,Temple City,Los Angeles County,2021-02,65
91780,Temple City,Los Angeles County,2021-07,80
91780,Temple City,Los Angeles County,2021-12,89
91780,Temple City,Los Angeles County,2022-01,87
91780,Temple City,Los Angeles County,2022-08,72
91780,Temple City,Los Angeles County,2023-05,77
91780,Temple City,Los Angeles County,2024-03,77
91780,Temple City,Los Angeles County,2025-06,69
91780,Temple City,Los Angeles County,2025-08,61
91784,Upland,San Bernardino County,2013-04,74
91784,Upland,San Bernardino County,2013-10,63
91784,Upland,San Bernardino County,2014-07,65
91784,Upland,San Bernardino County,2014-12,47
91784,Upland,San Bernardino County,2015-08,55
91784,Upland,San Bernardino County,2015-11,49
91784,Upland,San Bernardino County,2017-03,53
91784,Upland,San Bernardino County,2018-02,55
91784,Upland,San Bernardino County,2018-07,61
91784,Upland,San Bernardino County,2018-12,50
91784,Upland,San Bernardino County,2019-06,58
91784,Upland,San Bernardino County,2019-10,50
91784,Upland,San Bernardino County,2019-11,47
91784,Upland,San Bernardino County,2020-03,58
91784,Upland,San Bernardino County,2021-08,83
91784,Upland,San Bernardino County,2024-05,83
91784,Upland,San Bernardino County,2024-08,74
91784,Upland,San Bernardino County,2025-04,71
91786,Upland,San Bernardino County,2012-09,65
91786,Upland,San Bernardino County,2013-10,72
91786,Upland,San Bernardino County,2014-03,61
91786,Upland,San Bernardino County,2015-04,53
91786,Upland,San Bernardino County,2017-02,58
91786,Upland,San Bernardino County,2018-04,67
91786,Upland,San Bernardino County,2018-07,69
91786,Upland,San Bernardino County,2018-12,55
91786,Upland,San Bernardino County,2020-01,56
91786,Upland,San Bernardino County,2020-06,70
91786,Upland,San Bernardino County,2020-09,74
91786,Upland,San Bernardino County,2022-11,60
91786,Upland,San Bernardino County,2023-03,63
91786,Upland,San Bernardino County,2023-10,72
91786,Upland,San Bernardino County,2024-04,70
91786,Upland,San Bernardino County,2024-06,79
91786,Upland,San Bernardino County,2025-08,55
91788,Walnut,Los Angeles County,2014-07,83
91788,Walnut,Los Angeles County,2017-03,47
91788,Walnut,Los Angeles County,2020-04,39
91788,Walnut,Los Angeles County,2021-02,38
91788,Walnut,Los Angeles County,2024-02,48
91789,Walnut,Los Angeles County,2012-06,52
91789,Walnut,Los Angeles County,2012-08,55
91789,Walnut,Los Angeles County,2013-05,83
91789,Walnut,Los Angeles County,2013-06,80
91789,Walnut,Los Angeles County,2016-09,52
91789,Walnut,Los Angeles County,2017-07,61
91789,Walnut,Los Angeles County,2017-12,49
91789,Walnut,Los Angeles County,2018-09,54
91789,Walnut,Los Angeles County,2019-04,47
91789,Walnut,Los Angeles County,2020-01,52
91789,Walnut,Los Angeles County,2021-07,83
91789,Walnut,Los Angeles County,2022-05,91
91789,Walnut,Los Angeles County,2022-12,54
91789,Walnut,Los Angeles County,2024-06,79
91789,Walnut,Los Angeles County,2024-10,65
91789,Walnut,Los Angeles County,2024-12,58
91789,Walnut,Los Angeles County,2025-01,52
91789,Walnut,Los Angeles County,2025-08,60
91790,West Covina,Los Angeles County,2012-08,65
91790,West Covina,Los Angeles County,2012-11,67
91790,West Covina,Los Angeles County,2013-01,75
91790,West Covina,Los Angeles County,2013-03,77
91790,West Covina,Los Angeles County,2014-02,69
91790,West Covina,Los Angeles County,2014-12,58
91790,West Covina,Los Angeles County,2015-03,67
91790,West Covina,Los Angeles County,2016-06,67
91790,West Covina,Los Angeles County,2017-04,67
91790,West Covina,Los Angeles County,2018-03,71
91790,West Covina,Los Angeles County,2020-01,63
91790,West Covina,Los Angeles County,2023-10,83
91790,West Covina,Los Angeles County,2023-11,80
91790,West Covina,Los Angeles County,2023-12,83
91791,West Covina,Los Angeles County,2012-10,60
91791,West Covina,Los Angeles County,2013-04,79
91791,West Covina,Los Angeles County,2013-07,77
91791,West Covina,Los Angeles County,2015-08,58
91791,West Covina,Los Angeles County,2015-11,55
91791,West Covina,Los Angeles County,2016-02,56
91791,West Covina,Los Angeles County,2016-07,61
91791,West Covina,Los Angeles County,2017-12,55
91791,West Covina,Los Angeles County,2018-01,56
91791,West Covina,Los Angeles County,2018-06,67
91791,West Covina,Los Angeles County,2019-04,51
91791,West Covina,Los Angeles County,2019-09,56
91791,West Covina,Los Angeles County,2020-12,71
91791,West Covina,Los Angeles County,2021-10,83
91791,West Covina,Los Angeles County,2022-06,79
91791,West Covina,Los Angeles County,2022-10,53
91791,West Covina,Los Angeles County,2024-04,69
91792,West Covina,Los Angeles County,2013-04,89
91792,West Covina,Los Angeles County,2015-01,52
91792,West Covina,Los Angeles County,2015-07,61
91792,West Covina,Los Angeles County,2016-01,55
91792,West Covina,Los Angeles County,2016-07,65
91792,West Covina,Los Angeles County,2016-09,69
91792,West Covina,Los Angeles County,2016-11,63
91792,West Covina,Los Angeles County,2016-12,54
91792,West Covina,Los Angeles County,2020-10,77
91792,West Covina,Los Angeles County,2021-01,83
91792,West Covina,Los Angeles County,2021-05,83
91792,West Covina,Los Angeles County,2021-08,87
91792,West Covina,Los Angeles County,2021-09,83
91792,West Covina,Los Angeles County,2021-10,83
91792,West Covina,Los Angeles County,2022-04,77
91792,West Covina,Los Angeles County,2022-06,77
91792,West Covina,Los Angeles County,2023-05,74
91792,West Covina,Los Angeles County,2023-10,75
91792,West Covina,Los Angeles County,2024-03,77
91792,West Covina,Los Angeles County,2024-11,69
91792,West Covina,Los Angeles County,2025-06,71
91792,West Covina,Los Angeles County,2025-08,70
91801,Alhambra,Los Angeles County,2012-07,52
91801,Alhambra,Los Angeles County,2012-09,50
91801,Alhambra,Los Angeles County,2012-10,55
91801,Alhambra,Los Angeles County,2014-06,67
91801,Alhambra,Los Angeles County,2014-09,61
91801,Alhambra,Los Angeles County,2015-01,50
91801,Alhambra,Los Angeles County,2015-08,60
91801,Alhambra,Los Angeles County,2016-07,58
91801,Alhambra,Los Angeles County,2016-08,58
91801,Alhambra,Los Angeles County,2017-06,71
91801,Alhambra,Los Angeles County,2019-03,50
91801,Alhambra,Los Angeles County,2019-06,69
91801,Alhambra,Los Angeles County,2021-11,83
91801,Alhambra,Los Angeles County,2022-02,77
91801,Alhambra,Los Angeles County,2022-06,79
91801,Alhambra,Los Angeles County,2022-09,74
91801,Alhambra,Los Angeles County,2023-07,75
91801,Alhambra,Los Angeles County,2023-12,74
91801,Alhambra,Los Angeles County,2024-03,63
91801,Alhambra,Los Angeles County,2024-06,79
91801,Alhambra,Los Angeles County,2024-12,63
91801,Alhambra,Los Angeles County,2025-02,63
91801,Alhambra,Los Angeles County,2025-04,74
91803,Alhambra,Los Angeles County,2013-02,58
91803,Alhambra,Los Angeles County,2013-10,67
91803,Alhambra,Los Angeles County,2015-02,54
91803,Alhambra,Los Angeles County,2015-12,55
91803,Alhambra,Los Angeles County,2016-01,58
91803,Alhambra,Los Angeles County,2017-07,63
91803,Alhambra,Los Angeles County,2018-03,63
91803,Alhambra,Los Angeles County,2018-06,72
91803,Alhambra,Los Angeles County,2018-12,50
91803,Alhambra,Los Angeles County,2019-01,51
91803,Alhambra,Los Angeles County,2019-07,56
91803,Alhambra,Los Angeles County,2019-12,60
91803,Alhambra,Los Angeles County,2020-04,75
91803,Alhambra,Los Angeles County,2021-01,74
91803,Alhambra,Los Angeles County,2021-12,67
91803,Alhambra,Los Angeles County,2022-07,80
91803,Alhambra,Los Angeles County,2022-09,72
91803,Alhambra,Los Angeles County,2023-05,80
91803,Alhambra,Los Angeles County,2023-09,74
91803,Alhambra,Los Angeles County,2024-06,83
91803,Alhambra,Los Angeles County,2025-08,58
91804,Alhambra,Los Angeles County,2012-09,44
91804,Alhambra,Los Angeles County,2013-06,58
91804,Alhambra,Los Angeles County,2013-08,53
91804,Alhambra,Los Angeles County,2013-12,44
91804,Alhambra,Los Angeles County,2015-10,49
91804,Alhambra,Los Angeles County,2015-11,48
91804,Alhambra,Los Angeles County,2016-09,52
91804,Alhambra,Los Angeles County,2018-04,63
91804,Alhambra,Los Angeles County,2020-09,47
91804,Alhambra,Los Angeles County,2021-06,72
91804,Alhambra,Los Angeles County,2022-03,74
91804,Alhambra,Los Angeles County,2023-03,47
91804,Alhambra,Los Angeles County,2023-11,65
91804,Alhambra,Los Angeles County,2025-01,75
91804,Alhambra,Los Angeles County,2025-06,74
91901,Alpine,San Diego County,2015-01,50
91901,Alpine,San Diego County,2015-06,55
91901,Alpine,San Diego County,2016-05,58
91901,Alpine,San Diego County,2016-12,55
91901,Alpine,San Diego County,2017-12,53
91901,Alpine,San Diego County,2021-01,79
91901,Alpine,San Diego County,2022-07,83
91901,Alpine,San Diego County,2022-11,71
91901,Alpine,San Diego County,2023-03,77
91901,Alpine,San Diego County,2023-07,89
91901,Alpine,San Diego County,2023-09,80
91901,Alpine,San Diego County,2024-11,58
91901,Alpine,San Diego County,2024-12,58
91901,Alpine,San Diego County,2025-03,61
91901,Alpine,San Diego County,2025-08,65
91902,Bonita,San Diego County,2012-06,50
91902,Bonita,San Diego County,2014-04,55
91902,Bonita,San Diego County,2015-03,44
91902,Bonita,San Diego County,2015-04,48
91902,Bonita,San Diego County,2015-07,53
91902,Bonita,San Diego County,2015-11,49
91902,Bonita,San Diego County,2016-03,56
91902,Bonita,San Diego County,2016-12,50
91902,Bonita,San Diego County,2017-04,61
91902,Bonita,San Diego County,2018-10,58
91902,Bonita,San Diego County,2019-01,52
91902,Bonita,San Diego County,2019-06,61
91902,Bonita,San Diego County,2019-09,65
91902,Bonita,San Diego County,2020-07,74
91902,Bonita,San Diego County,2020-09,77
91902,Bonita,San Diego County,2021-04,83
91902,Bonita,San Diego County,2021-06,83
91902,Bonita,San Diego County,2022-03,89
91902,Bonita,San Diego County,2022-09,63
91902,Bonita,San Diego County,2022-12,72
91902,Bonita,San Diego County,2023-12,83
91902,Bonita,San Diego County,2024-11,58
91902,Bonita,San Diego County,2025-03,71
91902,Bonita,San Diego County,2025-11,71
91905,Boulevard,San Diego County,2012-03,37
91905,Boulevard,San Diego County,2012-11,55
91905,Boulevard,San Diego County,2012-12,54
91905,Boulevard,San Diego County,2013-03,34
91905,Boulevard,San Diego County,2013-08,46
91905,Boulevard,San Diego County,2013-10,44
91905,Boulevard,San Diego County,2014-01,22
91905,Boulevard,San Diego County,2017-01,48
91905,Boulevard,San Diego County,2018-07,55
91905,Boulevard,San Diego County,2019-01,52
91905,Boulevard,San Diego County,2019-02,65
91905,Boulevard,San Diego County,2020-11,44
91905,Boulevard,San Diego County,2020-12,44
91905,Boulevard,San Diego County,2021-05,77
91905,Boulevard,San Diego County,2021-08,65
91905,Boulevard,San Diego County,2021-11,58
91905,Boulevard,San Diego County,2022-03,55
91905,Boulevard,San Diego County,2023-09,44
91905,Boulevard,San Diego County,2023-11,46
91905,Boulevard,San Diego County,2024-07,33
91905,Boulevard,San Diego County,2025-01,58
91905,Boulevard,San Diego County,2025-05,50
91905,Boulevard,San Diego County,2025-12,53
91906,Campo,San Diego County,2012-05,49
91906,Campo,San Diego County,2012-08,63
91906,Campo,San Diego County,2013-05,44
91906,Campo,San Diego County,2013-10,61
91906,Campo,San Diego County,2015-04,47
91906,Campo,San Diego County,2017-05,55
91906,Campo,San Diego County,2019-06,58
91906,Campo,San Diego County,2021-01,72
91906,Campo,San Diego County,2021-02,70
91906,Campo,San Diego County,2021-04,79
91906,Campo,San Diego County,2021-06,74
91906,Campo,San Diego County,2021-10,77
91906,Campo,San Diego County,2022-12,58
91906,Campo,San Diego County,2023-08,67
91906,Campo,San Diego County,2025-04,60
91906,Campo,San Diego County,2025-12,51
91910,Chula Vista,San Diego County,2012-05,58
91910,Chula Vista,San Diego County,2012-07,61
91910,Chula Vista,San Diego County,2013-01,61
91910,Chula Vista,San Diego County,2014-02,63
91910,Chula Vista,San Diego County,2014-12,63
91910,Chula Vista,San Diego County,2015-03,58
91910,Chula Vista,San Diego County,2015-08,65
91910,Chula Vista,San Diego County,2018-05,74
91910,Chula Vista,San Diego County,2018-09,67
91910,Chula Vista,San Diego County,2018-10,65
91910,Chula Vista,San Diego County,2020-02,77
91910,Chula Vista,San Diego County,2020-06,83
91910,Chula Vista,San Diego County,2020-11,83
91910,Chula Vista,San Diego County,2024-06,80
91910,Chula Vista,San Diego County,2024-07,77
91910,Chula Vista,San Diego County,2025-05,77
91910,Chula Vista,San Diego County,2025-12,70
91911,Chula Vista,San Diego County,2012-04,58
91911,Chula Vista,San Diego County,2012-05,58
91911,Chula Vista,San Diego County,2012-10,65
91911,Chula Vista,San Diego County,2013-10,67
91911,Chula Vista,San Diego County,2015-12,63
91911,Chula Vista,San Diego County,2016-05,67
91911,Chula Vista,San Diego County,2018-03,70
91911,Chula Vista,San Diego County,2019-06,77
91911,Chula Vista,San Diego County,2020-01,74
91911,Chula Vista,San Diego County,2020-02,74
91911,Chula Vista,San Diego County,2020-04,79
91911,Chula Vista,San Diego County,2020-08,89
91911,Chula Vista,San Diego County,2020-11,89
91911,Chula Vista,San Diego County,2022-02,93
91911,Chula Vista,San Diego County,2022-07,87
91911,Chula Vista,San Diego County,2023-01,58
91911,Chula Vista,San Diego County,2023-12,72
91911,Chula Vista,San Diego County,2024-02,72
91911,Chula Vista,San Diego County,2025-04,75
91911,Chula Vista,San Diego County,2025-05,77
91912,Chula Vista,San Diego County,2012-07,38
91912,Chula Vista,San Diego County,2013-02,91
91912,Chula Vista,San Diego County,2015-12,47
91912,Chula Vista,San Diego County,2017-07,44
91912,Chula Vista,San Diego County,2018-12,72
91912,Chula Vista,San Diego County,2020-01,50
91912,Chula Vista,San Diego County,2020-02,51
91912,Chula Vista,San Diego County,2021-05,87
91912,Chula Vista,San Diego County,2021-06,95
91912,Chula Vista,San Diego County,2021-11,60
91913,Chula Vista,San Diego County,2012-09,63
91913,Chula Vista,San Diego County,2012-10,63
91913,Chula Vista,San Diego County,2012-12,65
91913,Chula Vista,San Diego County,2013-07,83
91913,Chula Vista,San Diego County,2013-12,67
91913,Chula Vista,San Diego County,2014-03,63
91913,Chula Vista,San Diego County,2015-03,61
91913,Chula Vista,San Diego County,2015-12,58
91913,Chula Vista,San Diego County,2016-01,60
91913,Chula Vista,San Diego County,2016-10,65
91913,Chula Vista,San Diego County,2016-12,65
91913,Chula Vista,San Diego County,2017-03,71
91913,Chula Vista,San Diego County,2017-05,75
91913,Chula Vista,San Diego County,2018-07,67
91913,Chula Vista,San Diego County,2019-04,61
91913,Chula Vista,San Diego County,2019-09,77
91913,Chula Vista,San Diego County,2020-02,74
91913,Chula Vista,San Diego County,2021-12,93
91913,Chula Vista,San Diego County,2022-07,91
91913,Chula Vista,San Diego County,2023-12,77
91913,Chula Vista,San Diego County,2024-06,83
91913,Chula Vista,San Diego County,2024-10,67
91913,Chula Vista,San Diego County,2025-01,65
91913,Chula Vista,San Diego County,2025-03,70
91913,Chula Vista,San Diego County,2025-05,67
91914,Chula Vista,San Diego County,2012-03,46
91914,Chula Vista,San Diego County,2013-05,70
91914,Chula Vista,San Diego County,2016-10,58
91914,Chula Vista,San Diego County,2017-12,52
91914,Chula Vista,San Diego County,2018-04,58
91914,Chula Vista,San Diego County,2019-11,63
91914,Chula Vista,San Diego County,2020-06,79
91914,Chula Vista,San Diego County,2024-05,70
91914,Chula Vista,San Diego County,2025-09,56
91914,Chula Vista,San Diego County,2025-12,50
91915,Chula Vista,San Diego County,2013-07,79
91915,Chula Vista,San Diego County,2013-09,71
91915,Chula Vista,San Diego County,2014-02,60
91915,Chula Vista,San Diego County,2015-02,55
91915,Chula Vista,San Diego County,2016-02,56
91915,Chula Vista,San Diego County,2016-03,61
91915,Chula Vista,San Diego County,2016-05,67
91915,Chula Vista,San Diego County,2016-10,65
91915,Chula Vista,San Diego County,2016-11,65
91915,Chula Vista,San Diego County,2017-08,67
91915,Chula Vista,San Diego County,2019-04,69
91915,Chula Vista,San Diego County,2019-10,74
91915,Chula Vista,San Diego County,2020-08,87
91915,Chula Vista,San Diego County,2023-11,83
91915,Chula Vista,San Diego County,2025-06,65
91916,Descanso,San Diego County,2012-05,63
91916,Descanso,San Diego County,2013-09,52
91916,Descanso,San Diego County,2014-11,60
91916,Descanso,San Diego County,2014-12,54
91916,Descanso,San Diego County,2015-03,40
91916,Descanso,San Diego County,2017-10,55
91916,Descanso,San Diego County,2019-03,48
91916,Descanso,San Diego County,2020-04,40
91916,Descanso,San Diego County,2020-05,44
91916,Descanso,San Diego County,2020-07,74
91916,Descanso,San Diego County,2020-12,55
91916,Descanso,San Diego County,2021-08,75
91916,Descanso,San Diego County,2021-11,77
91916,Descanso,San Diego County,2021-12,67
91916,Descanso,San Diego County,2022-10,44
91916,Descanso,San Diego County,2023-09,71
91916,Descanso,San Diego County,2024-04,55
91916,Descanso,San Diego County,2024-07,63
91917,Dulzura,San Diego County,2012-04,22
91917,Dulzura,San Diego County,2012-08,44
91917,Dulzura,San Diego County,2013-05,33
91917,Dulzura,San Diego County,2015-06,40
91917,Dulzura,San Diego County,2016-01,51
91917,Dulzura,San Diego County,2016-09,32
91917,Dulzura,San Diego County,2017-01,29
91917,Dulzura,San Diego County,2017-09,32
91917,Dulzura,San Diego County,2019-10,33
91917,Dulzura,San Diego County,2019-11,29
91917,Dulzura,San Diego County,2021-03,48
91917,Dulzura,San Diego County,2021-04,44
91917,Dulzura,San Diego County,2023-02,54
91917,Dulzura,San Diego County,2025-03,47
91917,Dulzura,San Diego County,2025-05,47
91917,Dulzura,San Diego County,2025-08,32
91931,Guatay,San Diego County,2012-04,53
91931,Guatay,San Diego County,2013-02,54
91931,Guatay,San Diego County,2013-06,83
91931,Guatay,San Diego County,2015-04,44
91931,Guatay,San Diego County,2015-05,44
91931,Guatay,San Diego County,2017-02,29
91931,Guatay,San Diego County,2021-06,48
91931,Guatay,San Diego County,2024-05,29
91932,Imperial Beach,San Diego County,2012-06,55
91932,Imperial Beach,San Diego County,2013-03,72
91932,Imperial Beach,San Diego County,2014-02,61
91932,Imperial Beach,San Diego County,2015-01,52
91932,Imperial Beach,San Diego County,2015-03,58
91932,Imperial Beach,San Diego County,2016-11,67
91932,Imperial Beach,San Diego County,2017-11,55
91932,Imperial Beach,San Diego County,2018-04,58
91932,Imperial Beach,San Diego County,2019-08,58
91932,Imperial Beach,San Diego County,2019-12,58
91932,Imperial Beach,San Diego County,2020-03,63
91932,Imperial Beach,San Diego County,2020-08,55
91932,Imperial Beach,San Diego County,2021-10,74
91932,Imperial Beach,San Diego County,2021-12,77
91932,Imperial Beach,San Diego County,2023-08,60
91932,Imperial Beach,San Diego County,2023-12,58
91932,Imperial Beach,San Diego County,2024-02,49
91932,Imperial Beach,San Diego County,2024-06,51
91932,Imperial Beach,San Diego County,2025-11,54
91934,Jacumba,San Diego County,2012-10,22
91934,Jacumba,San Diego County,2013-04,41
91934,Jacumba,San Diego County,2015-04,40
91934,Jacumba,San Diego County,2015-08,44
91934,Jacumba,San Diego County,2016-07,49
91934,Jacumba,San Diego County,2017-03,65
91934,Jacumba,San Diego County,2018-05,61
91934,Jacumba,San Diego County,2019-01,70
91934,Jacumba,San Diego County,2022-06,67
91934,Jacumba,San Diego County,2022-09,52
91934,Jacumba,San Diego County,2025-08,49
91935,Jamul,San Diego County,2012-12,48
91935,Jamul,San Diego County,2014-11,44
91935,Jamul,San Diego County,2014-12,38
91935,Jamul,San Diego County,2015-08,53
91935,Jamul,San Diego County,2017-03,52
91935,Jamul,San Diego County,2019-04,48
91935,Jamul,San Diego County,2019-08,54
91935,Jamul,San Diego County,2020-01,58
91935,Jamul,San Diego County,2020-03,61
91935,Jamul,San Diego County,2020-06,61
91935,Jamul,San Diego County,2021-04,77
91935,Jamul,San Diego County,2021-09,77
91935,Jamul,San Diego County,2022-05,79
91935,Jamul,San Diego County,2023-03,74
91935,Jamul,San Diego County,2023-04,72
91935,Jamul,San Diego County,2025-01,53
91941,La Mesa,San Diego County,2012-07,63
91941,La Mesa,San Diego County,2012-12,60
91941,La Mesa,San Diego County,2013-05,69
91941,La Mesa,San Diego County,2014-05,61
91941,La Mesa,San Diego County,2015-01,51
91941,La Mesa,San Diego County,2016-02,58
91941,La Mesa,San Diego County,2017-03,58
91941,La Mesa,San Diego County,2019-05,72
91941,La Mesa,San Diego County,2020-02,70
91941,La Mesa,San Diego County,2020-05,80
91941,La Mesa,San Diego County,2021-06,95
91941,La Mesa,San Diego County,2021-10,83
91941,La Mesa,San Diego County,2024-11,67
91941,La Mesa,San Diego County,2025-06,79
91942,La Mesa,San Diego County,2012-04,52
91942,La Mesa,San Diego County,2012-05,58
91942,La Mesa,San Diego County,2012-08,72
91942,La Mesa,San Diego County,2013-09,71
91942,La Mesa,San Diego County,2014-04,65
91942,La Mesa,San Diego County,2015-12,65
91942,La Mesa,San Diego County,2016-01,67
91942,La Mesa,San Diego County,2016-07,77
91942,La Mesa,San Diego County,2016-09,72
91942,La Mesa,San Diego County,2016-10,67
91942,La Mesa,San Diego County,2018-01,65
91942,La Mesa,San Diego County,2019-08,77
91942,La Mesa,San Diego County,2019-11,74
91942,La Mesa,San Diego County,2020-12,83
91942,La Mesa,San Diego County,2021-12,91
91942,La Mesa,San Diego County,2022-09,77
91942,La Mesa,San Diego County,2022-10,72
91942,La Mesa,San Diego County,2022-12,70
91942,La Mesa,San Diego County,2023-07,100
91942,La Mesa,San Diego County,2025-04,74
91945,Lemon Grove,San Diego County,2012-05,70
91945,Lemon Grove,San Diego County,2012-06,72
91945,Lemon Grove,San Diego County,2013-04,69
91945,Lemon Grove,San Diego County,2014-02,61
91945,Lemon Grove,San Diego County,2015-08,67
91945,Lemon Grove,San Diego County,2017-05,74
91945,Lemon Grove,San Diego County,2018-06,77
91945,Lemon Grove,San Diego County,2019-05,75
91945,Lemon Grove,San Diego County,2019-11,74
91945,Lemon Grove,San Diego County,2019-12,75
91945,Lemon Grove,San Diego County,2020-07,83
91945,Lemon Grove,San Diego County,2020-08,89
91945,Lemon Grove,San Diego County,2021-09,83
91945,Lemon Grove,San Diego County,2023-06,91
91945,Lemon Grove,San Diego County,2024-05,74
91945,Lemon Grove,San Diego County,2024-07,75
91945,Lemon Grove,San Diego County,2025-02,56
91948,Mount Laguna,San Diego County,2013-03,29
91948,Mount Laguna,San Diego County,2013-05,22
91948,Mount Laguna,San Diego County,2018-02,53
91948,Mount Laguna,San Diego County,2019-02,48
91948,Mount Laguna,San Diego County,2019-07,67
91948,Mount Laguna,San Diego County,2020-01,44
91948,Mount Laguna,San Diego County,2022-03,50
91948,Mount Laguna,San Diego County,2022-11,93
91948,Mount Laguna,San Diego County,2022-12,63
91948,Mount Laguna,San Diego County,2024-07,53
91948,Mount Laguna,San Diego County,2025-02,29
91950,National City,San Diego County,2012-08,65
91950,National City,San Diego County,2013-01,61
91950,National City,San Diego County,2015-09,69
91950,National City,San Diego County,2017-07,72
91950,National City,San Diego County,2017-09,70
91950,National City,San Diego County,2019-01,67
91950,National City,San Diego County,2019-03,60
91950,National City,San Diego County,2020-06,77
91950,National City,San Diego County,2020-09,80
91950,National City,San Diego County,2021-08,77
91950,National City,San Diego County,2022-12,61
91950,National City,San Diego County,2024-06,72
91950,National City,San Diego County,2025-02,70
91950,National City,San Diego County,2025-03,67
91950,National City,San Diego County,2025-05,75
91950,National City,San Diego County,2025-07,71
91950,National City,San Diego County,2025-11,61
91962,Pine Valley,San Diego County,2012-11,55
91962,Pine Valley,San Diego County,2014-03,47
91962,Pine Valley,San Diego County,2015-03,60
91962,Pine Valley,San Diego County,2016-01,40
91962,Pine Valley,San Diego County,2016-04,41
91962,Pine Valley,San Diego County,2016-09,52
91962,Pine Valley,San Diego County,2018-02,49
91962,Pine Valley,San Diego County,2018-05,70
91962,Pine Valley,San Diego County,2018-06,67
91962,Pine Valley,San Diego County,2018-10,50
91962,Pine Valley,San Diego County,2019-04,63
91962,Pine Valley,San Diego County,2019-09,44
91962,Pine Valley,San Diego County,2020-07,63
91962,Pine Valley,San Diego County,2021-01,70
91962,Pine Valley,San Diego County,2022-06,74
91962,Pine Valley,San Diego County,2025-09,51
91963,Potrero,San Diego County,2013-04,48
91963,Potrero,San Diego County,2013-11,48
91963,Potrero,San Diego County,2014-01,44
91963,Potrero,San Diego County,2014-02,44
91963,Potrero,San Diego County,2016-09,35
91963,Potrero,San Diego County,2017-10,38
91963,Potrero,San Diego County,2018-10,44
91963,Potrero,San Diego County,2020-01,52
91963,Potrero,San Diego County,2020-02,44
91963,Potrero,San Diego County,2020-04,47
91963,Potrero,San Diego County,2020-05,44
91963,Potrero,San Diego County,2021-05,29
91963,Potrero,San Diego County,2022-08,47
91963,Potrero,San Diego County,2024-05,44
91963,Potrero,San Diego County,2024-06,44
91963,Potrero,San Diego County,2024-09,60
91963,Potrero,San Diego County,2025-03,22
91977,Spring Valley,San Diego County,2012-03,65
91977,Spring Valley,San Diego County,2012-06,63
91977,Spring Valley,San Diego County,2012-07,63
91977,Spring Valley,San Diego County,2014-02,65
91977,Spring Valley,San Diego County,2014-04,65
91977,Spring Valley,San Diego County,2014-07,67
91977,Spring Valley,San Diego County,2014-11,63
91977,Spring Valley,San Diego County,2017-03,67
91977,Spring Valley,San Diego County,2019-02,58
91977,Spring Valley,San Diego County,2019-05,72
91977,Spring Valley,San Diego County,2019-06,77
91977,Spring Valley,San Diego County,2020-11,91
91977,Spring Valley,San Diego County,2021-01,89
91977,Spring Valley,San Diego County,2022-06,91
91977,Spring Valley,San Diego County,2022-09,83
91977,Spring Valley,San Diego County,2023-04,83
91977,Spring Valley,San Diego County,2024-04,83
91977,Spring Valley,San Diego County,2024-06,87
91977,Spring Valley,San Diego County,2025-02,70
91977,Spring Valley,San Diego County,2025-06,74
91978,Spring Valley,San Diego County,2012-10,70
91978,Spring Valley,San Diego County,2013-03,67
91978,Spring Valley,San Diego County,2013-08,74
91978,Spring Valley,San Diego County,2013-10,69
91978,Spring Valley,San Diego County,2013-11,63
91978,Spring Valley,San Diego County,2015-05,70
91978,Spring Valley,San Diego County,2016-09,65
91978,Spring Valley,San Diego County,2017-01,49
91978,Spring Valley,San Diego County,2021-08,83
91978,Spring Valley,San Diego County,2021-10,83
91978,Spring Valley,San Diego County,2022-02,77
91978,Spring Valley,San Diego County,2022-12,65
91978,Spring Valley,San Diego County,2023-07,95
91978,Spring Valley,San Diego County,2023-09,91
91978,Spring Valley,San Diego County,2024-10,72
91978,Spring Valley,San Diego County,2025-06,83
92003,Bonsall,San Diego County,2012-07,52
92003,Bonsall,San Diego County,2013-11,49
92003,Bonsall,San Diego County,2014-06,44
92003,Bonsall,San Diego County,2014-07,44
92003,Bonsall,San Diego County,2016-08,53
92003,Bonsall,San Diego County,2016-10,50
92003,Bonsall,San Diego County,2017-03,44
92003,Bonsall,San Diego County,2020-02,44
92003,Bonsall,San Diego County,2020-03,58
92003,Bonsall,San Diego County,2020-07,58
92003,Bonsall,San Diego County,2021-12,83
92003,Bonsall,San Diego County,2022-03,79
92003,Bonsall,San Diego County,2022-07,87
92003,Bonsall,San Diego County,2022-09,71
92003,Bonsall,San Diego County,2022-12,50
92003,Bonsall,San Diego County,2025-01,44
92003,Bonsall,San Diego County,2025-07,48
92004,Borrego Springs,San Diego County,2012-03,40
92004,Borrego Springs,San Diego County,2014-01,44
92004,Borrego Springs,San Diego County,2014-06,40
92004,Borrego Springs,San Diego County,2015-05,35
92004,Borrego Springs,San Diego County,2015-12,47
92004,Borrego Springs,San Diego County,2017-04,37
92004,Borrego Springs,San Diego County,2017-11,40
92004,Borrego Springs,San Diego County,2018-10,37
92004,Borrego Springs,San Diego County,2023-01,48
92004,Borrego Springs,San Diego County,2023-04,51
92004,Borrego Springs,San Diego County,2024-03,56
92004,Borrego Springs,San Diego County,2024-12,52
92004,Borrego Springs,San Diego County,2025-01,50
92004,Borrego Springs,San Diego County,2025-03,53
92007,Cardiff By The Sea,San Diego County,2012-08,47
92007,Cardiff By The Sea,San Diego County,2013-02,49
92007,Cardiff By The Sea,San Diego County,2014-10,58
92007,Cardiff By The Sea,San Diego County,2016-09,58
92007,Cardiff By The Sea,San Diego County,2017-01,54
92007,Cardiff By The Sea,San Diego County,2018-10,54
92007,Cardiff By The Sea,San Diego County,2019-04,67
92007,Cardiff By The Sea,San Diego County,2019-06,63
92007,Cardiff By The Sea,San Diego County,2019-08,56
92007,Cardiff By The Sea,San Diego County,2019-11,50
92007,Cardiff By The Sea,San Diego County,2020-08,60
92007,Cardiff By The Sea,San Diego County,2021-04,79
92007,Cardiff By The Sea,San Diego County,2022-01,74
92007,Cardiff By The Sea,San Diego County,2022-11,65
92007,Cardiff By The Sea,San Diego County,2024-02,60
92007,Cardiff By The Sea,San Diego County,2025-06,63
92008,Carlsbad,San Diego County,2012-06,51
92008,Carlsbad,San Diego County,2012-10,52
92008,Carlsbad,San Diego County,2013-02,55
92008,Carlsbad,San Diego County,2014-02,52
92008,Carlsbad,San Diego County,2014-03,54
92008,Carlsbad,San Diego County,2014-10,49
92008,Carlsbad,San Diego County,2016-06,55
92008,Carlsbad,San Diego County,2017-08,60
92008,Carlsbad,San Diego County,2019-06,61
92008,Carlsbad,San Diego County,2020-01,63
92008,Carlsbad,San Diego County,2020-08,69
92008,Carlsbad,San Diego County,2020-11,67
92008,Carlsbad,San Diego County,2021-01,69
92008,Carlsbad,San Diego County,2021-03,74
92008,Carlsbad,San Diego County,2021-04,77
92008,Carlsbad,San Diego County,2022-09,65
92008,Carlsbad,San Diego County,2022-11,63
92008,Carlsbad,San Diego County,2023-10,74
92008,Carlsbad,San Diego County,2025-10,52
92008,Carlsbad,San Diego County,2025-12,44
92009,Carlsbad,San Diego County,2012-04,47
92009,Carlsbad,San Diego County,2012-05,49
92009,Carlsbad,San Diego County,2012-06,50
92009,Carlsbad,San Diego County,2016-02,55
92009,Carlsbad,San Diego County,2016-07,65
92009,Carlsbad,San Diego County,2017-06,69
92009,Carlsbad,San Diego County,2019-05,74
92009,Carlsbad,San Diego County,2019-07,65
92009,Carlsbad,San Diego County,2020-01,61
92009,Carlsbad,San Diego County,2021-10,91
92009,Carlsbad,San Diego County,2022-04,100
92009,Carlsbad,San Diego County,2022-12,61
92009,Carlsbad,San Diego County,2023-12,61
92009,Carlsbad,San Diego County,2024-12,60
92009,Carlsbad,San Diego County,2025-02,65
92010,Carlsbad,San Diego County,2013-12,63
92010,Carlsbad,San Diego County,2014-04,61
92010,Carlsbad,San Diego County,2014-10,53
92010,Carlsbad,San Diego County,2015-07,63
92010,Carlsbad,San Diego County,2016-04,71
92010,Carlsbad,San Diego County,2018-06,69
92010,Carlsbad,San Diego County,2018-07,65
92010,Carlsbad,San Diego County,2019-10,61
92010,Carlsbad,San Diego County,2020-03,63
92010,Carlsbad,San Diego County,2020-05,79
92010,Carlsbad,San Diego County,2021-04,100
92010,Carlsbad,San Diego County,2023-05,95
92010,Carlsbad,San Diego County,2023-12,77
92011,Carlsbad,San Diego County,2014-06,58
92011,Carlsbad,San Diego County,2014-09,56
92011,Carlsbad,San Diego County,2015-09,55
92011,Carlsbad,San Diego County,2016-08,60
92011,Carlsbad,San Diego County,2017-04,65
92011,Carlsbad,San Diego County,2017-07,67
92011,Carlsbad,San Diego County,2021-03,83
92011,Carlsbad,San Diego County,2021-06,100
92011,Carlsbad,San Diego County,2022-04,98
92011,Carlsbad,San Diego County,2025-06,69
92013,Carlsbad,San Diego County,2017-11,29
92013,Carlsbad,San Diego County,2019-04,70
92013,Carlsbad,San Diego County,2019-09,49
92013,Carlsbad,San Diego County,2020-05,70
92014,Del Mar,San Diego County,2012-11,44
92014,Del Mar,San Diego County,2014-05,48
92014,Del Mar,San Diego County,2015-09,61
92014,Del Mar,San Diego County,2015-10,58
92014,Del Mar,San Diego County,2015-11,54
92014,Del Mar,San Diego County,2016-03,51
92014,Del Mar,San Diego County,2016-05,54
92014,Del Mar,San Diego County,2016-09,56
92014,Del Mar,San Diego County,2017-09,55
92014,Del Mar,San Diego County,2017-10,49
92014,Del Mar,San Diego County,2018-07,50
92014,Del Mar,San Diego County,2018-11,47
92014,Del Mar,San Diego County,2019-10,44
92014,Del Mar,San Diego County,2021-06,83
92014,Del Mar,San Diego County,2022-10,67
92014,Del Mar,San Diego County,2022-12,61
92014,Del Mar,San Diego County,2023-04,72
92014,Del Mar,San Diego County,2024-02,58
92014,Del Mar,San Diego County,2024-04,61
92014,Del Mar,San Diego County,2024-07,61
92014,Del Mar,San Diego County,2024-12,52
92018,Carlsbad,San Diego County,2016-04,44
92018,Carlsbad,San Diego County,2016-05,44
92019,El Cajon,San Diego County,2012-04,55
92019,El Cajon,San Diego County,2012-05,60
92019,El Cajon,San Diego County,2013-07,75
92019,El Cajon,San Diego County,2013-10,61
92019,El Cajon,San Diego County,2014-01,52
92019,El Cajon,San Diego County,2016-04,67
92019,El Cajon,San Diego County,2016-11,61
92019,El Cajon,San Diego County,2018-11,55
92019,El Cajon,San Diego County,2019-05,70
92019,El Cajon,San Diego County,2022-02,91
92019,El Cajon,San Diego County,2023-08,87
92019,El Cajon,San Diego County,2024-07,77
92019,El Cajon,San Diego County,2025-01,63
92019,El Cajon,San Diego County,2025-03,65
92019,El Cajon,San Diego County,2025-05,67
92020,El Cajon,San Diego County,2012-06,65
92020,El Cajon,San Diego County,2012-07,63
92020,El Cajon,San Diego County,2013-04,70
92020,El Cajon,San Diego County,2013-06,80
92020,El Cajon,San Diego County,2013-08,77
92020,El Cajon,San Diego County,2014-08,63
92020,El Cajon,San Diego County,2014-12,53
92020,El Cajon,San Diego County,2015-05,67
92020,El Cajon,San Diego County,2016-01,61
92020,El Cajon,San Diego County,2016-04,61
92020,El Cajon,San Diego County,2016-05,65
92020,El Cajon,San Diego County,2016-12,61
92020,El Cajon,San Diego County,2017-08,74
92020,El Cajon,San Diego County,2018-03,67
92020,El Cajon,San Diego County,2018-04,69
92020,El Cajon,San Diego County,2018-08,70
92020,El Cajon,San Diego County,2019-06,74
92020,El Cajon,San Diego County,2022-02,91
92020,El Cajon,San Diego County,2024-07,77
92020,El Cajon,San Diego County,2025-01,67
92020,El Cajon,San Diego County,2025-04,75
92021,El Cajon,San Diego County,2014-11,56
92021,El Cajon,San Diego County,2015-09,70
92021,El Cajon,San Diego County,2015-12,63
92021,El Cajon,San Diego County,2017-02,63
92021,El Cajon,San Diego County,2017-03,67
92021,El Cajon,San Diego County,2017-09,72
92021,El Cajon,San Diego County,2018-06,74
92021,El Cajon,San Diego County,2018-10,60
92021,El Cajon,San Diego County,2020-11,87
92021,El Cajon,San Diego County,2021-01,91
92021,El Cajon,San Diego County,2021-05,91
92021,El Cajon,San Diego County,2022-12,67
92021,El Cajon,San Diego County,2025-07,70
92021,El Cajon,San Diego County,2025-10,58
92022,El Cajon,San Diego County,2012-07,61
92022,El Cajon,San Diego County,2013-02,49
92022,El Cajon,San Diego County,2013-07,60
92022,El Cajon,San Diego County,2014-06,49
92022,El Cajon,San Diego County,2016-06,71
92022,El Cajon,San Diego County,2017-06,74
92022,El Cajon,San Diego County,2017-07,67
92022,El Cajon,San Diego County,2018-01,33
92022,El Cajon,San Diego County,2018-02,29
92022,El Cajon,San Diego County,2018-04,38
92022,El Cajon,San Diego County,2018-08,49
92022,El Cajon,San Diego County,2021-09,65
92022,El Cajon,San Diego County,2021-10,69
92022,El Cajon,San Diego County,2022-05,87
92022,El Cajon,San Diego County,2024-03,65
92022,El Cajon,San Diego County,2024-09,34
92023,Encinitas,San Diego County,2014-07,72
92023,Encinitas,San Diego County,2016-08,79
92023,Encinitas,San Diego County,2016-11,48
92023,Encinitas,San Diego County,2016-12,55
92023,Encinitas,San Diego County,2017-03,63
92023,Encinitas,San Diego County,2017-12,50
92023,Encinitas,San Diego County,2018-08,60
92023,Encinitas,San Diego County,2022-08,83
92023,Encinitas,San Diego County,2023-05,67
92023,Encinitas,San Diego County,2024-07,48
92023,Encinitas,San Diego County,2024-08,48
92023,Encinitas,San Diego County,2025-05,69
92024,Encinitas,San Diego County,2013-12,54
92024,Encinitas,San Diego County,2014-04,61
92024,Encinitas,San Diego County,2014-11,55
92024,Encinitas,San Diego County,2014-12,53
92024,Encinitas,San Diego County,2015-05,61
92024,Encinitas,San Diego County,2016-07,69
92024,Encinitas,San Diego County,2016-08,65
92024,Encinitas,San Diego County,2017-08,67
92024,Encinitas,San Diego County,2018-10,61
92024,Encinitas,San Diego County,2021-07,98
92024,Encinitas,San Diego County,2021-08,93
92024,Encinitas,San Diego County,2022-02,91
92024,Encinitas,San Diego County,2023-03,67
92024,Encinitas,San Diego County,2023-05,83
92024,Encinitas,San Diego County,2024-11,61
92025,Escondido,San Diego County,2012-07,56
92025,Escondido,San Diego County,2013-09,60
92025,Escondido,San Diego County,2014-02,58
92025,Escondido,San Diego County,2015-04,50
92025,Escondido,San Diego County,2016-05,65
92025,Escondido,San Diego County,2017-06,67
92025,Escondido,San Diego County,2018-01,58
92025,Escondido,San Diego County,2018-04,65
92025,Escondido,San Diego County,2018-11,55
92025,Escondido,San Diego County,2019-01,55
92025,Escondido,San Diego County,2019-07,67
92025,Escondido,San Diego County,2020-01,61
92025,Escondido,San Diego County,2020-05,71
92025,Escondido,San Diego County,2020-10,79
92025,Escondido,San Diego County,2021-03,91
92025,Escondido,San Diego County,2021-08,93
92025,Escondido,San Diego County,2024-04,74
92025,Escondido,San Diego County,2025-08,58
92025,Escondido,San Diego County,2025-09,58
92026,Escondido,San Diego County,2012-12,65
92026,Escondido,San Diego County,2013-10,65
92026,Escondido,San Diego County,2014-04,60
92026,Escondido,San Diego County,2014-11,54
92026,Escondido,San Diego County,2017-02,56
92026,Escondido,San Diego County,2017-10,63
92026,Escondido,San Diego County,2018-03,67
92026,Escondido,San Diego County,2019-02,52
92026,Escondido,San Diego County,2020-06,80
92026,Escondido,San Diego County,2022-03,100
92026,Escondido,San Diego County,2023-07,95
92026,Escondido,San Diego County,2023-11,83
92026,Escondido,San Diego County,2023-12,79
92026,Escondido,San Diego County,2024-06,77
92026,Escondido,San Diego County,2025-01,60
92026,Escondido,San Diego County,2025-12,58
92027,Escondido,San Diego County,2012-06,60
92027,Escondido,San Diego County,2013-01,69
92027,Escondido,San Diego County,2013-02,65
92027,Escondido,San Diego County,2013-10,65
92027,Escondido,San Diego County,2014-03,60
92027,Escondido,San Diego County,2015-01,48
92027,Escondido,San Diego County,2015-07,65
92027,Escondido,San Diego County,2016-03,65
92027,Escondido,San Diego County,2016-12,58
92027,Escondido,San Diego County,2017-03,69
92027,Escondido,San Diego County,2017-07,67
92027,Escondido,San Diego County,2017-12,63
92027,Escondido,San Diego County,2021-04,89
92027,Escondido,San Diego County,2021-06,98
92027,Escondido,San Diego County,2022-04,100
92027,Escondido,San Diego County,2022-05,100
92027,Escondido,San Diego County,2022-12,63
92027,Escondido,San Diego County,2023-05,89
92027,Escondido,San Diego County,2023-12,77
92027,Escondido,San Diego County,2024-02,74
92027,Escondido,San Diego County,2024-07,83
92027,Escondido,San Diego County,2024-09,77
92028,Fallbrook,San Diego County,2015-09,49
92028,Fallbrook,San Diego County,2015-12,46
92028,Fallbrook,San Diego County,2016-10,52
92028,Fallbrook,San Diego County,2017-09,55
92028,Fallbrook,San Diego County,2018-11,50
92028,Fallbrook,San Diego County,2019-02,47
92028,Fallbrook,San Diego County,2021-03,83
92028,Fallbrook,San Diego County,2021-09,89
92028,Fallbrook,San Diego County,2023-02,58
92028,Fallbrook,San Diego County,2023-06,83
92028,Fallbrook,San Diego County,2024-03,69
92028,Fallbrook,San Diego County,2024-04,74
92028,Fallbrook,San Diego County,2024-05,77
92028,Fallbrook,San Diego County,2025-08,56
92028,Fallbrook,San Diego County,2025-12,55
92029,Escondido,San Diego County,2013-09,61
92029,Escondido,San Diego County,2014-05,55
92029,Escondido,San Diego County,2016-02,52
92029,Escondido,San Diego County,2017-04,67
92029,Escondido,San Diego County,2018-03,65
92029,Escondido,San Diego County,2019-04,49
92029,Escondido,San Diego County,2020-02,48
92029,Escondido,San Diego County,2021-01,87
92029,Escondido,San Diego County,2022-06,95
92029,Escondido,San Diego County,2022-08,71
92029,Escondido,San Diego County,2023-09,80
92029,Escondido,San Diego County,2025-02,52
92036,Julian,San Diego County,2014-06,35
92036,Julian,San Diego County,2014-08,44
92036,Julian,San Diego County,2014-12,44
92036,Julian,San Diego County,2015-05,44
92036,Julian,San Diego County,2015-08,35
92036,Julian,San Diego County,2018-03,61
92036,Julian,San Diego County,2018-05,48
92036,Julian,San Diego County,2018-10,46
92036,Julian,San Diego County,2019-04,40
92036,Julian,San Diego County,2019-05,37
92036,Julian,San Diego County,2021-06,63
92036,Julian,San Diego County,2022-10,50
92036,Julian,San Diego County,2023-02,52
92036,Julian,San Diego County,2023-08,67
92036,Julian,San Diego County,2023-09,61
92037,La Jolla,San Diego County,2012-08,48
92037,La Jolla,San Diego County,2012-11,50
92037,La Jolla,San Diego County,2014-08,55
92037,La Jolla,San Diego County,2014-12,48
92037,La Jolla,San Diego County,2015-09,54
92037,La Jolla,San Diego County,2016-04,50
92037,La Jolla,San Diego County,2017-07,61
92037,La Jolla,San Diego County,2017-10,52
92037,La Jolla,San Diego County,2018-11,58
92037,La Jolla,San Diego County,2019-02,47
92037,La Jolla,San Diego County,2019-05,55
92037,La Jolla,San Diego County,2021-02,61
92037,La Jolla,San Diego County,2021-11,93
92037,La Jolla,San Diego County,2022-05,89
92037,La Jolla,San Diego County,2022-09,65
92037,La Jolla,San Diego County,2023-07,74
92037,La Jolla,San Diego County,2023-08,72
92040,Lakeside,San Diego County,2013-08,74
92040,Lakeside,San Diego County,2013-10,70
92040,Lakeside,San Diego County,2014-10,60
92040,Lakeside,San Diego County,2014-11,58
92040,Lakeside,San Diego County,2015-02,58
92040,Lakeside,San Diego County,2015-03,58
92040,Lakeside,San Diego County,2015-07,71
92040,Lakeside,San Diego County,2015-08,70
92040,Lakeside,San Diego County,2017-06,71
92040,Lakeside,San Diego County,2020-11,83
92040,Lakeside,San Diego County,2021-02,95
92040,Lakeside,San Diego County,2023-02,80
92040,Lakeside,San Diego County,2024-03,79
92040,Lakeside,San Diego County,2025-06,75
92046,Escondido,San Diego County,2013-05,65
92046,Escondido,San Diego County,2014-03,48
92046,Escondido,San Diego County,2015-01,53
92046,Escondido,San Diego County,2015-12,58
92046,Escondido,San Diego County,2016-02,50
92046,Escondido,San Diego County,2016-07,47
92046,Escondido,San Diego County,2016-10,54
92046,Escondido,San Diego County,2017-02,61
92046,Escondido,San Diego County,2017-03,61
92046,Escondido,San Diego County,2018-04,77
92046,Escondido,San Diego County,2018-08,58
92046,Escondido,San Diego County,2018-12,44
92046,Escondido,San Diego County,2020-04,70
92046,Escondido,San Diego County,2020-05,63
92046,Escondido,San Diego County,2020-08,52
92046,Escondido,San Diego County,2021-05,75
92046,Escondido,San Diego County,2021-08,75
92046,Escondido,San Diego County,2021-11,72
92046,Escondido,San Diego County,2022-02,98
92046,Escondido,San Diego County,2022-08,91
92046,Escondido,San Diego County,2023-04,44
92046,Escondido,San Diego County,2024-08,48
92046,Escondido,San Diego County,2024-09,47
92046,Escondido,San Diego County,2024-12,58
92054,Oceanside,San Diego County,2012-07,55
92054,Oceanside,San Diego County,2013-07,58
92054,Oceanside,San Diego County,2013-11,50
92054,Oceanside,San Diego County,2015-04,58
92054,Oceanside,San Diego County,2016-04,58
92054,Oceanside,San Diego County,2017-04,58
92054,Oceanside,San Diego County,2017-06,63
92054,Oceanside,San Diego County,2017-10,52
92054,Oceanside,San Diego County,2018-01,58
92054,Oceanside,San Diego County,2018-12,55
92054,Oceanside,San Diego County,2019-03,58
92054,Oceanside,San Diego County,2019-07,61
92054,Oceanside,San Diego County,2020-07,61
92054,Oceanside,San Diego County,2021-02,75
92054,Oceanside,San Diego County,2021-11,83
92054,Oceanside,San Diego County,2024-01,67
92054,Oceanside,San Diego County,2024-02,65
92054,Oceanside,San Diego County,2025-03,61
92056,Oceanside,San Diego County,2012-10,58
92056,Oceanside,San Diego County,2014-02,61
92056,Oceanside,San Diego County,2014-08,61
92056,Oceanside,San Diego County,2015-04,61
92056,Oceanside,San Diego County,2016-03,65
92056,Oceanside,San Diego County,2016-11,69
92056,Oceanside,San Diego County,2017-08,70
92056,Oceanside,San Diego County,2018-01,63
92056,Oceanside,San Diego County,2019-11,67
92056,Oceanside,San Diego County,2020-03,75
92056,Oceanside,San Diego County,2020-05,77
92056,Oceanside,San Diego County,2020-12,87
92056,Oceanside,San Diego County,2022-05,100
92057,Oceanside,San Diego County,2015-03,51
92057,Oceanside,San Diego County,2016-07,70
92057,Oceanside,San Diego County,2016-08,69
92057,Oceanside,San Diego County,2017-04,74
92057,Oceanside,San Diego County,2018-12,58
92057,Oceanside,San Diego County,2020-11,91
92057,Oceanside,San Diego County,2021-03,91
92057,Oceanside,San Diego County,2021-07,100
92057,Oceanside,San Diego County,2022-03,98
92057,Oceanside,San Diego County,2022-07,93
92057,Oceanside,San Diego County,2022-09,74
92057,Oceanside,San Diego County,2024-05,80
92057,Oceanside,San Diego County,2025-08,61
92058,Oceanside,San Diego County,2012-10,65
92058,Oceanside,San Diego County,2013-07,75
92058,Oceanside,San Diego County,2015-04,70
92058,Oceanside,San Diego County,2015-06,61
92058,Oceanside,San Diego County,2015-09,58
92058,Oceanside,San Diego County,2015-10,61
92058,Oceanside,San Diego County,2016-06,72
92058,Oceanside,San Diego County,2016-10,65
92058,Oceanside,San Diego County,2017-02,67
92058,Oceanside,San Diego County,2017-03,71
92058,Oceanside,San Diego County,2017-10,67
92058,Oceanside,San Diego County,2018-05,67
92058,Oceanside,San Diego County,2018-08,63
92058,Oceanside,San Diego County,2020-05,74
92058,Oceanside,San Diego County,2021-05,87
92058,Oceanside,San Diego County,2022-03,83
92058,Oceanside,San Diego County,2023-06,79
92058,Oceanside,San Diego County,2024-04,74
92058,Oceanside,San Diego County,2024-08,83
92058,Oceanside,San Diego County,2025-06,63
92059,Pala,San Diego County,2012-03,48
92059,Pala,San Diego County,2014-10,44
92059,Pala,San Diego County,2015-04,38
92059,Pala,San Diego County,2015-08,35
92059,Pala,San Diego County,2022-01,53
92060,Palomar Mountain,San Diego County,2012-06,29
92060,Palomar Mountain,San Diego County,2012-10,29
92060,Palomar Mountain,San Diego County,2013-02,47
92060,Palomar Mountain,San Diego County,2014-10,33
92060,Palomar Mountain,San Diego County,2015-07,63
92060,Palomar Mountain,San Diego County,2016-02,29
92060,Palomar Mountain,San Diego County,2016-03,34
92060,Palomar Mountain,San Diego County,2016-04,35
92060,Palomar Mountain,San Diego County,2016-05,22
92060,Palomar Mountain,San Diego County,2016-08,37
92060,Palomar Mountain,San Diego County,2016-11,46
92060,Palomar Mountain,San Diego County,2017-04,33
92060,Palomar Mountain,San Diego County,2017-09,44
92060,Palomar Mountain,San Diego County,2017-11,35
92060,Palomar Mountain,San Diego County,2018-01,34
92060,Palomar Mountain,San Diego County,2019-07,44
92060,Palomar Mountain,San Diego County,2020-09,54
92060,Palomar Mountain,San Diego County,2021-01,70
92060,Palomar Mountain,San Diego County,2021-03,67
92060,Palomar Mountain,San Diego County,2021-06,74
92060,Palomar Mountain,San Diego County,2021-08,67
92060,Palomar Mountain,San Diego County,2022-07,44
92060,Palomar Mountain,San Diego County,2022-09,37
92060,Palomar Mountain,San Diego County,2024-01,52
92060,Palomar Mountain,San Diego County,2024-03,56
92060,Palomar Mountain,San Diego County,2025-03,55
92060,Palomar Mountain,San Diego County,2025-07,61
92061,Pauma Valley,San Diego County,2012-11,37
92061,Pauma Valley,San Diego County,2014-10,33
92061,Pauma Valley,San Diego County,2015-03,35
92061,Pauma Valley,San Diego County,2015-11,44
92061,Pauma Valley,San Diego County,2017-11,32
92061,Pauma Valley,San Diego County,2018-07,48
92061,Pauma Valley,San Diego County,2019-02,33
92061,Pauma Valley,San Diego County,2019-10,29
92061,Pauma Valley,San Diego County,2020-03,40
92061,Pauma Valley,San Diego County,2020-06,41
92061,Pauma Valley,San Diego County,2021-05,74
92061,Pauma Valley,San Diego County,2021-07,77
92061,Pauma Valley,San Diego County,2023-05,44
92061,Pauma Valley,San Diego County,2023-12,32
92064,Poway,San Diego County,2012-11,58
92064,Poway,San Diego County,2013-02,69
92064,Poway,San Diego County,2013-04,77
92064,Poway,San Diego County,2013-10,65
92064,Poway,San Diego County,2014-04,65
92064,Poway,San Diego County,2014-09,60
92064,Poway,San Diego County,2015-06,70
92064,Poway,San Diego County,2015-12,56
92064,Poway,San Diego County,2016-04,65
92064,Poway,San Diego County,2016-08,65
92064,Poway,San Diego County,2016-10,63
92064,Poway,San Diego County,2017-02,65
92064,Poway,San Diego County,2017-04,79
92064,Poway,San Diego County,2017-07,80
92064,Poway,San Diego County,2018-03,77
92064,Poway,San Diego County,2018-10,58
92064,Poway,San Diego County,2020-09,83
92064,Poway,San Diego County,2021-02,83
92064,Poway,San Diego County,2021-09,95
92064,Poway,San Diego County,2021-12,95
92064,Poway,San Diego County,2022-03,98
92064,Poway,San Diego County,2022-11,63
92064,Poway,San Diego County,2023-02,65
92064,Poway,San Diego County,2024-11,63
92064,Poway,San Diego County,2025-03,67
92064,Poway,San Diego County,2025-07,63
92065,Ramona,San Diego County,2012-03,50
92065,Ramona,San Diego County,2013-08,70
92065,Ramona,San Diego County,2014-02,50
92065,Ramona,San Diego County,2014-05,58
92065,Ramona,San Diego County,2016-03,52
92065,Ramona,San Diego County,2016-11,55
92065,Ramona,San Diego County,2017-01,53
92065,Ramona,San Diego County,2020-01,58
92065,Ramona,San Diego County,2020-02,58
92065,Ramona,San Diego County,2020-06,70
92065,Ramona,San Diego County,2021-06,89
92065,Ramona,San Diego County,2021-07,95
92065,Ramona,San Diego County,2021-10,83
92065,Ramona,San Diego County,2022-03,95
92065,Ramona,San Diego County,2023-03,69
92065,Ramona,San Diego County,2024-06,77
92065,Ramona,San Diego County,2024-09,65
92066,Ranchita,San Diego County,2012-05,44
92066,Ranchita,San Diego County,2016-05,77
92066,Ranchita,San Diego County,2017-03,32
92066,Ranchita,San Diego County,2018-04,37
92066,Ranchita,San Diego County,2018-08,44
92066,Ranchita,San Diego County,2018-10,51
92066,Ranchita,San Diego County,2019-11,38
92066,Ranchita,San Diego County,2021-10,22
92066,Ranchita,San Diego County,2022-05,41
92066,Ranchita,San Diego County,2024-05,40
92066,Ranchita,San Diego County,2025-07,47
92066,Ranchita,San Diego County,2025-09,22
92067,Rancho Santa Fe,San Diego County,2012-09,39
92067,Rancho Santa Fe,San Diego County,2014-01,33
92067,Rancho Santa Fe,San Diego County,2014-05,40
92067,Rancho Santa Fe,San Diego County,2015-03,32
92067,Rancho Santa Fe,San Diego County,2016-08,37
92067,Rancho Santa Fe,San Diego County,2017-10,29
92067,Rancho Santa Fe,San Diego County,2018-01,40
92067,Rancho Santa Fe,San Diego County,2018-03,35
92067,Rancho Santa Fe,San Diego County,2018-09,33
92067,Rancho Santa Fe,San Diego County,2019-02,39
92067,Rancho Santa Fe,San Diego County,2022-01,61
92067,Rancho Santa Fe,San Diego County,2023-06,53
92067,Rancho Santa Fe,San Diego County,2025-06,48
92067,Rancho Santa Fe,San Diego County,2025-10,44
92068,San Luis Rey,San Diego County,2014-09,48
92068,San Luis Rey,San Diego County,2014-12,44
92068,San Luis Rey,San Diego County,2015-07,48
92068,San Luis Rey,San Diego County,2015-09,52
92068,San Luis Rey,San Diego County,2015-10,50
92068,San Luis Rey,San Diego County,2015-12,47
92068,San Luis Rey,San Diego County,2016-05,61
92068,San Luis Rey,San Diego County,2017-04,58
92068,San Luis Rey,San Diego County,2017-11,58
92068,San Luis Rey,San Diego County,2018-04,61
92068,San Luis Rey,San Diego County,2018-07,58
92068,San Luis Rey,San Diego County,2018-11,58
92068,San Luis Rey,San Diego County,2019-03,50
92068,San Luis Rey,San Diego County,2020-01,55
92068,San Luis Rey,San Diego County,2020-10,83
92068,San Luis Rey,San Diego County,2021-05,98
92068,San Luis Rey,San Diego County,2021-10,93
92068,San Luis Rey,San Diego County,2022-10,49
92068,San Luis Rey,San Diego County,2023-04,67
92068,San Luis Rey,San Diego County,2023-10,74
92068,San Luis Rey,San Diego County,2024-01,63
92068,San Luis Rey,San Diego County,2025-08,58
92069,San Marcos,San Diego County,2012-07,65
92069,San Marcos,San Diego County,2013-01,65
92069,San Marcos,San Diego County,2013-08,77
92069,San Marcos,San Diego County,2017-02,67
92069,San Marcos,San Diego County,2018-04,74
92069,San Marcos,San Diego County,2018-06,70
92069,San Marcos,San Diego County,2019-06,70
92069,San Marcos,San Diego County,2019-11,65
92069,San Marcos,San Diego County,2019-12,65
92069,San Marcos,San Diego County,2020-11,93
92069,San Marcos,San Diego County,2021-03,100
92069,San Marcos,San Diego County,2021-05,100
92069,San Marcos,San Diego County,2021-06,98
92069,San Marcos,San Diego County,2022-04,100
92069,San Marcos,San Diego County,2022-06,95
92069,San Marcos,San Diego County,2023-12,75
92069,San Marcos,San Diego County,2024-06,83
92069,San Marcos,San Diego County,2025-08,63
92070,Santa Ysabel,San Diego County,2013-01,37
92070,Santa Ysabel,San Diego County,2015-03,32
92070,Santa Ysabel,San Diego County,2016-07,37
92070,Santa Ysabel,San Diego County,2017-09,47
92070,Santa Ysabel,San Diego County,2018-04,44
92070,Santa Ysabel,San Diego County,2020-03,29
92070,Santa Ysabel,San Diego County,2021-12,55
92070,Santa Ysabel,San Diego County,2022-02,55
92070,Santa Ysabel,San Diego County,2022-12,87
92070,Santa Ysabel,San Diego County,2024-09,51
92070,Santa Ysabel,San Diego County,2024-12,49
92070,Santa Ysabel,San Diego County,2025-07,49
92071,Santee,San Diego County,2012-08,72
92071,Santee,San Diego County,2014-06,67
92071,Santee,San Diego County,2015-02,61
92071,Santee,San Diego County,2015-06,77
92071,Santee,San Diego County,2016-01,67
92071,Santee,San Diego County,2016-09,71
92071,Santee,San Diego County,2018-08,67
92071,Santee,San Diego County,2020-03,83
92071,Santee,San Diego County,2020-06,89
92071,Santee,San Diego County,2020-10,89
92071,Santee,San Diego County,2022-04,100
92071,Santee,San Diego County,2022-06,95
92071,Santee,San Diego County,2023-03,83
92071,Santee,San Diego County,2023-11,87
92071,Santee,San Diego County,2024-07,83
92071,Santee,San Diego County,2024-12,71
92072,Santee,San Diego County,2016-06,63
92072,Santee,San Diego County,2018-05,47
92072,Santee,San Diego County,2020-10,48
92072,Santee,San Diego County,2024-09,44
92075,Solana Beach,San Diego County,2012-04,37
92075,Solana Beach,San Diego County,2012-05,38
92075,Solana Beach,San Diego County,2012-06,44
92075,Solana Beach,San Diego County,2012-07,44
92075,Solana Beach,San Diego County,2012-08,49
92075,Solana Beach,San Diego County,2012-10,47
92075,Solana Beach,San Diego County,2013-04,54
92075,Solana Beach,San Diego County,2015-09,61
92075,Solana Beach,San Diego County,2016-06,67
92075,Solana Beach,San Diego County,2016-10,56
92075,Solana Beach,San Diego County,2017-10,58
92075,Solana Beach,San Diego County,2018-09,58
92075,Solana Beach,San Diego County,2019-04,56
92075,Solana Beach,San Diego County,2019-07,63
92075,Solana Beach,San Diego County,2019-09,56
92075,Solana Beach,San Diego County,2020-01,49
92075,Solana Beach,San Diego County,2020-09,51
92075,Solana Beach,San Diego County,2021-06,72
92075,Solana Beach,San Diego County,2021-11,74
92075,Solana Beach,San Diego County,2023-10,58
92075,Solana Beach,San Diego County,2024-02,55
92075,Solana Beach,San Diego County,2025-01,49
92075,Solana Beach,San Diego County,2025-06,55
92078,San Marcos,San Diego County,2012-04,53
92078,San Marcos,San Diego County,2012-09,58
92078,San Marcos,San Diego County,2013-06,77
92078,San Marcos,San Diego County,2013-07,74
92078,San Marcos,San Diego County,2014-03,63
92078,San Marcos,San Diego County,2014-06,65
92078,San Marcos,San Diego County,2016-07,74
92078,San Marcos,San Diego County,2017-07,80
92078,San Marcos,San Diego County,2018-07,65
92078,San Marcos,San Diego County,2019-02,58
92078,San Marcos,San Diego County,2019-03,58
92078,San Marcos,San Diego County,2019-12,58
92078,San Marcos,San Diego County,2020-11,89
92078,San Marcos,San Diego County,2021-01,95
92078,San Marcos,San Diego County,2022-05,100
92078,San Marcos,San Diego County,2023-04,79
92078,San Marcos,San Diego County,2025-05,67
92078,San Marcos,San Diego County,2025-06,67
92078,San Marcos,San Diego County,2025-08,63
92081,Vista,San Diego County,2012-04,47
92081,Vista,San Diego County,2012-12,63
92081,Vista,San Diego County,2013-02,60
92081,Vista,San Diego County,2013-06,83
92081,Vista,San Diego County,2014-03,56
92081,Vista,San Diego County,2014-06,67
92081,Vista,San Diego County,2014-08,61
92081,Vista,San Diego County,2015-07,61
92081,Vista,San Diego County,2016-08,61
92081,Vista,San Diego County,2018-12,58
92081,Vista,San Diego County,2022-09,77
92081,Vista,San Diego County,2022-12,63
92081,Vista,San Diego County,2023-01,63
92081,Vista,San Diego County,2023-04,83
92081,Vista,San Diego County,2023-05,89
92081,Vista,San Diego County,2025-04,75
92081,Vista,San Diego County,2025-09,60
92082,Valley Center,San Diego County,2012-11,51
92082,Valley Center,San Diego County,2013-06,58
92082,Valley Center,San Diego County,2013-12,48
92082,Valley Center,San Diego County,2014-12,47
92082,Valley Center,San Diego County,2015-07,46
92082,Valley Center,San Diego County,2015-10,47
92082,Valley Center,San Diego County,2017-03,46
92082,Valley Center,San Diego County,2017-04,49
92082,Valley Center,San Diego County,2017-09,55
92082,Valley Center,San Diego County,2018-07,51
92082,Valley Center,San Diego County,2019-01,46
92082,Valley Center,San Diego County,2019-07,58
92082,Valley Center,San Diego County,2020-01,52
92082,Valley Center,San Diego County,2020-02,44
92082,Valley Center,San Diego County,2020-05,67
92082,Valley Center,San Diego County,2020-11,67
92082,Valley Center,San Diego County,2020-12,63
92082,Valley Center,San Diego County,2024-08,61
92082,Valley Center,San Diego County,2025-06,55
92083,Vista,San Diego County,2013-04,65
92083,Vista,San Diego County,2013-11,58
92083,Vista,San Diego County,2015-07,60
92083,Vista,San Diego County,2016-10,63
92083,Vista,San Diego County,2017-06,65
92083,Vista,San Diego County,2018-06,74
92083,Vista,San Diego County,2019-01,52
92083,Vista,San Diego County,2019-08,71
92083,Vista,San Diego County,2020-08,79
92083,Vista,San Diego County,2020-09,89
92083,Vista,San Diego County,2021-07,91
92083,Vista,San Diego County,2022-10,63
92083,Vista,San Diego County,2023-03,65
92083,Vista,San Diego County,2024-01,61
92083,Vista,San Diego County,2024-08,77
92084,Vista,San Diego County,2013-02,58
92084,Vista,San Diego County,2013-11,61
92084,Vista,San Diego County,2014-03,52
92084,Vista,San Diego County,2017-04,63
92084,Vista,San Diego County,2017-07,63
92084,Vista,San Diego County,2018-09,55
92084,Vista,San Diego County,2019-05,65
92084,Vista,San Diego County,2019-10,54
92084,Vista,San Diego County,2019-11,58
92084,Vista,San Diego County,2020-01,60
92084,Vista,San Diego County,2021-07,98
92084,Vista,San Diego County,2022-01,83
92084,Vista,San Diego County,2022-06,98
92084,Vista,San Diego County,2022-08,70
92084,Vista,San Diego County,2022-11,70
92084,Vista,San Diego County,2023-06,83
92084,Vista,San Diego County,2024-04,74
92084,Vista,San Diego County,2024-12,65
92084,Vista,San Diego County,2025-05,67
92084,Vista,San Diego County,2025-08,56
92086,Warner Springs,San Diego County,2012-11,37
92086,Warner Springs,San Diego County,2013-05,29
92086,Warner Springs,San Diego County,2014-04,29
92086,Warner Springs,San Diego County,2014-06,22
92086,Warner Springs,San Diego County,2015-01,29
92086,Warner Springs,San Diego County,2015-07,44
92086,Warner Springs,San Diego County,2015-09,39
92086,Warner Springs,San Diego County,2018-05,29
92086,Warner Springs,San Diego County,2018-12,37
92086,Warner Springs,San Diego County,2021-03,49
92086,Warner Springs,San Diego County,2021-09,65
92086,Warner Springs,San Diego County,2022-08,75
92086,Warner Springs,San Diego County,2023-06,53
92086,Warner Springs,San Diego County,2023-10,49
92086,Warner Springs,San Diego County,2024-07,74
92086,Warner Springs,San Diego County,2024-08,50
92086,Warner Springs,San Diego County,2024-10,38
92086,Warner Springs,San Diego County,2025-06,56
92088,Fallbrook,San Diego County,2014-04,50
92091,Rancho Santa Fe,San Diego County,2012-08,44
92091,Rancho Santa Fe,San Diego County,2012-11,37
92091,Rancho Santa Fe,San Diego County,2014-10,44
92091,Rancho Santa Fe,San Diego County,2016-01,33
92091,Rancho Santa Fe,San Diego County,2016-04,51
92091,Rancho Santa Fe,San Diego County,2016-10,40
92091,Rancho Santa Fe,San Diego County,2018-02,49
92091,Rancho Santa Fe,San Diego County,2019-12,44
92091,Rancho Santa Fe,San Diego County,2020-12,52
92091,Rancho Santa Fe,San Diego County,2021-09,77
92091,Rancho Santa Fe,San Diego County,2023-03,49
92091,Rancho Santa Fe,San Diego County,2024-04,63
92091,Rancho Santa Fe,San Diego County,2024-05,61
92091,Rancho Santa Fe,San Diego County,2024-11,53
92091,Rancho Santa Fe,San Diego County,2025-01,49
92091,Rancho Santa Fe,San Diego County,2025-02,58
92091,Rancho Santa Fe,San Diego County,2025-04,58
92101,San Diego,San Diego County,2012-06,61
92101,San Diego,San Diego County,2013-08,65
92101,San Diego,San Diego County,2016-09,61
92101,San Diego,San Diego County,2016-11,61
92101,San Diego,San Diego County,2017-11,58
92101,San Diego,San Diego County,2019-01,49
92101,San Diego,San Diego County,2019-10,49
92101,San Diego,San Diego County,2020-08,56
92101,San Diego,San Diego County,2020-12,58
92101,San Diego,San Diego County,2021-09,74
92101,San Diego,San Diego County,2022-04,98
92101,San Diego,San Diego County,2024-05,58
92101,San Diego,San Diego County,2024-08,58
92101,San Diego,San Diego County,2024-11,48
92101,San Diego,San Diego County,2024-12,48
92101,San Diego,San Diego County,2025-04,51
92102,San Diego,San Diego County,2014-01,60
92102,San Diego,San Diego County,2014-02,58
92102,San Diego,San Diego County,2015-01,52
92102,San Diego,San Diego County,2016-03,63
92102,San Diego,San Diego County,2017-08,65
92102,San Diego,San Diego County,2018-05,74
92102,San Diego,San Diego County,2018-10,65
92102,San Diego,San Diego County,2019-10,70
92102,San Diego,San Diego County,2020-05,77
92102,San Diego,San Diego County,2020-06,67
92102,San Diego,San Diego County,2020-10,74
92102,San Diego,San Diego County,2021-12,87
92102,San Diego,San Diego County,2022-02,80
92102,San Diego,San Diego County,2023-02,79
92102,San Diego,San Diego County,2024-07,79
92103,San Diego,San Diego County,2013-07,65
92103,San Diego,San Diego County,2014-03,55
92103,San Diego,San Diego County,2016-03,61
92103,San Diego,San Diego County,2016-09,55
92103,San Diego,San Diego County,2017-09,63
92103,San Diego,San Diego County,2020-07,63
92103,San Diego,San Diego County,2021-08,83
92103,San Diego,San Diego County,2021-09,83
92103,San Diego,San Diego County,2021-12,83
92103,San Diego,San Diego County,2023-09,83
92103,San Diego,San Diego County,2024-12,54
92103,San Diego,San Diego County,2025-01,54
92104,San Diego,San Diego County,2014-02,61
92104,San Diego,San Diego County,2015-05,74
92104,San Diego,San Diego County,2015-11,65
92104,San Diego,San Diego County,2016-01,67
92104,San Diego,San Diego County,2016-06,83
92104,San Diego,San Diego County,2016-07,79
92104,San Diego,San Diego County,2016-08,72
92104,San Diego,San Diego County,2016-10,65
92104,San Diego,San Diego County,2017-03,74
92104,San Diego,San Diego County,2019-07,65
92104,San Diego,San Diego County,2020-04,77
92104,San Diego,San Diego County,2021-05,91
92104,San Diego,San Diego County,2021-07,93
92104,San Diego,San Diego County,2021-08,91
92104,San Diego,San Diego County,2021-09,91
92104,San Diego,San Diego County,2021-10,87
92104,San Diego,San Diego County,2022-02,93
92104,San Diego,San Diego County,2022-04,100
92104,San Diego,San Diego County,2023-02,67
92104,San Diego,San Diego County,2023-09,95
92104,San Diego,San Diego County,2024-02,72
92104,San Diego,San Diego County,2025-03,77
92104,San Diego,San Diego County,2025-04,75
92104,San Diego,San Diego County,2025-08,63
92105,San Diego,San Diego County,2012-03,60
92105,San Diego,San Diego County,2012-11,67
92105,San Diego,San Diego County,2013-10,72
92105,San Diego,San Diego County,2015-05,63
92105,San Diego,San Diego County,2016-09,67
92105,San Diego,San Diego County,2018-03,65
92105,San Diego,San Diego County,2020-02,60
92105,San Diego,San Diego County,2021-06,89
92105,San Diego,San Diego County,2022-05,93
92105,San Diego,San Diego County,2022-09,74
92105,San Diego,San Diego County,2023-12,77
92105,San Diego,San Diego County,2024-04,79
92105,San Diego,San Diego County,2024-05,77
92106,San Diego,San Diego County,2012-09,54
92106,San Diego,San Diego County,2012-11,54
92106,San Diego,San Diego County,2013-02,60
92106,San Diego,San Diego County,2013-08,65
92106,San Diego,San Diego County,2014-04,58
92106,San Diego,San Diego County,2014-11,51
92106,San Diego,San Diego County,2017-02,44
92106,San Diego,San Diego County,2018-01,56
92106,San Diego,San Diego County,2018-09,63
92106,San Diego,San Diego County,2019-04,52
92106,San Diego,San Diego County,2019-05,55
92106,San Diego,San Diego County,2019-12,48
92106,San Diego,San Diego County,2020-09,75
92106,San Diego,San Diego County,2022-02,75
92106,San Diego,San Diego County,2022-09,77
92106,San Diego,San Diego County,2023-03,58
92106,San Diego,San Diego County,2024-03,58
92106,San Diego,San Diego County,2024-10,60
92106,San Diego,San Diego County,2025-02,55
92106,San Diego,San Diego County,2025-08,58
92107,San Diego,San Diego County,2012-07,55
92107,San Diego,San Diego County,2014-10,54
92107,San Diego,San Diego County,2016-04,72
92107,San Diego,San Diego County,2016-09,71
92107,San Diego,San Diego County,2017-02,67
92107,San Diego,San Diego County,2017-08,65
92107,San Diego,San Diego County,2017-10,61
92107,San Diego,San Diego County,2018-08,72
92107,San Diego,San Diego County,2019-08,67
92107,San Diego,San Diego County,2020-06,70
92107,San Diego,San Diego County,2022-02,93
92107,San Diego,San Diego County,2022-03,89
92107,San Diego,San Diego County,2022-05,93
92107,San Diego,San Diego County,2023-03,72
92107,San Diego,San Diego County,2023-08,83
92107,San Diego,San Diego County,2023-12,63
92107,San Diego,San Diego County,2024-03,61
92108,San Diego,San Diego County,2012-03,52
92108,San Diego,San Diego County,2012-11,74
92108,San Diego,San Diego County,2013-04,87
92108,San Diego,San Diego County,2014-09,58
92108,San Diego,San Diego County,2015-04,58
92108,San Diego,San Diego County,2016-04,75
92108,San Diego,San Diego County,2018-01,74
92108,San Diego,San Diego County,2018-04,79
92108,San Diego,San Diego County,2018-12,53
92108,San Diego,San Diego County,2019-05,67
92108,San Diego,San Diego County,2019-06,65
92108,San Diego,San Diego County,2021-04,83
92108,San Diego,San Diego County,2021-05,93
92108,San Diego,San Diego County,2021-08,95
92108,San Diego,San Diego County,2021-09,100
92108,San Diego,San Diego County,2023-04,79
92108,San Diego,San Diego County,2023-10,83
92108,San Diego,San Diego County,2024-08,67
92108,San Diego,San Diego County,2025-07,54
92109,San Diego,San Diego County,2012-12,54
92109,San Diego,San Diego County,2014-09,58
92109,San Diego,San Diego County,2014-10,53
92109,San Diego,San Diego County,2017-01,58
92109,San Diego,San Diego County,2017-05,70
92109,San Diego,San Diego County,2018-06,70
92109,San Diego,San Diego County,2018-08,63
92109,San Diego,San Diego County,2021-07,87
92109,San Diego,San Diego County,2022-09,74
92109,San Diego,San Diego County,2024-04,63
92109,San Diego,San Diego County,2025-01,53
92109,San Diego,San Diego County,2025-07,58
92109,San Diego,San Diego County,2025-09,53
92109,San Diego,San Diego County,2025-10,54
92109,San Diego,San Diego County,2025-12,56
92110,San Diego,San Diego County,2012-10,70
92110,San Diego,San Diego County,2013-02,77
92110,San Diego,San Diego County,2015-02,55
92110,San Diego,San Diego County,2015-04,60
92110,San Diego,San Diego County,2016-09,65
92110,San Diego,San Diego County,2017-03,65
92110,San Diego,San Diego County,2017-12,74
92110,San Diego,San Diego County,2018-04,77
92110,San Diego,San Diego County,2018-08,69
92110,San Diego,San Diego County,2020-07,70
92110,San Diego,San Diego County,2020-10,70
92110,San Diego,San Diego County,2021-12,79
92110,San Diego,San Diego County,2022-07,100
92110,San Diego,San Diego County,2023-02,72
92110,San Diego,San Diego County,2023-04,83
92110,San Diego,San Diego County,2024-01,69
92110,San Diego,San Diego County,2024-05,83
92111,San Diego,San Diego County,2012-04,65
92111,San Diego,San Diego County,2014-04,72
92111,San Diego,San Diego County,2014-07,65
92111,San Diego,San Diego County,2017-05,80
92111,San Diego,San Diego County,2019-04,67
92111,San Diego,San Diego County,2020-06,80
92111,San Diego,San Diego County,2020-08,83
92111,San Diego,San Diego County,2021-07,100
92111,San Diego,San Diego County,2022-03,91
92111,San Diego,San Diego County,2022-08,80
92111,San Diego,San Diego County,2024-05,93
92111,San Diego,San Diego County,2024-06,83
92111,San Diego,San Diego County,2025-04,80
92113,San Diego,San Diego County,2012-04,58
92113,San Diego,San Diego County,2012-12,69
92113,San Diego,San Diego County,2013-08,63
92113,San Diego,San Diego County,2014-04,55
92113,San Diego,San Diego County,2015-06,58
92113,San Diego,San Diego County,2015-09,60
92113,San Diego,San Diego County,2018-10,63
92113,San Diego,San Diego County,2019-11,63
92113,San Diego,San Diego County,2020-02,74
92113,San Diego,San Diego County,2021-01,74
92113,San Diego,San Diego County,2021-04,77
92113,San Diego,San Diego County,2021-12,74
92113,San Diego,San Diego County,2022-05,83
92113,San Diego,San Diego County,2022-06,83
92113,San Diego,San Diego County,2022-09,65
92113,San Diego,San Diego County,2025-11,58
92114,San Diego,San Diego County,2016-10,69
92114,San Diego,San Diego County,2018-07,77
92114,San Diego,San Diego County,2018-09,70
92114,San Diego,San Diego County,2019-02,71
92114,San Diego,San Diego County,2020-04,83
92114,San Diego,San Diego County,2020-07,83
92114,San Diego,San Diego County,2021-05,93
92114,San Diego,San Diego County,2021-11,87
92114,San Diego,San Diego County,2023-10,89
92114,San Diego,San Diego County,2024-01,79
92114,San Diego,San Diego County,2024-06,80
92114,San Diego,San Diego County,2025-01,69
92114,San Diego,San Diego County,2025-03,69
92114,San Diego,San Diego County,2025-09,71
92115,San Diego,San Diego County,2012-03,60
92115,San Diego,San Diego County,2013-03,74
92115,San Diego,San Diego County,2014-08,61
92115,San Diego,San Diego County,2015-05,65
92115,San Diego,San Diego County,2016-05,71
92115,San Diego,San Diego County,2016-06,74
92115,San Diego,San Diego County,2017-03,75
92115,San Diego,San Diego County,2017-07,79
92115,San Diego,San Diego County,2017-08,74
92115,San Diego,San Diego County,2018-01,63
92115,San Diego,San Diego County,2019-10,74
92115,San Diego,San Diego County,2020-04,77
92115,San Diego,San Diego County,2020-12,83
92115,San Diego,San Diego County,2021-03,87
92115,San Diego,San Diego County,2021-10,95
92115,San Diego,San Diego County,2022-08,80
92115,San Diego,San Diego County,2022-12,63
92115,San Diego,San Diego County,2023-06,87
92115,San Diego,San Diego County,2025-04,69
92115,San Diego,San Diego County,2025-10,60
92116,San Diego,San Diego County,2012-06,74
92116,San Diego,San Diego County,2012-12,65
92116,San Diego,San Diego County,2013-11,70
92116,San Diego,San Diego County,2014-04,71
92116,San Diego,San Diego County,2014-09,65
92116,San Diego,San Diego County,2014-12,55
92116,San Diego,San Diego County,2015-06,67
92116,San Diego,San Diego County,2016-08,74
92116,San Diego,San Diego County,2017-09,70
92116,San Diego,San Diego County,2019-06,69
92116,San Diego,San Diego County,2020-12,79
92116,San Diego,San Diego County,2021-05,98
92116,San Diego,San Diego County,2021-11,83
92116,San Diego,San Diego County,2022-04,100
92116,San Diego,San Diego County,2022-05,100
92116,San Diego,San Diego County,2022-06,91
92116,San Diego,San Diego County,2025-07,58
92117,San Diego,San Diego County,2012-05,58
92117,San Diego,San Diego County,2012-11,71
92117,San Diego,San Diego County,2014-11,58
92117,San Diego,San Diego County,2015-12,65
92117,San Diego,San Diego County,2016-01,65
92117,San Diego,San Diego County,2016-02,67
92117,San Diego,San Diego County,2016-05,79
92117,San Diego,San Diego County,2016-07,77
92117,San Diego,San Diego County,2018-01,70
92117,San Diego,San Diego County,2018-10,67
92117,San Diego,San Diego County,2019-06,77
92117,San Diego,San Diego County,2020-02,77
92117,San Diego,San Diego County,2020-03,79
92117,San Diego,San Diego County,2020-12,83
92117,San Diego,San Diego County,2021-06,98
92117,San Diego,San Diego County,2021-09,95
92117,San Diego,San Diego County,2022-10,67
92117,San Diego,San Diego County,2022-11,69
92117,San Diego,San Diego County,2023-06,100
92117,San Diego,San Diego County,2024-07,80
92117,San Diego,San Diego County,2024-09,80
92117,San Diego,San Diego County,2025-03,65
92117,San Diego,San Diego County,2025-08,65
92117,San Diego,San Diego County,2025-11,67
92118,Coronado,San Diego County,2013-04,51
92118,Coronado,San Diego County,2013-06,51
92118,Coronado,San Diego County,2014-05,55
92118,Coronado,San Diego County,2015-09,44
92118,Coronado,San Diego County,2016-07,44
92118,Coronado,San Diego County,2017-06,47
92118,Coronado,San Diego County,2018-02,39
92118,Coronado,San Diego County,2018-05,47
92118,Coronado,San Diego County,2019-02,44
92118,Coronado,San Diego County,2019-08,47
92118,Coronado,San Diego County,2022-10,55
92118,Coronado,San Diego County,2022-11,58
92118,Coronado,San Diego County,2023-01,58
92118,Coronado,San Diego County,2023-03,63
92118,Coronado,San Diego County,2023-09,63
92118,Coronado,San Diego County,2024-09,52
92119,San Diego,San Diego County,2012-04,67
92119,San Diego,San Diego County,2012-10,72
92119,San Diego,San Diego County,2012-12,70
92119,San Diego,San Diego County,2015-11,61
92119,San Diego,San Diego County,2015-12,63
92119,San Diego,San Diego County,2016-02,61
92119,San Diego,San Diego County,2017-12,63
92119,San Diego,San Diego County,2018-06,74
92119,San Diego,San Diego County,2018-07,72
92119,San Diego,San Diego County,2020-01,63
92119,San Diego,San Diego County,2020-06,79
92119,San Diego,San Diego County,2022-06,95
92119,San Diego,San Diego County,2022-08,83
92119,San Diego,San Diego County,2023-11,83
92119,San Diego,San Diego County,2024-02,79
92119,San Diego,San Diego County,2024-08,71
92120,San Diego,San Diego County,2013-01,71
92120,San Diego,San Diego County,2013-06,75
92120,San Diego,San Diego County,2013-12,58
92120,San Diego,San Diego County,2014-06,65
92120,San Diego,San Diego County,2014-09,63
92120,San Diego,San Diego County,2015-07,74
92120,San Diego,San Diego County,2017-05,77
92120,San Diego,San Diego County,2018-04,79
92120,San Diego,San Diego County,2018-07,77
92120,San Diego,San Diego County,2018-08,72
92120,San Diego,San Diego County,2019-09,67
92120,San Diego,San Diego County,2019-10,65
92120,San Diego,San Diego County,2019-12,67
92120,San Diego,San Diego County,2020-03,77
92120,San Diego,San Diego County,2020-11,83
92120,San Diego,San Diego County,2021-12,83
92120,San Diego,San Diego County,2022-01,91
92120,San Diego,San Diego County,2022-10,72
92120,San Diego,San Diego County,2023-07,83
92120,San Diego,San Diego County,2023-10,80
92120,San Diego,San Diego County,2025-02,70
92121,San Diego,San Diego County,2012-04,58
92121,San Diego,San Diego County,2014-09,55
92121,San Diego,San Diego County,2014-12,47
92121,San Diego,San Diego County,2015-03,52
92121,San Diego,San Diego County,2015-07,77
92121,San Diego,San Diego County,2015-12,52
92121,San Diego,San Diego County,2016-12,83
92121,San Diego,San Diego County,2018-08,72
92121,San Diego,San Diego County,2018-11,65
92121,San Diego,San Diego County,2019-02,61
92121,San Diego,San Diego County,2019-10,58
92121,San Diego,San Diego County,2023-02,61
92121,San Diego,San Diego County,2023-09,79
92121,San Diego,San Diego County,2023-12,83
92121,San Diego,San Diego County,2024-01,87
92121,San Diego,San Diego County,2024-10,44
92121,San Diego,San Diego County,2024-12,44
92121,San Diego,San Diego County,2025-01,55
92121,San Diego,San Diego County,2025-10,53
92122,San Diego,San Diego County,2015-08,60
92122,San Diego,San Diego County,2017-11,67
92122,San Diego,San Diego County,2020-11,70
92122,San Diego,San Diego County,2022-03,100
92122,San Diego,San Diego County,2022-08,80
92122,San Diego,San Diego County,2023-02,56
92122,San Diego,San Diego County,2023-11,72
92122,San Diego,San Diego County,2024-04,77
92122,San Diego,San Diego County,2024-08,74
92122,San Diego,San Diego County,2024-12,61
92122,San Diego,San Diego County,2025-07,58
92122,San Diego,San Diego County,2025-08,55
92122,San Diego,San Diego County,2025-09,55
92123,San Diego,San Diego County,2014-09,61
92123,San Diego,San Diego County,2015-06,74
92123,San Diego,San Diego County,2015-12,63
92123,San Diego,San Diego County,2016-04,74
92123,San Diego,San Diego County,2017-04,83
92123,San Diego,San Diego County,2018-10,67
92123,San Diego,San Diego County,2019-12,70
92123,San Diego,San Diego County,2020-04,77
92123,San Diego,San Diego County,2021-03,89
92123,San Diego,San Diego County,2021-05,98
92123,San Diego,San Diego County,2021-12,89
92123,San Diego,San Diego County,2022-02,95
92123,San Diego,San Diego County,2022-06,91
92123,San Diego,San Diego County,2022-07,93
92123,San Diego,San Diego County,2023-05,80
92123,San Diego,San Diego County,2024-02,77
92123,San Diego,San Diego County,2024-10,67
92123,San Diego,San Diego County,2024-11,69
92123,San Diego,San Diego County,2025-08,60
92123,San Diego,San Diego County,2025-09,61
92124,San Diego,San Diego County,2012-05,61
92124,San Diego,San Diego County,2013-07,77
92124,San Diego,San Diego County,2015-09,65
92124,San Diego,San Diego County,2016-09,67
92124,San Diego,San Diego County,2017-02,67
92124,San Diego,San Diego County,2019-08,77
92124,San Diego,San Diego County,2019-09,71
92124,San Diego,San Diego County,2022-02,93
92124,San Diego,San Diego County,2023-08,87
92124,San Diego,San Diego County,2025-02,67
92124,San Diego,San Diego County,2025-07,70
92126,San Diego,San Diego County,2013-06,91
92126,San Diego,San Diego County,2013-09,80
92126,San Diego,San Diego County,2014-02,71
92126,San Diego,San Diego County,2014-03,70
92126,San Diego,San Diego County,2014-05,74
92126,San Diego,San Diego County,2014-12,60
92126,San Diego,San Diego County,2015-02,65
92126,San Diego,San Diego County,2016-04,80
92126,San Diego,San Diego County,2016-05,79
92126,San Diego,San Diego County,2016-12,74
92126,San Diego,San Diego County,2017-06,83
92126,San Diego,San Diego County,2018-01,83
92126,San Diego,San Diego County,2018-04,93
92126,San Diego,San Diego County,2018-05,91
92126,San Diego,San Diego County,2019-01,65
92126,San Diego,San Diego County,2019-07,83
92126,San Diego,San Diego County,2019-12,72
92126,San Diego,San Diego County,2021-08,98
92126,San Diego,San Diego County,2022-05,100
92126,San Diego,San Diego County,2022-08,79
92126,San Diego,San Diego County,2023-09,98
92126,San Diego,San Diego County,2024-12,63
92126,San Diego,San Diego County,2025-01,61
92127,San Diego,San Diego County,2012-03,47
92127,San Diego,San Diego County,2015-02,52
92127,San Diego,San Diego County,2017-04,77
92127,San Diego,San Diego County,2018-04,83
92127,San Diego,San Diego County,2019-05,74
92127,San Diego,San Diego County,2019-10,63
92127,San Diego,San Diego County,2019-12,58
92127,San Diego,San Diego County,2020-05,80
92127,San Diego,San Diego County,2020-10,83
92127,San Diego,San Diego County,2021-04,98
92127,San Diego,San Diego County,2021-07,100
92127,San Diego,San Diego County,2023-01,61
92127,San Diego,San Diego County,2023-03,74
92127,San Diego,San Diego County,2023-10,75
92127,San Diego,San Diego County,2023-11,74
92127,San Diego,San Diego County,2025-06,65
92128,San Diego,San Diego County,2012-04,49
92128,San Diego,San Diego County,2012-10,70
92128,San Diego,San Diego County,2013-11,70
92128,San Diego,San Diego County,2013-12,63
92128,San Diego,San Diego County,2014-02,60
92128,San Diego,San Diego County,2015-02,58
92128,San Diego,San Diego County,2015-12,55
92128,San Diego,San Diego County,2018-06,77
92128,San Diego,San Diego County,2018-12,58
92128,San Diego,San Diego County,2021-06,95
92128,San Diego,San Diego County,2021-08,100
92128,San Diego,San Diego County,2022-10,60
92128,San Diego,San Diego County,2023-08,91
92129,San Diego,San Diego County,2012-11,67
92129,San Diego,San Diego County,2013-06,89
92129,San Diego,San Diego County,2014-04,74
92129,San Diego,San Diego County,2015-03,63
92129,San Diego,San Diego County,2015-12,58
92129,San Diego,San Diego County,2016-06,80
92129,San Diego,San Diego County,2016-10,71
92129,San Diego,San Diego County,2017-05,87
92129,San Diego,San Diego County,2019-12,74
92129,San Diego,San Diego County,2023-07,100
92130,San Diego,San Diego County,2012-04,50
92130,San Diego,San Diego County,2017-04,79
92130,San Diego,San Diego County,2017-06,83
92130,San Diego,San Diego County,2017-07,79
92130,San Diego,San Diego County,2018-12,58
92130,San Diego,San Diego County,2019-04,65
92130,San Diego,San Diego County,2021-06,98
92130,San Diego,San Diego County,2022-10,61
92130,San Diego,San Diego County,2023-01,55
92130,San Diego,San Diego County,2023-05,83
92130,San Diego,San Diego County,2024-02,77
92130,San Diego,San Diego County,2024-10,69
92130,San Diego,San Diego County,2025-02,69
92131,San Diego,San Diego County,2012-12,63
92131,San Diego,San Diego County,2013-03,74
92131,San Diego,San Diego County,2013-12,58
92131,San Diego,San Diego County,2014-04,69
92131,San Diego,San Diego County,2016-08,67
92131,San Diego,San Diego County,2018-02,77
92131,San Diego,San Diego County,2018-09,69
92131,San Diego,San Diego County,2019-02,61
92131,San Diego,San Diego County,2020-06,80
92131,San Diego,San Diego County,2022-09,61
92131,San Diego,San Diego County,2023-08,91
92131,San Diego,San Diego County,2023-09,83
92131,San Diego,San Diego County,2023-10,83
92131,San Diego,San Diego County,2023-11,83
92131,San Diego,San Diego County,2025-09,63
92132,San Diego,San Diego County,2020-07,29
92132,San Diego,San Diego County,2023-02,51
92132,San Diego,San Diego County,2024-08,38
92139,San Diego,San Diego County,2012-08,65
92139,San Diego,San Diego County,2014-02,74
92139,San Diego,San Diego County,2014-12,65
92139,San Diego,San Diego County,2015-01,67
92139,San Diego,San Diego County,2015-09,74
92139,San Diego,San Diego County,2015-12,65
92139,San Diego,San Diego County,2016-10,72
92139,San Diego,San Diego County,2018-03,67
92139,San Diego,San Diego County,2018-10,63
92139,San Diego,San Diego County,2019-11,80
92139,San Diego,San Diego County,2021-03,87
92139,San Diego,San Diego County,2021-04,91
92139,San Diego,San Diego County,2022-05,98
92139,San Diego,San Diego County,2022-06,83
92142,San Diego,San Diego County,2014-08,70
92142,San Diego,San Diego County,2016-03,61
92142,San Diego,San Diego County,2016-08,58
92142,San Diego,San Diego County,2021-04,91
92154,San Diego,San Diego County,2012-05,58
92154,San Diego,San Diego County,2012-07,61
92154,San Diego,San Diego County,2013-08,77
92154,San Diego,San Diego County,2013-11,67
92154,San Diego,San Diego County,2015-05,70
92154,San Diego,San Diego County,2015-09,63
92154,San Diego,San Diego County,2017-03,65
92154,San Diego,San Diego County,2017-08,77
92154,San Diego,San Diego County,2018-01,63
92154,San Diego,San Diego County,2018-06,72
92154,San Diego,San Diego County,2018-07,71
92154,San Diego,San Diego County,2021-06,83
92154,San Diego,San Diego County,2022-06,91
92154,San Diego,San Diego County,2022-09,72
92154,San Diego,San Diego County,2023-07,95
92154,San Diego,San Diego County,2024-04,79
92154,San Diego,San Diego County,2025-01,69
92154,San Diego,San Diego County,2025-08,67
92160,San Diego,San Diego County,2013-06,56
92160,San Diego,San Diego County,2015-03,47
92160,San Diego,San Diego County,2016-10,51
92160,San Diego,San Diego County,2016-12,44
92160,San Diego,San Diego County,2017-04,44
92160,San Diego,San Diego County,2017-06,74
92160,San Diego,San Diego County,2017-07,77
92160,San Diego,San Diego County,2018-05,67
92160,San Diego,San Diego County,2018-11,67
92160,San Diego,San Diego County,2019-06,49
92160,San Diego,San Diego County,2019-09,60
92160,San Diego,San Diego County,2020-02,41
92160,San Diego,San Diego County,2020-07,83
92160,San Diego,San Diego County,2020-09,77
92160,San Diego,San Diego County,2021-01,58
92160,San Diego,San Diego County,2021-02,50
92160,San Diego,San Diego County,2023-05,67
92160,San Diego,San Diego County,2024-10,52
92160,San Diego,San Diego County,2025-11,39
92165,San Diego,San Diego County,2019-10,49
92170,San Diego,San Diego County,2014-01,58
92170,San Diego,San Diego County,2017-05,58
92170,San Diego,San Diego County,2019-04,29
92171,San Diego,San Diego County,2013-09,71
92171,San Diego,San Diego County,2015-11,75
92171,San Diego,San Diego County,2015-12,58
92171,San Diego,San Diego County,2016-01,65
92171,San Diego,San Diego County,2018-02,60
92171,San Diego,San Diego County,2018-03,47
92171,San Diego,San Diego County,2018-04,52
92171,San Diego,San Diego County,2018-11,47
92171,San Diego,San Diego County,2020-04,71
92171,San Diego,San Diego County,2020-05,67
92171,San Diego,San Diego County,2020-07,83
92171,San Diego,San Diego County,2021-02,70
92171,San Diego,San Diego County,2021-06,83
92171,San Diego,San Diego County,2023-07,61
92171,San Diego,San Diego County,2023-10,89
92171,San Diego,San Diego County,2024-01,44
92171,San Diego,San Diego County,2024-07,47
92171,San Diego,San Diego County,2024-10,44
92171,San Diego,San Diego County,2024-12,44
92173,San Ysidro,San Diego County,2012-09,58
92173,San Ysidro,San Diego County,2013-05,65
92173,San Ysidro,San Diego County,2014-05,65
92173,San Ysidro,San Diego County,2015-01,58
92173,San Ysidro,San Diego County,2016-03,53
92173,San Ysidro,San Diego County,2016-05,67
92173,San Ysidro,San Diego County,2018-08,67
92173,San Ysidro,San Diego County,2018-09,58
92173,San Ysidro,San Diego County,2019-11,65
92173,San Ysidro,San Diego County,2020-02,80
92173,San Ysidro,San Diego County,2021-04,80
92173,San Ysidro,San Diego County,2021-07,83
92173,San Ysidro,San Diego County,2021-08,89
92173,San Ysidro,San Diego County,2021-12,74
92173,San Ysidro,San Diego County,2022-02,80
92173,San Ysidro,San Diego County,2022-05,83
92173,San Ysidro,San Diego County,2023-07,77
92173,San Ysidro,San Diego County,2024-02,67
92173,San Ysidro,San Diego County,2025-11,55
92178,Coronado,San Diego County,2012-03,50
92178,Coronado,San Diego County,2017-10,29
92178,Coronado,San Diego County,2017-11,29
92178,Coronado,San Diego County,2019-03,35
92193,San Diego,San Diego County,2012-12,44
92195,San Diego,San Diego County,2015-10,44
92196,San Diego,San Diego County,2014-01,37
92196,San Diego,San Diego County,2015-05,58
92196,San Diego,San Diego County,2018-10,41
92196,San Diego,San Diego County,2025-04,51
92197,San Diego,San Diego County,2013-12,70
92197,San Diego,San Diego County,2014-01,71
92197,San Diego,San Diego County,2016-01,63
92197,San Diego,San Diego County,2017-07,83
92197,San Diego,San Diego County,2018-11,74
92197,San Diego,San Diego County,2021-05,95
92197,San Diego,San Diego County,2021-12,77
92197,San Diego,San Diego County,2022-03,89
92197,San Diego,San Diego County,2023-07,74
92197,San Diego,San Diego County,2024-03,91
92197,San Diego,San Diego County,2024-06,87
92197,San Diego,San Diego County,2024-11,83
92197,San Diego,San Diego County,2025-01,71
92197,San Diego,San Diego County,2025-06,67
92201,Indio,Riverside County,2012-12,67
92201,Indio,Riverside County,2014-11,55
92201,Indio,Riverside County,2015-03,50
92201,Indio,Riverside County,2015-05,48
92201,Indio,Riverside County,2015-07,50
92201,Indio,Riverside County,2016-01,48
92201,Indio,Riverside County,2016-03,50
92201,Indio,Riverside County,2017-01,50
92201,Indio,Riverside County,2017-03,48
92201,Indio,Riverside County,2017-06,48
92201,Indio,Riverside County,2018-01,53
92201,Indio,Riverside County,2018-10,58
92201,Indio,Riverside County,2022-10,58
92201,Indio,Riverside County,2022-11,58
92201,Indio,Riverside County,2022-12,52
92201,Indio,Riverside County,2024-01,54
92201,Indio,Riverside County,2024-05,52
92201,Indio,Riverside County,2024-12,50
92201,Indio,Riverside County,2025-06,47
92203,Indio,Riverside County,2012-07,50
92203,Indio,Riverside County,2013-02,61
92203,Indio,Riverside County,2013-09,61
92203,Indio,Riverside County,2013-10,63
92203,Indio,Riverside County,2014-03,51
92203,Indio,Riverside County,2014-10,50
92203,Indio,Riverside County,2016-10,47
92203,Indio,Riverside County,2017-02,44
92203,Indio,Riverside County,2018-05,50
92203,Indio,Riverside County,2018-07,48
92203,Indio,Riverside County,2018-12,50
92203,Indio,Riverside County,2019-05,48
92203,Indio,Riverside County,2020-07,52
92203,Indio,Riverside County,2020-08,58
92203,Indio,Riverside County,2021-01,61
92203,Indio,Riverside County,2021-07,75
92203,Indio,Riverside County,2021-11,79
92203,Indio,Riverside County,2023-06,52
92203,Indio,Riverside County,2024-07,53
92203,Indio,Riverside County,2025-01,49
92203,Indio,Riverside County,2025-07,44
92210,Indian Wells,Riverside County,2014-07,38
92210,Indian Wells,Riverside County,2014-10,40
92210,Indian Wells,Riverside County,2015-11,38
92210,Indian Wells,Riverside County,2016-08,40
92210,Indian Wells,Riverside County,2018-11,44
92210,Indian Wells,Riverside County,2018-12,44
92210,Indian Wells,Riverside County,2019-01,40
92210,Indian Wells,Riverside County,2019-10,40
92210,Indian Wells,Riverside County,2019-11,39
92210,Indian Wells,Riverside County,2019-12,40
92210,Indian Wells,Riverside County,2020-05,40
92210,Indian Wells,Riverside County,2020-06,35
92210,Indian Wells,Riverside County,2020-09,44
92210,Indian Wells,Riverside County,2020-12,47
92210,Indian Wells,Riverside County,2021-09,75
92210,Indian Wells,Riverside County,2022-02,67
92210,Indian Wells,Riverside County,2022-06,72
92210,Indian Wells,Riverside County,2022-11,54
92210,Indian Wells,Riverside County,2022-12,53
92210,Indian Wells,Riverside County,2023-12,55
92210,Indian Wells,Riverside County,2024-03,49
92210,Indian Wells,Riverside County,2025-05,47
92210,Indian Wells,Riverside County,2025-11,49
92211,Palm Desert,Riverside County,2012-05,40
92211,Palm Desert,Riverside County,2012-11,52
92211,Palm Desert,Riverside County,2013-02,52
92211,Palm Desert,Riverside County,2013-07,53
92211,Palm Desert,Riverside County,2015-04,44
92211,Palm Desert,Riverside County,2015-06,40
92211,Palm Desert,Riverside County,2016-11,44
92211,Palm Desert,Riverside County,2016-12,47
92211,Palm Desert,Riverside County,2017-09,44
92211,Palm Desert,Riverside County,2018-11,52
92211,Palm Desert,Riverside County,2019-05,46
92211,Palm Desert,Riverside County,2020-02,51
92211,Palm Desert,Riverside County,2021-03,69
92211,Palm Desert,Riverside County,2021-07,77
92211,Palm Desert,Riverside County,2022-02,74
92211,Palm Desert,Riverside County,2022-10,60
92211,Palm Desert,Riverside County,2023-06,61
92211,Palm Desert,Riverside County,2023-08,60
92211,Palm Desert,Riverside County,2023-11,56
92211,Palm Desert,Riverside County,2024-06,52
92211,Palm Desert,Riverside County,2025-09,44
92220,Banning,Riverside County,2013-03,70
92220,Banning,Riverside County,2015-07,54
92220,Banning,Riverside County,2015-08,56
92220,Banning,Riverside County,2016-04,54
92220,Banning,Riverside County,2016-09,61
92220,Banning,Riverside County,2017-06,65
92220,Banning,Riverside County,2017-11,56
92220,Banning,Riverside County,2018-03,58
92220,Banning,Riverside County,2018-06,58
92220,Banning,Riverside County,2019-02,44
92220,Banning,Riverside County,2019-12,49
92220,Banning,Riverside County,2020-03,50
92220,Banning,Riverside County,2020-04,53
92220,Banning,Riverside County,2020-10,67
92220,Banning,Riverside County,2020-11,69
92220,Banning,Riverside County,2021-10,79
92220,Banning,Riverside County,2022-02,71
92220,Banning,Riverside County,2023-06,61
92220,Banning,Riverside County,2024-02,60
92220,Banning,Riverside County,2024-11,58
92220,Banning,Riverside County,2025-02,52
92220,Banning,Riverside County,2025-04,56
92223,Beaumont,Riverside County,2013-07,80
92223,Beaumont,Riverside County,2014-06,63
92223,Beaumont,Riverside County,2014-11,54
92223,Beaumont,Riverside County,2015-10,58
92223,Beaumont,Riverside County,2016-04,58
92223,Beaumont,Riverside County,2017-10,61
92223,Beaumont,Riverside County,2018-04,61
92223,Beaumont,Riverside County,2018-08,58
92223,Beaumont,Riverside County,2018-10,58
92223,Beaumont,Riverside County,2020-04,58
92223,Beaumont,Riverside County,2021-06,83
92223,Beaumont,Riverside County,2022-04,79
92223,Beaumont,Riverside County,2022-08,67
92223,Beaumont,Riverside County,2023-04,58
92223,Beaumont,Riverside County,2023-05,61
92223,Beaumont,Riverside County,2023-07,65
92223,Beaumont,Riverside County,2023-09,63
92223,Beaumont,Riverside County,2024-03,58
92223,Beaumont,Riverside County,2025-03,52
92223,Beaumont,Riverside County,2025-07,58
92223,Beaumont,Riverside County,2025-11,53
92225,Blythe,Riverside County,2012-06,48
92225,Blythe,Riverside County,2012-10,63
92225,Blythe,Riverside County,2013-01,51
92225,Blythe,Riverside County,2013-03,53
92225,Blythe,Riverside County,2013-07,56
92225,Blythe,Riverside County,2014-06,58
92225,Blythe,Riverside County,2014-12,47
92225,Blythe,Riverside County,2015-07,54
92225,Blythe,Riverside County,2016-04,55
92225,Blythe,Riverside County,2016-05,63
92225,Blythe,Riverside County,2016-08,48
92225,Blythe,Riverside County,2017-06,52
92225,Blythe,Riverside County,2017-09,61
92225,Blythe,Riverside County,2018-04,46
92225,Blythe,Riverside County,2018-05,44
92225,Blythe,Riverside County,2018-09,49
92225,Blythe,Riverside County,2020-03,65
92225,Blythe,Riverside County,2020-04,65
92225,Blythe,Riverside County,2020-07,55
92225,Blythe,Riverside County,2021-10,72
92225,Blythe,Riverside County,2022-03,60
92225,Blythe,Riverside County,2023-04,60
92225,Blythe,Riverside County,2024-06,47
92225,Blythe,Riverside County,2024-07,50
92225,Blythe,Riverside County,2025-02,44
92225,Blythe,Riverside County,2025-04,37
92225,Blythe,Riverside County,2025-05,41
92225,Blythe,Riverside County,2025-06,52
92225,Blythe,Riverside County,2025-11,44
92227,Brawley,Imperial County,2013-03,22
92227,Brawley,Imperial County,2014-02,22
92227,Brawley,Imperial County,2015-08,44
92227,Brawley,Imperial County,2016-09,46
92227,Brawley,Imperial County,2017-08,37
92227,Brawley,Imperial County,2018-08,39
92227,Brawley,Imperial County,2019-07,44
92227,Brawley,Imperial County,2019-08,44
92227,Brawley,Imperial County,2019-09,48
92227,Brawley,Imperial County,2020-05,49
92227,Brawley,Imperial County,2023-05,58
92227,Brawley,Imperial County,2023-10,58
92230,Cabazon,Riverside County,2012-04,75
92230,Cabazon,Riverside County,2012-12,55
92230,Cabazon,Riverside County,2013-08,67
92230,Cabazon,Riverside County,2013-10,67
92230,Cabazon,Riverside County,2014-10,52
92230,Cabazon,Riverside County,2014-12,63
92230,Cabazon,Riverside County,2015-07,65
92230,Cabazon,Riverside County,2016-03,50
92230,Cabazon,Riverside County,2016-08,58
92230,Cabazon,Riverside County,2017-04,49
92230,Cabazon,Riverside County,2017-06,51
92230,Cabazon,Riverside County,2018-08,60
92230,Cabazon,Riverside County,2019-01,50
92230,Cabazon,Riverside County,2020-02,60
92230,Cabazon,Riverside County,2020-04,63
92230,Cabazon,Riverside County,2020-11,50
92230,Cabazon,Riverside County,2022-01,89
92230,Cabazon,Riverside County,2022-10,54
92230,Cabazon,Riverside County,2023-02,52
92230,Cabazon,Riverside County,2023-08,77
92230,Cabazon,Riverside County,2024-08,55
92230,Cabazon,Riverside County,2024-11,50
92230,Cabazon,Riverside County,2025-12,65
92231,Calexico,Imperial County,2014-01,41
92231,Calexico,Imperial County,2014-05,47
92231,Calexico,Imperial County,2014-06,46
92231,Calexico,Imperial County,2016-06,44
92231,Calexico,Imperial County,2018-04,38
92231,Calexico,Imperial County,2019-09,44
92231,Calexico,Imperial County,2019-12,46
92231,Calexico,Imperial County,2020-01,44
92231,Calexico,Imperial County,2020-07,44
92231,Calexico,Imperial County,2020-08,44
92231,Calexico,Imperial County,2020-09,49
92231,Calexico,Imperial County,2021-04,48
92231,Calexico,Imperial County,2022-01,44
92231,Calexico,Imperial County,2023-06,55
92231,Calexico,Imperial County,2025-10,46
92233,Calipatria,Imperial County,2012-06,53
92233,Calipatria,Imperial County,2012-09,53
92233,Calipatria,Imperial County,2015-08,40
92233,Calipatria,Imperial County,2016-12,33
92233,Calipatria,Imperial County,2017-07,40
92233,Calipatria,Imperial County,2017-08,44
92233,Calipatria,Imperial County,2017-11,44
92233,Calipatria,Imperial County,2017-12,37
92233,Calipatria,Imperial County,2019-02,32
92233,Calipatria,Imperial County,2020-01,34
92233,Calipatria,Imperial County,2021-08,44
92233,Calipatria,Imperial County,2021-12,47
92233,Calipatria,Imperial County,2022-01,40
92233,Calipatria,Imperial County,2023-03,35
92233,Calipatria,Imperial County,2023-04,22
92233,Calipatria,Imperial County,2023-07,51
92233,Calipatria,Imperial County,2023-09,44
92233,Calipatria,Imperial County,2024-09,49
92233,Calipatria,Imperial County,2025-06,65
92234,Cathedral City,Riverside County,2012-12,61
92234,Cathedral City,Riverside County,2014-10,52
92234,Cathedral City,Riverside County,2015-01,50
92234,Cathedral City,Riverside County,2015-03,49
92234,Cathedral City,Riverside County,2017-08,52
92234,Cathedral City,Riverside County,2019-09,52
92234,Cathedral City,Riverside County,2019-11,53
92234,Cathedral City,Riverside County,2021-01,61
92234,Cathedral City,Riverside County,2021-10,77
92234,Cathedral City,Riverside County,2022-05,83
92234,Cathedral City,Riverside County,2022-10,56
92234,Cathedral City,Riverside County,2023-12,52
92234,Cathedral City,Riverside County,2025-12,49
92236,Coachella,Riverside County,2013-09,83
92236,Coachella,Riverside County,2014-05,71
92236,Coachella,Riverside County,2016-03,60
92236,Coachella,Riverside County,2016-04,55
92236,Coachella,Riverside County,2016-07,52
92236,Coachella,Riverside County,2017-03,56
92236,Coachella,Riverside County,2017-07,58
92236,Coachella,Riverside County,2017-09,56
92236,Coachella,Riverside County,2018-02,55
92236,Coachella,Riverside County,2018-09,58
92236,Coachella,Riverside County,2019-06,61
92236,Coachella,Riverside County,2019-09,58
92236,Coachella,Riverside County,2019-12,53
92236,Coachella,Riverside County,2020-05,70
92236,Coachella,Riverside County,2022-11,51
92236,Coachella,Riverside County,2025-01,55
92239,Desert Center,Riverside County,2012-07,89
92239,Desert Center,Riverside County,2012-09,98
92239,Desert Center,Riverside County,2013-08,48
92239,Desert Center,Riverside County,2014-03,40
92239,Desert Center,Riverside County,2016-10,49
92239,Desert Center,Riverside County,2018-01,29
92239,Desert Center,Riverside County,2020-11,29
92239,Desert Center,Riverside County,2021-05,38
92239,Desert Center,Riverside County,2023-09,29
92239,Desert Center,Riverside County,2023-10,29
92239,Desert Center,Riverside County,2024-06,44
92240,Desert Hot Springs,Riverside County,2013-02,61
92240,Desert Hot Springs,Riverside County,2014-02,53
92240,Desert Hot Springs,Riverside County,2014-05,52
92240,Desert Hot Springs,Riverside County,2015-09,47
92240,Desert Hot Springs,Riverside County,2016-02,49
92240,Desert Hot Springs,Riverside County,2016-04,49
92240,Desert Hot Springs,Riverside County,2016-07,49
92240,Desert Hot Springs,Riverside County,2016-09,50
92240,Desert Hot Springs,Riverside County,2017-04,49
92240,Desert Hot Springs,Riverside County,2018-08,54
92240,Desert Hot Springs,Riverside County,2020-06,48
92240,Desert Hot Springs,Riverside County,2023-01,50
92240,Desert Hot Springs,Riverside County,2023-08,60
92240,Desert Hot Springs,Riverside County,2024-03,52
92240,Desert Hot Springs,Riverside County,2024-09,52
92240,Desert Hot Springs,Riverside County,2025-04,48
92240,Desert Hot Springs,Riverside County,2025-07,47
92241,Desert Hot Springs,Riverside County,2012-09,52
92241,Desert Hot Springs,Riverside County,2015-11,52
92241,Desert Hot Springs,Riverside County,2016-08,51
92241,Desert Hot Springs,Riverside County,2018-04,53
92241,Desert Hot Springs,Riverside County,2018-07,44
92241,Desert Hot Springs,Riverside County,2018-12,51
92241,Desert Hot Springs,Riverside County,2019-11,47
92241,Desert Hot Springs,Riverside County,2020-04,44
92241,Desert Hot Springs,Riverside County,2020-07,58
92241,Desert Hot Springs,Riverside County,2020-12,60
92241,Desert Hot Springs,Riverside County,2021-04,63
92241,Desert Hot Springs,Riverside County,2022-03,69
92241,Desert Hot Springs,Riverside County,2022-04,69
92241,Desert Hot Springs,Riverside County,2023-01,35
92241,Desert Hot Springs,Riverside County,2023-06,52
92241,Desert Hot Springs,Riverside County,2024-01,33
92241,Desert Hot Springs,Riverside County,2024-08,44
92241,Desert Hot Springs,Riverside County,2024-10,51
92241,Desert Hot Springs,Riverside County,2025-09,50
92241,Desert Hot Springs,Riverside County,2025-11,53
92242,Earp,San Bernardino County,2012-09,40
92242,Earp,San Bernardino County,2013-07,34
92242,Earp,San Bernardino County,2015-02,33
92242,Earp,San Bernardino County,2019-11,44
92242,Earp,San Bernardino County,2020-01,65
92242,Earp,San Bernardino County,2021-06,38
92242,Earp,San Bernardino County,2022-01,40
92242,Earp,San Bernardino County,2022-06,35
92242,Earp,San Bernardino County,2022-09,44
92242,Earp,San Bernardino County,2023-11,22
92242,Earp,San Bernardino County,2024-01,53
92243,El Centro,Imperial County,2012-04,33
92243,El Centro,Imperial County,2012-05,29
92243,El Centro,Imperial County,2013-02,44
92243,El Centro,Imperial County,2014-05,41
92243,El Centro,Imperial County,2015-06,44
92243,El Centro,Imperial County,2015-09,44
92243,El Centro,Imperial County,2016-01,40
92243,El Centro,Imperial County,2016-09,44
92243,El Centro,Imperial County,2017-02,44
92243,El Centro,Imperial County,2017-09,44
92243,El Centro,Imperial County,2017-10,46
92243,El Centro,Imperial County,2020-03,44
92243,El Centro,Imperial County,2021-08,49
92243,El Centro,Imperial County,2022-05,55
92243,El Centro,Imperial County,2022-06,58
92243,El Centro,Imperial County,2023-09,67
92243,El Centro,Imperial County,2023-12,61
92243,El Centro,Imperial County,2024-02,55
92243,El Centro,Imperial County,2024-08,70
92243,El Centro,Imperial County,2024-09,72
92243,El Centro,Imperial County,2025-06,58
92247,La Quinta,Riverside County,2014-07,38
92247,La Quinta,Riverside County,2019-04,47
92247,La Quinta,Riverside County,2019-12,87
92249,Heber,Imperial County,2013-09,32
92249,Heber,Imperial County,2014-09,48
92249,Heber,Imperial County,2015-05,40
92249,Heber,Imperial County,2015-07,38
92249,Heber,Imperial County,2015-08,38
92249,Heber,Imperial County,2015-11,49
92249,Heber,Imperial County,2016-01,47
92249,Heber,Imperial County,2016-06,47
92249,Heber,Imperial County,2018-02,44
92249,Heber,Imperial County,2018-09,47
92249,Heber,Imperial County,2021-05,52
92249,Heber,Imperial County,2021-09,54
92249,Heber,Imperial County,2022-10,63
92249,Heber,Imperial County,2025-01,60
92249,Heber,Imperial County,2025-10,67
92249,Heber,Imperial County,2025-12,74
92250,Holtville,Imperial County,2012-06,44
92250,Holtville,Imperial County,2012-09,44
92250,Holtville,Imperial County,2015-03,49
92250,Holtville,Imperial County,2016-01,44
92250,Holtville,Imperial County,2018-12,37
92250,Holtville,Imperial County,2019-05,44
92250,Holtville,Imperial County,2021-04,40
92250,Holtville,Imperial County,2021-11,51
92250,Holtville,Imperial County,2022-06,52
92250,Holtville,Imperial County,2024-01,58
92250,Holtville,Imperial County,2024-05,69
92250,Holtville,Imperial County,2024-08,63
92251,Imperial,Imperial County,2012-03,40
92251,Imperial,Imperial County,2012-08,63
92251,Imperial,Imperial County,2012-09,52
92251,Imperial,Imperial County,2013-06,44
92251,Imperial,Imperial County,2013-11,47
92251,Imperial,Imperial County,2013-12,40
92251,Imperial,Imperial County,2014-01,35
92251,Imperial,Imperial County,2015-02,40
92251,Imperial,Imperial County,2015-03,44
92251,Imperial,Imperial County,2015-11,44
92251,Imperial,Imperial County,2016-02,46
92251,Imperial,Imperial County,2016-08,44
92251,Imperial,Imperial County,2018-05,44
92251,Imperial,Imperial County,2018-12,47
92251,Imperial,Imperial County,2019-01,44
92251,Imperial,Imperial County,2020-02,40
92251,Imperial,Imperial County,2021-07,52
92251,Imperial,Imperial County,2021-10,55
92251,Imperial,Imperial County,2021-12,52
92251,Imperial,Imperial County,2022-08,60
92251,Imperial,Imperial County,2023-06,67
92251,Imperial,Imperial County,2024-01,71
92251,Imperial,Imperial County,2025-02,69
92251,Imperial,Imperial County,2025-04,75
92252,Joshua Tree,San Bernardino County,2012-05,53
92252,Joshua Tree,San Bernardino County,2012-10,61
92252,Joshua Tree,San Bernardino County,2013-03,61
92252,Joshua Tree,San Bernardino County,2013-05,58
92252,Joshua Tree,San Bernardino County,2013-10,67
92252,Joshua Tree,San Bernardino County,2014-09,56
92252,Joshua Tree,San Bernardino County,2015-01,49
92252,Joshua Tree,San Bernardino County,2015-04,51
92252,Joshua Tree,San Bernardino County,2016-07,67
92252,Joshua Tree,San Bernardino County,2016-12,61
92252,Joshua Tree,San Bernardino County,2017-03,58
92252,Joshua Tree,San Bernardino County,2018-01,53
92252,Joshua Tree,San Bernardino County,2018-05,61
92252,Joshua Tree,San Bernardino County,2019-08,53
92252,Joshua Tree,San Bernardino County,2019-10,55
92252,Joshua Tree,San Bernardino County,2020-04,54
92252,Joshua Tree,San Bernardino County,2020-12,72
92252,Joshua Tree,San Bernardino County,2022-01,67
92252,Joshua Tree,San Bernardino County,2022-05,80
92252,Joshua Tree,San Bernardino County,2022-10,50
92253,La Quinta,Riverside County,2012-10,56
92253,La Quinta,Riverside County,2013-07,47
92253,La Quinta,Riverside County,2014-03,47
92253,La Quinta,Riverside County,2014-06,44
92253,La Quinta,Riverside County,2014-08,48
92253,La Quinta,Riverside County,2014-09,47
92253,La Quinta,Riverside County,2014-12,44
92253,La Quinta,Riverside County,2015-11,44
92253,La Quinta,Riverside County,2016-09,44
92253,La Quinta,Riverside County,2016-10,44
92253,La Quinta,Riverside County,2017-04,44
92253,La Quinta,Riverside County,2017-05,41
92253,La Quinta,Riverside County,2019-05,44
92253,La Quinta,Riverside County,2019-11,49
92253,La Quinta,Riverside County,2020-03,47
92253,La Quinta,Riverside County,2020-06,46
92253,La Quinta,Riverside County,2020-08,49
92253,La Quinta,Riverside County,2020-09,52
92253,La Quinta,Riverside County,2020-10,58
92253,La Quinta,Riverside County,2021-08,74
92253,La Quinta,Riverside County,2021-11,77
92253,La Quinta,Riverside County,2022-11,55
92253,La Quinta,Riverside County,2022-12,51
92253,La Quinta,Riverside County,2023-01,50
92253,La Quinta,Riverside County,2023-06,54
92253,La Quinta,Riverside County,2023-11,54
92253,La Quinta,Riverside County,2025-05,49
92253,La Quinta,Riverside County,2025-07,47
92254,Mecca,Riverside County,2012-09,80
92254,Mecca,Riverside County,2013-09,58
92254,Mecca,Riverside County,2015-02,50
92254,Mecca,Riverside County,2017-10,55
92254,Mecca,Riverside County,2019-02,47
92254,Mecca,Riverside County,2019-09,44
92254,Mecca,Riverside County,2021-05,58
92254,Mecca,Riverside County,2022-06,49
92254,Mecca,Riverside County,2022-08,48
92254,Mecca,Riverside County,2023-08,44
92254,Mecca,Riverside County,2024-02,44
92254,Mecca,Riverside County,2024-06,83
92254,Mecca,Riverside County,2025-11,50
92255,Palm Desert,Riverside County,2012-07,47
92255,Palm Desert,Riverside County,2013-06,35
92255,Palm Desert,Riverside County,2013-09,58
92255,Palm Desert,Riverside County,2013-10,65
92255,Palm Desert,Riverside County,2013-12,40
92255,Palm Desert,Riverside County,2014-01,39
92255,Palm Desert,Riverside County,2014-07,35
92255,Palm Desert,Riverside County,2016-06,29
92255,Palm Desert,Riverside County,2017-11,38
92255,Palm Desert,Riverside County,2018-01,44
92255,Palm Desert,Riverside County,2020-02,50
92255,Palm Desert,Riverside County,2021-07,40
92255,Palm Desert,Riverside County,2022-07,70
92255,Palm Desert,Riverside County,2023-06,44
92255,Palm Desert,Riverside County,2024-05,75
92255,Palm Desert,Riverside County,2025-08,38
92256,Morongo Valley,San Bernardino County,2013-03,61
92256,Morongo Valley,San Bernardino County,2013-04,58
92256,Morongo Valley,San Bernardino County,2013-07,44
92256,Morongo Valley,San Bernardino County,2014-03,61
92256,Morongo Valley,San Bernardino County,2014-10,47
92256,Morongo Valley,San Bernardino County,2016-09,52
92256,Morongo Valley,San Bernardino County,2017-10,41
92256,Morongo Valley,San Bernardino County,2018-02,48
92256,Morongo Valley,San Bernardino County,2018-04,52
92256,Morongo Valley,San Bernardino County,2018-09,47
92256,Morongo Valley,San Bernardino County,2019-04,61
92256,Morongo Valley,San Bernardino County,2020-04,44
92256,Morongo Valley,San Bernardino County,2020-12,65
92256,Morongo Valley,San Bernardino County,2022-11,40
92256,Morongo Valley,San Bernardino County,2024-06,63
92256,Morongo Valley,San Bernardino County,2024-09,56
92256,Morongo Valley,San Bernardino County,2025-09,47
92257,Niland,Imperial County,2014-05,29
92257,Niland,Imperial County,2015-04,29
92257,Niland,Imperial County,2017-07,34
92257,Niland,Imperial County,2017-10,44
92257,Niland,Imperial County,2018-05,34
92257,Niland,Imperial County,2019-08,48
92257,Niland,Imperial County,2021-11,29
92257,Niland,Imperial County,2022-05,22
92257,Niland,Imperial County,2023-12,34
92257,Niland,Imperial County,2024-03,29
92257,Niland,Imperial County,2025-01,35
92257,Niland,Imperial County,2025-07,33
92258,North Palm Springs,Riverside County,2013-11,47
92258,North Palm Springs,Riverside County,2014-02,37
92258,North Palm Springs,Riverside County,2017-11,29
92258,North Palm Springs,Riverside County,2019-01,37
92258,North Palm Springs,Riverside County,2021-05,65
92258,North Palm Springs,Riverside County,2023-04,44
92258,North Palm Springs,Riverside County,2024-08,29
92258,North Palm Springs,Riverside County,2024-09,34
92258,North Palm Springs,Riverside County,2025-07,29
92258,North Palm Springs,Riverside County,2025-08,33
92259,Ocotillo,Imperial County,2015-06,40
92259,Ocotillo,Imperial County,2016-03,41
92259,Ocotillo,Imperial County,2016-07,35
92259,Ocotillo,Imperial County,2016-09,44
92259,Ocotillo,Imperial County,2022-05,63
92259,Ocotillo,Imperial County,2024-05,40
92260,Palm Desert,Riverside County,2012-08,48
92260,Palm Desert,Riverside County,2012-10,52
92260,Palm Desert,Riverside County,2013-05,46
92260,Palm Desert,Riverside County,2014-03,47
92260,Palm Desert,Riverside County,2015-12,44
92260,Palm Desert,Riverside County,2016-03,41
92260,Palm Desert,Riverside County,2016-09,40
92260,Palm Desert,Riverside County,2018-06,44
92260,Palm Desert,Riverside County,2018-09,44
92260,Palm Desert,Riverside County,2018-12,50
92260,Palm Desert,Riverside County,2020-10,54
92260,Palm Desert,Riverside County,2021-07,77
92260,Palm Desert,Riverside County,2022-11,63
92260,Palm Desert,Riverside County,2022-12,58
92260,Palm Desert,Riverside County,2025-02,49
92260,Palm Desert,Riverside County,2025-04,49
92260,Palm Desert,Riverside County,2025-07,46
92260,Palm Desert,Riverside County,2025-10,44
92261,Palm Desert,Riverside County,2014-07,44
92261,Palm Desert,Riverside County,2015-10,44
92261,Palm Desert,Riverside County,2016-06,38
92261,Palm Desert,Riverside County,2017-03,52
92261,Palm Desert,Riverside County,2018-09,63
92262,Palm Springs,Riverside County,2012-04,44
92262,Palm Springs,Riverside County,2015-03,44
92262,Palm Springs,Riverside County,2015-06,49
92262,Palm Springs,Riverside County,2016-09,48
92262,Palm Springs,Riverside County,2017-09,47
92262,Palm Springs,Riverside County,2017-12,55
92262,Palm Springs,Riverside County,2018-03,53
92262,Palm Springs,Riverside County,2018-05,55
92262,Palm Springs,Riverside County,2019-05,50
92262,Palm Springs,Riverside County,2020-06,52
92262,Palm Springs,Riverside County,2021-09,77
92262,Palm Springs,Riverside County,2022-03,83
92262,Palm Springs,Riverside County,2022-05,83
92262,Palm Springs,Riverside County,2023-01,55
92262,Palm Springs,Riverside County,2023-07,52
92262,Palm Springs,Riverside County,2024-08,47
92262,Palm Springs,Riverside County,2025-10,44
92262,Palm Springs,Riverside County,2025-12,47
92263,Palm Springs,Riverside County,2013-03,40
92263,Palm Springs,Riverside County,2015-09,75
92263,Palm Springs,Riverside County,2016-08,38
92263,Palm Springs,Riverside County,2016-11,29
92263,Palm Springs,Riverside County,2018-03,37
92263,Palm Springs,Riverside County,2019-01,39
92263,Palm Springs,Riverside County,2020-06,55
92263,Palm Springs,Riverside County,2020-10,67
92263,Palm Springs,Riverside County,2021-03,22
92263,Palm Springs,Riverside County,2021-04,29
92263,Palm Springs,Riverside County,2022-11,44
92263,Palm Springs,Riverside County,2023-05,37
92263,Palm Springs,Riverside County,2024-01,40
92263,Palm Springs,Riverside County,2025-10,56
92263,Palm Springs,Riverside County,2025-11,70
92264,Palm Springs,Riverside County,2012-04,38
92264,Palm Springs,Riverside County,2012-06,39
92264,Palm Springs,Riverside County,2012-08,44
92264,Palm Springs,Riverside County,2012-11,44
92264,Palm Springs,Riverside County,2012-12,46
92264,Palm Springs,Riverside County,2013-04,50
92264,Palm Springs,Riverside County,2013-07,53
92264,Palm Springs,Riverside County,2014-03,52
92264,Palm Springs,Riverside County,2014-05,50
92264,Palm Springs,Riverside County,2017-03,47
92264,Palm Springs,Riverside County,2018-11,55
92264,Palm Springs,Riverside County,2019-11,49
92264,Palm Springs,Riverside County,2021-05,74
92264,Palm Springs,Riverside County,2021-12,83
92264,Palm Springs,Riverside County,2022-11,58
92264,Palm Springs,Riverside County,2023-06,58
92264,Palm Springs,Riverside County,2023-11,55
92264,Palm Springs,Riverside County,2024-06,48
92264,Palm Springs,Riverside County,2025-04,49
92266,Palo Verde,Imperial County,2012-12,32
92266,Palo Verde,Imperial County,2013-05,48
92266,Palo Verde,Imperial County,2014-12,47
92266,Palo Verde,Imperial County,2015-06,29
92266,Palo Verde,Imperial County,2019-06,54
92266,Palo Verde,Imperial County,2024-04,52
92268,Pioneertown,San Bernardino County,2012-06,40
92268,Pioneertown,San Bernardino County,2013-12,67
92268,Pioneertown,San Bernardino County,2014-12,48
92268,Pioneertown,San Bernardino County,2015-04,44
92268,Pioneertown,San Bernardino County,2015-08,44
92268,Pioneertown,San Bernardino County,2016-12,40
92268,Pioneertown,San Bernardino County,2017-01,58
92268,Pioneertown,San Bernardino County,2017-04,63
92268,Pioneertown,San Bernardino County,2017-05,72
92268,Pioneertown,San Bernardino County,2019-07,33
92268,Pioneertown,San Bernardino County,2020-12,44
92268,Pioneertown,San Bernardino County,2021-07,75
92268,Pioneertown,San Bernardino County,2022-05,29
92268,Pioneertown,San Bernardino County,2025-12,44
92270,Rancho Mirage,Riverside County,2013-01,44
92270,Rancho Mirage,Riverside County,2013-04,44
92270,Rancho Mirage,Riverside County,2013-05,40
92270,Rancho Mirage,Riverside County,2014-04,44
92270,Rancho Mirage,Riverside County,2014-09,38
92270,Rancho Mirage,Riverside County,2015-07,37
92270,Rancho Mirage,Riverside County,2016-05,37
92270,Rancho Mirage,Riverside County,2016-09,38
92270,Rancho Mirage,Riverside County,2017-05,37
92270,Rancho Mirage,Riverside County,2018-03,44
92270,Rancho Mirage,Riverside County,2018-04,44
92270,Rancho Mirage,Riverside County,2019-11,47
92270,Rancho Mirage,Riverside County,2019-12,49
92270,Rancho Mirage,Riverside County,2020-01,47
92270,Rancho Mirage,Riverside County,2020-08,44
92270,Rancho Mirage,Riverside County,2020-12,54
92270,Rancho Mirage,Riverside County,2021-02,54
92270,Rancho Mirage,Riverside County,2022-02,77
92270,Rancho Mirage,Riverside County,2022-06,74
92270,Rancho Mirage,Riverside County,2024-10,48
92270,Rancho Mirage,Riverside County,2025-08,44
92270,Rancho Mirage,Riverside County,2025-11,44
92273,Seeley,Imperial County,2019-08,48
92273,Seeley,Imperial County,2022-10,46
92273,Seeley,Imperial County,2024-12,58
92273,Seeley,Imperial County,2025-07,46
92274,Thermal,Riverside County,2013-08,40
92274,Thermal,Riverside County,2014-08,35
92274,Thermal,Riverside County,2015-06,44
92274,Thermal,Riverside County,2015-07,40
92274,Thermal,Riverside County,2018-06,37
92274,Thermal,Riverside County,2019-07,38
92274,Thermal,Riverside County,2020-01,44
92274,Thermal,Riverside County,2020-02,41
92274,Thermal,Riverside County,2020-04,35
92274,Thermal,Riverside County,2020-08,29
92274,Thermal,Riverside County,2021-06,47
92274,Thermal,Riverside County,2022-04,47
92274,Thermal,Riverside County,2022-12,40
92274,Thermal,Riverside County,2023-01,44
92274,Thermal,Riverside County,2025-08,44
92275,Salton City,Imperial County,2021-02,44
92276,Thousand Palms,Riverside County,2012-08,69
92276,Thousand Palms,Riverside County,2013-09,74
92276,Thousand Palms,Riverside County,2013-10,79
92276,Thousand Palms,Riverside County,2013-11,72
92276,Thousand Palms,Riverside County,2014-06,54
92276,Thousand Palms,Riverside County,2015-06,49
92276,Thousand Palms,Riverside County,2017-03,44
92276,Thousand Palms,Riverside County,2018-11,47
92276,Thousand Palms,Riverside County,2018-12,41
92276,Thousand Palms,Riverside County,2019-01,35
92276,Thousand Palms,Riverside County,2019-02,37
92276,Thousand Palms,Riverside County,2019-12,55
92276,Thousand Palms,Riverside County,2020-09,47
92276,Thousand Palms,Riverside County,2021-07,67
92276,Thousand Palms,Riverside County,2021-09,72
92276,Thousand Palms,Riverside County,2021-12,80
92276,Thousand Palms,Riverside County,2022-03,58
92276,Thousand Palms,Riverside County,2022-07,67
92276,Thousand Palms,Riverside County,2025-04,50
92276,Thousand Palms,Riverside County,2025-07,44
92276,Thousand Palms,Riverside County,2025-10,40
92277,Twentynine Palms,San Bernardino County,2012-04,44
92277,Twentynine Palms,San Bernardino County,2013-03,47
92277,Twentynine Palms,San Bernardino County,2014-06,50
92277,Twentynine Palms,San Bernardino County,2015-06,48
92277,Twentynine Palms,San Bernardino County,2015-10,44
92277,Twentynine Palms,San Bernardino County,2018-10,50
92277,Twentynine Palms,San Bernardino County,2019-05,50
92277,Twentynine Palms,San Bernardino County,2020-09,63
92277,Twentynine Palms,San Bernardino County,2021-02,65
92277,Twentynine Palms,San Bernardino County,2021-06,75
92277,Twentynine Palms,San Bernardino County,2022-02,58
92277,Twentynine Palms,San Bernardino County,2024-07,52
92277,Twentynine Palms,San Bernardino County,2025-04,46
92277,Twentynine Palms,San Bernardino County,2025-05,47
92281,Westmorland,Imperial County,2015-09,55
92281,Westmorland,Imperial County,2016-07,47
92281,Westmorland,Imperial County,2016-10,44
92281,Westmorland,Imperial County,2017-01,49
92281,Westmorland,Imperial County,2018-03,44
92281,Westmorland,Imperial County,2018-08,51
92281,Westmorland,Imperial County,2019-12,52
92281,Westmorland,Imperial County,2020-04,60
92281,Westmorland,Imperial County,2020-05,58
92281,Westmorland,Imperial County,2020-12,29
92281,Westmorland,Imperial County,2022-09,98
92281,Westmorland,Imperial County,2024-05,63
92281,Westmorland,Imperial County,2024-06,39
92282,White Water,Riverside County,2012-09,37
92282,White Water,Riverside County,2014-02,29
92282,White Water,Riverside County,2015-09,51
92282,White Water,Riverside County,2017-02,37
92282,White Water,Riverside County,2017-03,46
92282,White Water,Riverside County,2017-04,50
92282,White Water,Riverside County,2017-07,58
92282,White Water,Riverside County,2017-12,33
92282,White Water,Riverside County,2018-07,58
92282,White Water,Riverside County,2018-08,55
92282,White Water,Riverside County,2019-04,44
92282,White Water,Riverside County,2021-09,72
92282,White Water,Riverside County,2022-01,55
92282,White Water,Riverside County,2022-09,63
92282,White Water,Riverside County,2023-12,22
92282,White Water,Riverside County,2025-01,61
92282,White Water,Riverside County,2025-04,40
92283,Winterhaven,Imperial County,2017-09,39
92283,Winterhaven,Imperial County,2019-02,29
92283,Winterhaven,Imperial County,2022-05,47
92283,Winterhaven,Imperial County,2022-06,65
92283,Winterhaven,Imperial County,2023-02,29
92283,Winterhaven,Imperial County,2025-11,37
92284,Yucca Valley,San Bernardino County,2012-09,49
92284,Yucca Valley,San Bernardino County,2013-09,53
92284,Yucca Valley,San Bernardino County,2016-04,58
92284,Yucca Valley,San Bernardino County,2017-03,54
92284,Yucca Valley,San Bernardino County,2021-02,74
92284,Yucca Valley,San Bernardino County,2022-02,67
92284,Yucca Valley,San Bernardino County,2022-07,77
92284,Yucca Valley,San Bernardino County,2023-06,55
92284,Yucca Valley,San Bernardino County,2025-08,47
92285,Landers,San Bernardino County,2013-02,58
92285,Landers,San Bernardino County,2014-03,44
92285,Landers,San Bernardino County,2015-04,40
92285,Landers,San Bernardino County,2015-09,34
92285,Landers,San Bernardino County,2016-04,37
92285,Landers,San Bernardino County,2016-11,49
92285,Landers,San Bernardino County,2017-02,51
92285,Landers,San Bernardino County,2018-02,49
92285,Landers,San Bernardino County,2018-11,48
92285,Landers,San Bernardino County,2018-12,47
92285,Landers,San Bernardino County,2019-05,50
92285,Landers,San Bernardino County,2019-06,54
92285,Landers,San Bernardino County,2019-09,44
92285,Landers,San Bernardino County,2020-04,54
92285,Landers,San Bernardino County,2020-06,50
92285,Landers,San Bernardino County,2020-10,74
92285,Landers,San Bernardino County,2022-03,67
92285,Landers,San Bernardino County,2022-10,44
92285,Landers,San Bernardino County,2023-02,38
92285,Landers,San Bernardino County,2023-05,47
92285,Landers,San Bernardino County,2024-05,46
92285,Landers,San Bernardino County,2024-08,47
92285,Landers,San Bernardino County,2025-06,44
92285,Landers,San Bernardino County,2025-12,37
92301,Adelanto,San Bernardino County,2012-06,54
92301,Adelanto,San Bernardino County,2012-09,56
92301,Adelanto,San Bernardino County,2013-03,71
92301,Adelanto,San Bernardino County,2013-04,69
92301,Adelanto,San Bernardino County,2013-05,61
92301,Adelanto,San Bernardino County,2015-07,48
92301,Adelanto,San Bernardino County,2017-08,58
92301,Adelanto,San Bernardino County,2017-10,58
92301,Adelanto,San Bernardino County,2017-12,52
92301,Adelanto,San Bernardino County,2018-03,55
92301,Adelanto,San Bernardino County,2019-05,55
92301,Adelanto,San Bernardino County,2021-01,70
92301,Adelanto,San Bernardino County,2021-03,74
92301,Adelanto,San Bernardino County,2021-08,83
92301,Adelanto,San Bernardino County,2023-08,79
92301,Adelanto,San Bernardino County,2024-03,65
92305,Angelus Oaks,San Bernardino County,2012-04,37
92305,Angelus Oaks,San Bernardino County,2013-12,37
92305,Angelus Oaks,San Bernardino County,2014-04,34
92305,Angelus Oaks,San Bernardino County,2014-05,32
92305,Angelus Oaks,San Bernardino County,2015-08,44
92305,Angelus Oaks,San Bernardino County,2015-11,41
92305,Angelus Oaks,San Bernardino County,2016-04,47
92305,Angelus Oaks,San Bernardino County,2016-07,41
92305,Angelus Oaks,San Bernardino County,2017-02,29
92305,Angelus Oaks,San Bernardino County,2018-11,44
92305,Angelus Oaks,San Bernardino County,2023-02,47
92305,Angelus Oaks,San Bernardino County,2023-05,44
92305,Angelus Oaks,San Bernardino County,2023-10,41
92305,Angelus Oaks,San Bernardino County,2024-03,40
92305,Angelus Oaks,San Bernardino County,2024-09,52
92305,Angelus Oaks,San Bernardino County,2025-06,40
92307,Apple Valley,San Bernardino County,2012-06,53
92307,Apple Valley,San Bernardino County,2012-09,53
92307,Apple Valley,San Bernardino County,2012-10,52
92307,Apple Valley,San Bernardino County,2013-05,51
92307,Apple Valley,San Bernardino County,2013-08,50
92307,Apple Valley,San Bernardino County,2014-02,47
92307,Apple Valley,San Bernardino County,2014-06,48
92307,Apple Valley,San Bernardino County,2015-10,47
92307,Apple Valley,San Bernardino County,2015-11,47
92307,Apple Valley,San Bernardino County,2016-09,44
92307,Apple Valley,San Bernardino County,2017-11,48
92307,Apple Valley,San Bernardino County,2018-02,47
92307,Apple Valley,San Bernardino County,2019-07,50
92307,Apple Valley,San Bernardino County,2020-07,50
92307,Apple Valley,San Bernardino County,2021-07,74
92307,Apple Valley,San Bernardino County,2022-03,77
92307,Apple Valley,San Bernardino County,2022-09,65
92307,Apple Valley,San Bernardino County,2024-07,65
92307,Apple Valley,San Bernardino County,2025-12,54
92308,Apple Valley,San Bernardino County,2012-10,56
92308,Apple Valley,San Bernardino County,2015-09,46
92308,Apple Valley,San Bernardino County,2015-10,46
92308,Apple Valley,San Bernardino County,2015-12,44
92308,Apple Valley,San Bernardino County,2016-01,44
92308,Apple Valley,San Bernardino County,2017-04,48
92308,Apple Valley,San Bernardino County,2018-03,48
92308,Apple Valley,San Bernardino County,2018-05,50
92308,Apple Valley,San Bernardino County,2019-01,44
92308,Apple Valley,San Bernardino County,2020-03,44
92308,Apple Valley,San Bernardino County,2020-12,58
92308,Apple Valley,San Bernardino County,2023-01,54
92308,Apple Valley,San Bernardino County,2023-02,53
92308,Apple Valley,San Bernardino County,2023-04,58
92308,Apple Valley,San Bernardino County,2023-12,61
92308,Apple Valley,San Bernardino County,2025-07,54
92308,Apple Valley,San Bernardino County,2025-08,51
92308,Apple Valley,San Bernardino County,2025-12,51
92309,Baker,San Bernardino County,2017-10,29
92309,Baker,San Bernardino County,2019-08,32
92311,Barstow,San Bernardino County,2012-04,46
92311,Barstow,San Bernardino County,2013-07,46
92311,Barstow,San Bernardino County,2014-01,41
92311,Barstow,San Bernardino County,2014-12,40
92311,Barstow,San Bernardino County,2015-09,40
92311,Barstow,San Bernardino County,2015-12,37
92311,Barstow,San Bernardino County,2017-01,41
92311,Barstow,San Bernardino County,2017-05,44
92311,Barstow,San Bernardino County,2017-12,40
92311,Barstow,San Bernardino County,2019-02,44
92311,Barstow,San Bernardino County,2019-11,44
92311,Barstow,San Bernardino County,2020-01,47
92311,Barstow,San Bernardino County,2020-07,44
92311,Barstow,San Bernardino County,2020-09,48
92311,Barstow,San Bernardino County,2020-12,49
92311,Barstow,San Bernardino County,2021-01,48
92311,Barstow,San Bernardino County,2021-08,63
92311,Barstow,San Bernardino County,2021-12,63
92311,Barstow,San Bernardino County,2022-01,55
92311,Barstow,San Bernardino County,2022-04,77
92311,Barstow,San Bernardino County,2022-11,56
92311,Barstow,San Bernardino County,2024-09,56
92311,Barstow,San Bernardino County,2025-02,49
92311,Barstow,San Bernardino County,2025-04,53
92311,Barstow,San Bernardino County,2025-09,51
92313,Grand Terrace,San Bernardino County,2012-11,61
92313,Grand Terrace,San Bernardino County,2013-03,72
92313,Grand Terrace,San Bernardino County,2013-05,77
92313,Grand Terrace,San Bernardino County,2016-03,58
92313,Grand Terrace,San Bernardino County,2017-09,74
92313,Grand Terrace,San Bernardino County,2017-11,58
92313,Grand Terrace,San Bernardino County,2018-08,50
92313,Grand Terrace,San Bernardino County,2018-10,52
92313,Grand Terrace,San Bernardino County,2019-05,61
92313,Grand Terrace,San Bernardino County,2020-10,74
92313,Grand Terrace,San Bernardino County,2021-03,77
92313,Grand Terrace,San Bernardino County,2022-04,87
92313,Grand Terrace,San Bernardino County,2022-10,72
92313,Grand Terrace,San Bernardino County,2024-11,61
92313,Grand Terrace,San Bernardino County,2025-02,55
92313,Grand Terrace,San Bernardino County,2025-03,58
92313,Grand Terrace,San Bernardino County,2025-07,58
92313,Grand Terrace,San Bernardino County,2025-11,55
92314,Big Bear City,San Bernardino County,2012-04,38
92314,Big Bear City,San Bernardino County,2013-06,47
92314,Big Bear City,San Bernardino County,2014-03,41
92314,Big Bear City,San Bernardino County,2015-05,44
92314,Big Bear City,San Bernardino County,2016-06,48
92314,Big Bear City,San Bernardino County,2016-12,40
92314,Big Bear City,San Bernardino County,2017-12,44
92314,Big Bear City,San Bernardino County,2018-11,44
92314,Big Bear City,San Bernardino County,2019-03,39
92314,Big Bear City,San Bernardino County,2020-03,44
92314,Big Bear City,San Bernardino County,2021-07,65
92314,Big Bear City,San Bernardino County,2021-08,63
92314,Big Bear City,San Bernardino County,2021-10,63
92314,Big Bear City,San Bernardino County,2023-05,56
92314,Big Bear City,San Bernardino County,2023-06,55
92314,Big Bear City,San Bernardino County,2023-09,53
92314,Big Bear City,San Bernardino County,2023-12,44
92314,Big Bear City,San Bernardino County,2025-12,39
92315,Big Bear Lake,San Bernardino County,2012-05,37
92315,Big Bear Lake,San Bernardino County,2012-08,37
92315,Big Bear Lake,San Bernardino County,2013-08,47
92315,Big Bear Lake,San Bernardino County,2015-08,46
92315,Big Bear Lake,San Bernardino County,2015-12,35
92315,Big Bear Lake,San Bernardino County,2016-09,46
92315,Big Bear Lake,San Bernardino County,2016-10,44
92315,Big Bear Lake,San Bernardino County,2016-11,41
92315,Big Bear Lake,San Bernardino County,2017-05,44
92315,Big Bear Lake,San Bernardino County,2018-01,44
92315,Big Bear Lake,San Bernardino County,2018-03,48
92315,Big Bear Lake,San Bernardino County,2019-07,48
92315,Big Bear Lake,San Bernardino County,2019-08,50
92315,Big Bear Lake,San Bernardino County,2019-10,46
92315,Big Bear Lake,San Bernardino County,2020-02,39
92315,Big Bear Lake,San Bernardino County,2020-06,44
92315,Big Bear Lake,San Bernardino County,2021-11,65
92315,Big Bear Lake,San Bernardino County,2022-03,83
92315,Big Bear Lake,San Bernardino County,2023-08,55
92315,Big Bear Lake,San Bernardino County,2024-01,44
92315,Big Bear Lake,San Bernardino County,2025-03,40
92316,Bloomington,San Bernardino County,2013-07,79
92316,Bloomington,San Bernardino County,2014-02,75
92316,Bloomington,San Bernardino County,2014-04,70
92316,Bloomington,San Bernardino County,2015-06,70
92316,Bloomington,San Bernardino County,2017-01,55
92316,Bloomington,San Bernardino County,2019-12,55
92316,Bloomington,San Bernardino County,2020-01,56
92316,Bloomington,San Bernardino County,2020-03,61
92316,Bloomington,San Bernardino County,2020-12,80
92316,Bloomington,San Bernardino County,2021-07,79
92316,Bloomington,San Bernardino County,2022-02,74
92316,Bloomington,San Bernardino County,2022-08,71
92316,Bloomington,San Bernardino County,2023-05,67
92316,Bloomington,San Bernardino County,2025-03,63
92317,Blue Jay,San Bernardino County,2013-05,33
92317,Blue Jay,San Bernardino County,2013-07,39
92317,Blue Jay,San Bernardino County,2013-09,44
92317,Blue Jay,San Bernardino County,2013-12,37
92317,Blue Jay,San Bernardino County,2014-05,39
92317,Blue Jay,San Bernardino County,2014-12,33
92317,Blue Jay,San Bernardino County,2015-06,22
92317,Blue Jay,San Bernardino County,2016-08,44
92317,Blue Jay,San Bernardino County,2016-10,50
92317,Blue Jay,San Bernardino County,2016-11,38
92317,Blue Jay,San Bernardino County,2018-02,44
92317,Blue Jay,San Bernardino County,2020-10,40
92317,Blue Jay,San Bernardino County,2021-04,50
92317,Blue Jay,San Bernardino County,2022-09,72
92317,Blue Jay,San Bernardino County,2022-10,95
92317,Blue Jay,San Bernardino County,2022-12,60
92317,Blue Jay,San Bernardino County,2024-07,47
92318,Bryn Mawr,San Bernardino County,2016-02,44
92318,Bryn Mawr,San Bernardino County,2018-10,29
92318,Bryn Mawr,San Bernardino County,2019-04,39
92320,Calimesa,Riverside County,2013-09,67
92320,Calimesa,Riverside County,2014-02,61
92320,Calimesa,Riverside County,2014-11,69
92320,Calimesa,Riverside County,2016-03,48
92320,Calimesa,Riverside County,2016-05,53
92320,Calimesa,Riverside County,2016-10,51
92320,Calimesa,Riverside County,2017-01,51
92320,Calimesa,Riverside County,2017-03,49
92320,Calimesa,Riverside County,2019-03,48
92320,Calimesa,Riverside County,2019-06,55
92320,Calimesa,Riverside County,2020-08,63
92320,Calimesa,Riverside County,2021-10,75
92320,Calimesa,Riverside County,2022-03,83
92320,Calimesa,Riverside County,2022-09,65
92320,Calimesa,Riverside County,2022-10,58
92320,Calimesa,Riverside County,2023-07,65
92320,Calimesa,Riverside County,2023-08,69
92320,Calimesa,Riverside County,2023-09,71
92320,Calimesa,Riverside County,2024-05,67
92320,Calimesa,Riverside County,2024-06,65
92321,Cedar Glen,San Bernardino County,2012-12,40
92321,Cedar Glen,San Bernardino County,2013-05,33
92321,Cedar Glen,San Bernardino County,2013-12,37
92321,Cedar Glen,San Bernardino County,2014-01,37
92321,Cedar Glen,San Bernardino County,2014-11,44
92321,Cedar Glen,San Bernardino County,2017-08,44
92321,Cedar Glen,San Bernardino County,2018-01,44
92321,Cedar Glen,San Bernardino County,2019-09,35
92321,Cedar Glen,San Bernardino County,2019-10,47
92321,Cedar Glen,San Bernardino County,2020-05,51
92321,Cedar Glen,San Bernardino County,2021-04,56
92321,Cedar Glen,San Bernardino County,2021-12,44
92321,Cedar Glen,San Bernardino County,2024-04,35
92321,Cedar Glen,San Bernardino County,2024-06,48
92322,Cedarpines Park,San Bernardino County,2013-09,39
92322,Cedarpines Park,San Bernardino County,2015-02,40
92322,Cedarpines Park,San Bernardino County,2016-04,44
92322,Cedarpines Park,San Bernardino County,2017-03,37
92322,Cedarpines Park,San Bernardino County,2017-04,33
92322,Cedarpines Park,San Bernardino County,2017-11,47
92322,Cedarpines Park,San Bernardino County,2018-03,47
92322,Cedarpines Park,San Bernardino County,2018-08,44
92322,Cedarpines Park,San Bernardino County,2019-09,34
92322,Cedarpines Park,San Bernardino County,2020-05,35
92322,Cedarpines Park,San Bernardino County,2020-08,48
92322,Cedarpines Park,San Bernardino County,2020-10,54
92322,Cedarpines Park,San Bernardino County,2021-07,53
92322,Cedarpines Park,San Bernardino County,2021-08,61
92322,Cedarpines Park,San Bernardino County,2022-10,52
92322,Cedarpines Park,San Bernardino County,2023-03,37
92322,Cedarpines Park,San Bernardino County,2024-07,49
92324,Colton,San Bernardino County,2012-09,58
92324,Colton,San Bernardino County,2015-11,75
92324,Colton,San Bernardino County,2018-05,69
92324,Colton,San Bernardino County,2018-08,65
92324,Colton,San Bernardino County,2019-05,63
92324,Colton,San Bernardino County,2020-07,65
92324,Colton,San Bernardino County,2021-05,83
92324,Colton,San Bernardino County,2022-01,79
92324,Colton,San Bernardino County,2024-04,69
92324,Colton,San Bernardino County,2024-06,67
92324,Colton,San Bernardino County,2024-07,63
92324,Colton,San Bernardino County,2025-09,60
92325,Crestline,San Bernardino County,2014-03,47
92325,Crestline,San Bernardino County,2014-07,44
92325,Crestline,San Bernardino County,2015-07,48
92325,Crestline,San Bernardino County,2016-12,41
92325,Crestline,San Bernardino County,2018-04,48
92325,Crestline,San Bernardino County,2018-06,52
92325,Crestline,San Bernardino County,2018-10,47
92325,Crestline,San Bernardino County,2019-08,51
92325,Crestline,San Bernardino County,2020-02,34
92325,Crestline,San Bernardino County,2020-05,44
92325,Crestline,San Bernardino County,2020-09,56
92325,Crestline,San Bernardino County,2022-03,77
92325,Crestline,San Bernardino County,2022-08,67
92325,Crestline,San Bernardino County,2023-01,47
92325,Crestline,San Bernardino County,2023-05,48
92325,Crestline,San Bernardino County,2024-03,46
92325,Crestline,San Bernardino County,2025-02,44
92326,Crest Park,San Bernardino County,2012-06,35
92326,Crest Park,San Bernardino County,2012-11,32
92326,Crest Park,San Bernardino County,2013-01,32
92326,Crest Park,San Bernardino County,2014-03,29
92326,Crest Park,San Bernardino County,2018-11,58
92326,Crest Park,San Bernardino County,2020-08,77
92326,Crest Park,San Bernardino County,2021-06,55
92326,Crest Park,San Bernardino County,2021-09,44
92326,Crest Park,San Bernardino County,2022-01,44
92326,Crest Park,San Bernardino County,2023-12,69
92326,Crest Park,San Bernardino County,2025-10,37
92327,Daggett,San Bernardino County,2013-08,44
92327,Daggett,San Bernardino County,2014-12,39
92327,Daggett,San Bernardino County,2016-12,44
92327,Daggett,San Bernardino County,2017-03,29
92327,Daggett,San Bernardino County,2018-03,29
92327,Daggett,San Bernardino County,2018-05,34
92327,Daggett,San Bernardino County,2019-08,44
92327,Daggett,San Bernardino County,2021-10,44
92327,Daggett,San Bernardino County,2022-03,38
92327,Daggett,San Bernardino County,2022-06,35
92327,Daggett,San Bernardino County,2023-10,22
92327,Daggett,San Bernardino County,2024-02,37
92327,Daggett,San Bernardino County,2025-11,22
92333,Fawnskin,San Bernardino County,2012-08,35
92333,Fawnskin,San Bernardino County,2013-03,40
92333,Fawnskin,San Bernardino County,2014-05,29
92333,Fawnskin,San Bernardino County,2015-01,35
92333,Fawnskin,San Bernardino County,2015-03,35
92333,Fawnskin,San Bernardino County,2016-03,22
92333,Fawnskin,San Bernardino County,2016-04,32
92333,Fawnskin,San Bernardino County,2017-04,39
92333,Fawnskin,San Bernardino County,2017-06,44
92333,Fawnskin,San Bernardino County,2018-09,41
92333,Fawnskin,San Bernardino County,2019-11,41
92333,Fawnskin,San Bernardino County,2020-09,44
92333,Fawnskin,San Bernardino County,2020-10,47
92333,Fawnskin,San Bernardino County,2021-07,58
92333,Fawnskin,San Bernardino County,2023-03,34
92333,Fawnskin,San Bernardino County,2023-06,48
92333,Fawnskin,San Bernardino County,2024-04,34
92333,Fawnskin,San Bernardino County,2024-06,40
92333,Fawnskin,San Bernardino County,2025-01,48
92333,Fawnskin,San Bernardino County,2025-09,47
92333,Fawnskin,San Bernardino County,2025-12,40
92335,Fontana,San Bernardino County,2012-05,63
92335,Fontana,San Bernardino County,2013-10,83
92335,Fontana,San Bernardino County,2013-12,74
92335,Fontana,San Bernardino County,2014-05,74
92335,Fontana,San Bernardino County,2014-06,74
92335,Fontana,San Bernardino County,2016-04,65
92335,Fontana,San Bernardino County,2016-08,70
92335,Fontana,San Bernardino County,2016-12,63
92335,Fontana,San Bernardino County,2018-09,63
92335,Fontana,San Bernardino County,2019-02,52
92335,Fontana,San Bernardino County,2020-10,79
92335,Fontana,San Bernardino County,2021-10,83
92335,Fontana,San Bernardino County,2023-04,65
92335,Fontana,San Bernardino County,2024-07,67
92335,Fontana,San Bernardino County,2024-08,63
92335,Fontana,San Bernardino County,2024-10,67
92336,Fontana,San Bernardino County,2012-05,61
92336,Fontana,San Bernardino County,2013-03,83
92336,Fontana,San Bernardino County,2014-05,70
92336,Fontana,San Bernardino County,2014-10,65
92336,Fontana,San Bernardino County,2015-04,63
92336,Fontana,San Bernardino County,2016-07,63
92336,Fontana,San Bernardino County,2016-11,65
92336,Fontana,San Bernardino County,2017-05,71
92336,Fontana,San Bernardino County,2020-05,74
92336,Fontana,San Bernardino County,2020-10,83
92336,Fontana,San Bernardino County,2022-03,91
92336,Fontana,San Bernardino County,2022-04,91
92336,Fontana,San Bernardino County,2022-07,83
92336,Fontana,San Bernardino County,2024-02,72
92336,Fontana,San Bernardino County,2025-07,61
92337,Fontana,San Bernardino County,2012-08,69
92337,Fontana,San Bernardino County,2012-11,70
92337,Fontana,San Bernardino County,2013-09,91
92337,Fontana,San Bernardino County,2014-10,63
92337,Fontana,San Bernardino County,2015-01,58
92337,Fontana,San Bernardino County,2015-03,58
92337,Fontana,San Bernardino County,2015-05,70
92337,Fontana,San Bernardino County,2016-09,67
92337,Fontana,San Bernardino County,2017-11,72
92337,Fontana,San Bernardino County,2017-12,67
92337,Fontana,San Bernardino County,2018-03,70
92337,Fontana,San Bernardino County,2020-01,61
92337,Fontana,San Bernardino County,2020-03,67
92337,Fontana,San Bernardino County,2020-06,77
92337,Fontana,San Bernardino County,2022-05,93
92337,Fontana,San Bernardino County,2023-05,77
92337,Fontana,San Bernardino County,2024-12,63
92337,Fontana,San Bernardino County,2025-06,77
92337,Fontana,San Bernardino County,2025-07,70
92339,Forest Falls,San Bernardino County,2012-05,41
92339,Forest Falls,San Bernardino County,2012-09,40
92339,Forest Falls,San Bernardino County,2012-12,40
92339,Forest Falls,San Bernardino County,2013-06,50
92339,Forest Falls,San Bernardino County,2013-09,44
92339,Forest Falls,San Bernardino County,2014-02,44
92339,Forest Falls,San Bernardino County,2014-10,47
92339,Forest Falls,San Bernardino County,2017-08,53
92339,Forest Falls,San Bernardino County,2018-02,44
92339,Forest Falls,San Bernardino County,2019-08,44
92339,Forest Falls,San Bernardino County,2020-04,35
92339,Forest Falls,San Bernardino County,2021-03,47
92339,Forest Falls,San Bernardino County,2021-04,55
92339,Forest Falls,San Bernardino County,2022-12,56
92339,Forest Falls,San Bernardino County,2024-06,48
92339,Forest Falls,San Bernardino County,2024-10,44
92339,Forest Falls,San Bernardino County,2025-11,40
92341,Green Valley Lake,San Bernardino County,2012-04,32
92341,Green Valley Lake,San Bernardino County,2012-08,29
92341,Green Valley Lake,San Bernardino County,2014-01,32
92341,Green Valley Lake,San Bernardino County,2014-03,37
92341,Green Valley Lake,San Bernardino County,2014-06,33
92341,Green Valley Lake,San Bernardino County,2016-02,35
92341,Green Valley Lake,San Bernardino County,2016-04,29
92341,Green Valley Lake,San Bernardino County,2016-06,39
92341,Green Valley Lake,San Bernardino County,2017-04,22
92341,Green Valley Lake,San Bernardino County,2018-01,35
92341,Green Valley Lake,San Bernardino County,2018-03,35
92341,Green Valley Lake,San Bernardino County,2018-06,32
92341,Green Valley Lake,San Bernardino County,2018-08,40
92341,Green Valley Lake,San Bernardino County,2019-07,47
92341,Green Valley Lake,San Bernardino County,2019-12,29
92341,Green Valley Lake,San Bernardino County,2020-08,44
92341,Green Valley Lake,San Bernardino County,2021-02,52
92341,Green Valley Lake,San Bernardino County,2021-11,52
92341,Green Valley Lake,San Bernardino County,2022-05,79
92341,Green Valley Lake,San Bernardino County,2022-08,51
92341,Green Valley Lake,San Bernardino County,2024-01,33
92341,Green Valley Lake,San Bernardino County,2024-10,48
92341,Green Valley Lake,San Bernardino County,2024-11,44
92341,Green Valley Lake,San Bernardino County,2025-01,33
92341,Green Valley Lake,San Bernardino County,2025-04,29
92341,Green Valley Lake,San Bernardino County,2025-08,63
92342,Helendale,San Bernardino County,2012-04,39
92342,Helendale,San Bernardino County,2012-07,48
92342,Helendale,San Bernardino County,2012-08,48
92342,Helendale,San Bernardino County,2013-12,37
92342,Helendale,San Bernardino County,2014-02,37
92342,Helendale,San Bernardino County,2014-05,44
92342,Helendale,San Bernardino County,2014-06,44
92342,Helendale,San Bernardino County,2014-09,44
92342,Helendale,San Bernardino County,2015-01,39
92342,Helendale,San Bernardino County,2015-05,40
92342,Helendale,San Bernardino County,2015-08,38
92342,Helendale,San Bernardino County,2016-10,37
92342,Helendale,San Bernardino County,2016-12,37
92342,Helendale,San Bernardino County,2017-11,44
92342,Helendale,San Bernardino County,2019-03,35
92342,Helendale,San Bernardino County,2020-04,44
92342,Helendale,San Bernardino County,2020-09,49
92342,Helendale,San Bernardino County,2021-11,58
92342,Helendale,San Bernardino County,2021-12,61
92342,Helendale,San Bernardino County,2022-09,60
92342,Helendale,San Bernardino County,2023-08,60
92342,Helendale,San Bernardino County,2023-10,58
92344,Hesperia,San Bernardino County,2013-04,60
92344,Hesperia,San Bernardino County,2013-10,55
92344,Hesperia,San Bernardino County,2013-11,56
92344,Hesperia,San Bernardino County,2013-12,53
92344,Hesperia,San Bernardino County,2014-03,56
92344,Hesperia,San Bernardino County,2014-04,55
92344,Hesperia,San Bernardino County,2014-08,58
92344,Hesperia,San Bernardino County,2014-11,50
92344,Hesperia,San Bernardino County,2016-07,52
92344,Hesperia,San Bernardino County,2017-01,49
92344,Hesperia,San Bernardino County,2018-01,51
92344,Hesperia,San Bernardino County,2019-05,49
92344,Hesperia,San Bernardino County,2019-10,48
92344,Hesperia,San Bernardino County,2020-08,55
92344,Hesperia,San Bernardino County,2020-09,60
92344,Hesperia,San Bernardino County,2021-02,58
92344,Hesperia,San Bernardino County,2021-04,67
92344,Hesperia,San Bernardino County,2021-07,75
92344,Hesperia,San Bernardino County,2021-10,77
92344,Hesperia,San Bernardino County,2023-10,61
92344,Hesperia,San Bernardino County,2024-02,51
92344,Hesperia,San Bernardino County,2025-10,51
92345,Hesperia,San Bernardino County,2013-05,58
92345,Hesperia,San Bernardino County,2013-09,55
92345,Hesperia,San Bernardino County,2015-11,49
92345,Hesperia,San Bernardino County,2016-03,49
92345,Hesperia,San Bernardino County,2017-03,47
92345,Hesperia,San Bernardino County,2017-11,52
92345,Hesperia,San Bernardino County,2022-05,83
92345,Hesperia,San Bernardino County,2022-12,56
92345,Hesperia,San Bernardino County,2023-05,72
92345,Hesperia,San Bernardino County,2024-07,71
92346,Highland,San Bernardino County,2012-05,63
92346,Highland,San Bernardino County,2012-07,67
92346,Highland,San Bernardino County,2013-08,87
92346,Highland,San Bernardino County,2013-09,83
92346,Highland,San Bernardino County,2013-10,79
92346,Highland,San Bernardino County,2014-10,67
92346,Highland,San Bernardino County,2015-02,58
92346,Highland,San Bernardino County,2015-08,63
92346,Highland,San Bernardino County,2016-11,60
92346,Highland,San Bernardino County,2016-12,58
92346,Highland,San Bernardino County,2018-11,58
92346,Highland,San Bernardino County,2019-02,52
92346,Highland,San Bernardino County,2020-04,67
92346,Highland,San Bernardino County,2020-09,77
92346,Highland,San Bernardino County,2021-07,89
92346,Highland,San Bernardino County,2022-05,95
92346,Highland,San Bernardino County,2023-08,83
92346,Highland,San Bernardino County,2023-11,71
92346,Highland,San Bernardino County,2024-03,67
92346,Highland,San Bernardino County,2024-08,69
92347,Hinkley,San Bernardino County,2013-03,22
92347,Hinkley,San Bernardino County,2013-04,34
92347,Hinkley,San Bernardino County,2013-06,29
92347,Hinkley,San Bernardino County,2014-05,91
92347,Hinkley,San Bernardino County,2014-07,71
92347,Hinkley,San Bernardino County,2015-10,29
92347,Hinkley,San Bernardino County,2016-07,44
92347,Hinkley,San Bernardino County,2016-10,37
92347,Hinkley,San Bernardino County,2017-02,46
92347,Hinkley,San Bernardino County,2017-06,22
92347,Hinkley,San Bernardino County,2019-03,29
92347,Hinkley,San Bernardino County,2020-11,47
92347,Hinkley,San Bernardino County,2021-02,54
92347,Hinkley,San Bernardino County,2022-07,40
92347,Hinkley,San Bernardino County,2022-11,22
92347,Hinkley,San Bernardino County,2022-12,29
92352,Lake Arrowhead,San Bernardino County,2012-04,35
92352,Lake Arrowhead,San Bernardino County,2014-01,37
92352,Lake Arrowhead,San Bernardino County,2016-01,38
92352,Lake Arrowhead,San Bernardino County,2016-02,35
92352,Lake Arrowhead,San Bernardino County,2016-03,37
92352,Lake Arrowhead,San Bernardino County,2016-11,34
92352,Lake Arrowhead,San Bernardino County,2017-07,39
92352,Lake Arrowhead,San Bernardino County,2018-03,37
92352,Lake Arrowhead,San Bernardino County,2018-06,37
92352,Lake Arrowhead,San Bernardino County,2018-09,41
92352,Lake Arrowhead,San Bernardino County,2019-11,37
92352,Lake Arrowhead,San Bernardino County,2020-09,47
92352,Lake Arrowhead,San Bernardino County,2020-11,52
92352,Lake Arrowhead,San Bernardino County,2022-02,63
92352,Lake Arrowhead,San Bernardino County,2022-04,80
92352,Lake Arrowhead,San Bernardino County,2022-06,70
92352,Lake Arrowhead,San Bernardino County,2023-02,44
92352,Lake Arrowhead,San Bernardino County,2023-04,40
92352,Lake Arrowhead,San Bernardino County,2023-08,52
92352,Lake Arrowhead,San Bernardino County,2024-05,51
92352,Lake Arrowhead,San Bernardino County,2024-09,47
92352,Lake Arrowhead,San Bernardino County,2025-11,40
92354,Loma Linda,San Bernardino County,2012-07,61
92354,Loma Linda,San Bernardino County,2015-02,49
92354,Loma Linda,San Bernardino County,2015-12,53
92354,Loma Linda,San Bernardino County,2017-04,55
92354,Loma Linda,San Bernardino County,2018-03,52
92354,Loma Linda,San Bernardino County,2019-07,67
92354,Loma Linda,San Bernardino County,2021-05,74
92354,Loma Linda,San Bernardino County,2021-07,83
92354,Loma Linda,San Bernardino County,2021-08,80
92354,Loma Linda,San Bernardino County,2022-12,58
92354,Loma Linda,San Bernardino County,2023-01,56
92354,Loma Linda,San Bernardino County,2024-06,61
92354,Loma Linda,San Bernardino County,2024-07,58
92354,Loma Linda,San Bernardino County,2024-12,58
92354,Loma Linda,San Bernardino County,2025-02,58
92354,Loma Linda,San Bernardino County,2025-08,49
92356,Lucerne Valley,San Bernardino County,2012-04,47
92356,Lucerne Valley,San Bernardino County,2012-06,44
92356,Lucerne Valley,San Bernardino County,2012-09,49
92356,Lucerne Valley,San Bernardino County,2013-05,44
92356,Lucerne Valley,San Bernardino County,2013-12,40
92356,Lucerne Valley,San Bernardino County,2016-02,35
92356,Lucerne Valley,San Bernardino County,2016-08,40
92356,Lucerne Valley,San Bernardino County,2017-01,44
92356,Lucerne Valley,San Bernardino County,2017-02,41
92356,Lucerne Valley,San Bernardino County,2017-06,44
92356,Lucerne Valley,San Bernardino County,2018-10,44
92356,Lucerne Valley,San Bernardino County,2019-10,44
92356,Lucerne Valley,San Bernardino County,2020-07,40
92356,Lucerne Valley,San Bernardino County,2021-10,58
92356,Lucerne Valley,San Bernardino County,2021-11,61
92356,Lucerne Valley,San Bernardino County,2025-04,40
92356,Lucerne Valley,San Bernardino County,2025-07,48
92356,Lucerne Valley,San Bernardino County,2025-10,56
92358,Lytle Creek,San Bernardino County,2012-08,67
92358,Lytle Creek,San Bernardino County,2013-08,52
92358,Lytle Creek,San Bernardino County,2013-11,44
92358,Lytle Creek,San Bernardino County,2014-11,58
92358,Lytle Creek,San Bernardino County,2015-12,65
92358,Lytle Creek,San Bernardino County,2016-03,50
92358,Lytle Creek,San Bernardino County,2016-04,44
92358,Lytle Creek,San Bernardino County,2017-02,61
92358,Lytle Creek,San Bernardino County,2017-09,49
92358,Lytle Creek,San Bernardino County,2017-10,49
92358,Lytle Creek,San Bernardino County,2018-10,65
92358,Lytle Creek,San Bernardino County,2020-05,52
92358,Lytle Creek,San Bernardino County,2020-06,47
92358,Lytle Creek,San Bernardino County,2021-06,56
92358,Lytle Creek,San Bernardino County,2022-01,63
92358,Lytle Creek,San Bernardino County,2023-09,61
92358,Lytle Creek,San Bernardino County,2023-11,48
92358,Lytle Creek,San Bernardino County,2024-01,47
92358,Lytle Creek,San Bernardino County,2024-10,71
92358,Lytle Creek,San Bernardino County,2025-04,41
92358,Lytle Creek,San Bernardino County,2025-06,41
92358,Lytle Creek,San Bernardino County,2025-07,32
92358,Lytle Creek,San Bernardino County,2025-12,35
92359,Mentone,San Bernardino County,2013-08,65
92359,Mentone,San Bernardino County,2013-11,63
92359,Mentone,San Bernardino County,2014-09,63
92359,Mentone,San Bernardino County,2015-09,69
92359,Mentone,San Bernardino County,2015-10,65
92359,Mentone,San Bernardino County,2016-03,67
92359,Mentone,San Bernardino County,2016-11,54
92359,Mentone,San Bernardino County,2017-02,53
92359,Mentone,San Bernardino County,2017-10,53
92359,Mentone,San Bernardino County,2017-11,50
92359,Mentone,San Bernardino County,2018-04,56
92359,Mentone,San Bernardino County,2018-08,56
92359,Mentone,San Bernardino County,2019-06,55
92359,Mentone,San Bernardino County,2019-07,60
92359,Mentone,San Bernardino County,2019-12,55
92359,Mentone,San Bernardino County,2021-07,74
92359,Mentone,San Bernardino County,2022-11,72
92359,Mentone,San Bernardino County,2023-12,67
92359,Mentone,San Bernardino County,2025-11,60
92363,Needles,San Bernardino County,2012-07,47
92363,Needles,San Bernardino County,2013-08,44
92363,Needles,San Bernardino County,2014-10,40
92363,Needles,San Bernardino County,2014-11,48
92363,Needles,San Bernardino County,2016-03,34
92363,Needles,San Bernardino County,2016-04,40
92363,Needles,San Bernardino County,2016-07,52
92363,Needles,San Bernardino County,2016-09,44
92363,Needles,San Bernardino County,2017-02,41
92363,Needles,San Bernardino County,2017-07,44
92363,Needles,San Bernardino County,2017-09,46
92363,Needles,San Bernardino County,2019-09,46
92363,Needles,San Bernardino County,2020-03,37
92363,Needles,San Bernardino County,2020-04,37
92363,Needles,San Bernardino County,2020-09,55
92363,Needles,San Bernardino County,2020-12,49
92363,Needles,San Bernardino County,2021-06,69
92363,Needles,San Bernardino County,2022-05,58
92363,Needles,San Bernardino County,2024-05,44
92363,Needles,San Bernardino County,2024-11,37
92363,Needles,San Bernardino County,2024-12,34
92365,Newberry Springs,San Bernardino County,2014-02,40
92365,Newberry Springs,San Bernardino County,2014-06,35
92365,Newberry Springs,San Bernardino County,2015-12,29
92365,Newberry Springs,San Bernardino County,2016-06,44
92365,Newberry Springs,San Bernardino County,2018-01,29
92365,Newberry Springs,San Bernardino County,2018-12,48
92365,Newberry Springs,San Bernardino County,2019-02,44
92365,Newberry Springs,San Bernardino County,2019-03,34
92365,Newberry Springs,San Bernardino County,2019-04,37
92365,Newberry Springs,San Bernardino County,2021-04,53
92365,Newberry Springs,San Bernardino County,2023-04,35
92365,Newberry Springs,San Bernardino County,2024-01,49
92365,Newberry Springs,San Bernardino County,2024-07,35
92366,Mountain Pass,San Bernardino County,2013-04,46
92366,Mountain Pass,San Bernardino County,2013-09,41
92366,Mountain Pass,San Bernardino County,2014-06,35
92366,Mountain Pass,San Bernardino County,2014-08,33
92366,Mountain Pass,San Bernardino County,2015-04,47
92366,Mountain Pass,San Bernardino County,2015-11,37
92366,Mountain Pass,San Bernardino County,2016-01,32
92366,Mountain Pass,San Bernardino County,2016-08,37
92366,Mountain Pass,San Bernardino County,2017-06,32
92366,Mountain Pass,San Bernardino County,2017-07,40
92366,Mountain Pass,San Bernardino County,2017-10,35
92366,Mountain Pass,San Bernardino County,2017-11,22
92366,Mountain Pass,San Bernardino County,2018-07,22
92366,Mountain Pass,San Bernardino County,2019-10,44
92366,Mountain Pass,San Bernardino County,2020-01,37
92366,Mountain Pass,San Bernardino County,2020-05,37
92366,Mountain Pass,San Bernardino County,2021-01,40
92366,Mountain Pass,San Bernardino County,2021-02,40
92366,Mountain Pass,San Bernardino County,2022-04,40
92366,Mountain Pass,San Bernardino County,2022-08,37
92366,Mountain Pass,San Bernardino County,2023-06,40
92366,Mountain Pass,San Bernardino County,2023-11,35
92366,Mountain Pass,San Bernardino County,2025-04,29
92366,Mountain Pass,San Bernardino County,2025-11,40
92368,Oro Grande,San Bernardino County,2016-04,35
92368,Oro Grande,San Bernardino County,2017-01,44
92368,Oro Grande,San Bernardino County,2019-03,22
92368,Oro Grande,San Bernardino County,2019-05,22
92368,Oro Grande,San Bernardino County,2019-08,55
92368,Oro Grande,San Bernardino County,2019-11,58
92368,Oro Grande,San Bernardino County,2020-03,47
92368,Oro Grande,San Bernardino County,2020-08,55
92368,Oro Grande,San Bernardino County,2020-12,44
92368,Oro Grande,San Bernardino County,2021-03,49
92368,Oro Grande,San Bernardino County,2021-05,56
92368,Oro Grande,San Bernardino County,2021-08,72
92368,Oro Grande,San Bernardino County,2022-02,60
92368,Oro Grande,San Bernardino County,2022-08,58
92368,Oro Grande,San Bernardino County,2022-10,63
92368,Oro Grande,San Bernardino County,2024-11,44
92368,Oro Grande,San Bernardino County,2025-06,33
92371,Phelan,San Bernardino County,2012-05,63
92371,Phelan,San Bernardino County,2012-11,58
92371,Phelan,San Bernardino County,2015-11,47
92371,Phelan,San Bernardino County,2016-03,40
92371,Phelan,San Bernardino County,2017-02,44
92371,Phelan,San Bernardino County,2019-05,44
92371,Phelan,San Bernardino County,2020-08,50
92371,Phelan,San Bernardino County,2020-11,48
92371,Phelan,San Bernardino County,2020-12,50
92371,Phelan,San Bernardino County,2021-03,58
92371,Phelan,San Bernardino County,2021-04,58
92371,Phelan,San Bernardino County,2021-09,75
92371,Phelan,San Bernardino County,2022-09,55
92371,Phelan,San Bernardino County,2023-11,52
92371,Phelan,San Bernardino County,2024-12,52
92372,Pinon Hills,San Bernardino County,2012-12,52
92372,Pinon Hills,San Bernardino County,2013-04,50
92372,Pinon Hills,San Bernardino County,2013-05,51
92372,Pinon Hills,San Bernardino County,2014-05,44
92372,Pinon Hills,San Bernardino County,2014-07,49
92372,Pinon Hills,San Bernardino County,2014-09,44
92372,Pinon Hills,San Bernardino County,2014-10,44
92372,Pinon Hills,San Bernardino County,2015-09,44
92372,Pinon Hills,San Bernardino County,2016-10,44
92372,Pinon Hills,San Bernardino County,2017-01,44
92372,Pinon Hills,San Bernardino County,2017-05,37
92372,Pinon Hills,San Bernardino County,2019-01,44
92372,Pinon Hills,San Bernardino County,2019-03,44
92372,Pinon Hills,San Bernardino County,2019-04,41
92372,Pinon Hills,San Bernardino County,2019-07,47
92372,Pinon Hills,San Bernardino County,2019-08,37
92372,Pinon Hills,San Bernardino County,2019-09,40
92372,Pinon Hills,San Bernardino County,2020-04,46
92372,Pinon Hills,San Bernardino County,2020-12,46
92372,Pinon Hills,San Bernardino County,2021-03,60
92372,Pinon Hills,San Bernardino County,2021-11,60
92372,Pinon Hills,San Bernardino County,2022-05,70
92373,Redlands,San Bernardino County,2012-11,58
92373,Redlands,San Bernardino County,2013-07,67
92373,Redlands,San Bernardino County,2014-12,53
92373,Redlands,San Bernardino County,2015-06,56
92373,Redlands,San Bernardino County,2015-08,53
92373,Redlands,San Bernardino County,2016-02,52
92373,Redlands,San Bernardino County,2016-10,61
92373,Redlands,San Bernardino County,2017-01,44
92373,Redlands,San Bernardino County,2018-04,63
92373,Redlands,San Bernardino County,2019-02,58
92373,Redlands,San Bernardino County,2020-01,55
92373,Redlands,San Bernardino County,2021-03,61
92373,Redlands,San Bernardino County,2022-07,74
92373,Redlands,San Bernardino County,2024-05,67
92373,Redlands,San Bernardino County,2025-01,56
92373,Redlands,San Bernardino County,2025-04,61
92374,Redlands,San Bernardino County,2013-01,70
92374,Redlands,San Bernardino County,2013-03,74
92374,Redlands,San Bernardino County,2013-05,77
92374,Redlands,San Bernardino County,2013-06,80
92374,Redlands,San Bernardino County,2013-08,77
92374,Redlands,San Bernardino County,2013-09,77
92374,Redlands,San Bernardino County,2014-04,65
92374,Redlands,San Bernardino County,2014-10,60
92374,Redlands,San Bernardino County,2015-03,54
92374,Redlands,San Bernardino County,2015-10,56
92374,Redlands,San Bernardino County,2016-09,58
92374,Redlands,San Bernardino County,2017-02,55
92374,Redlands,San Bernardino County,2017-06,70
92374,Redlands,San Bernardino County,2018-10,60
92374,Redlands,San Bernardino County,2019-11,61
92374,Redlands,San Bernardino County,2020-08,74
92374,Redlands,San Bernardino County,2021-05,79
92374,Redlands,San Bernardino County,2021-11,77
92374,Redlands,San Bernardino County,2023-07,77
92374,Redlands,San Bernardino County,2024-08,67
92376,Rialto,San Bernardino County,2013-12,74
92376,Rialto,San Bernardino County,2014-02,67
92376,Rialto,San Bernardino County,2015-09,71
92376,Rialto,San Bernardino County,2016-01,63
92376,Rialto,San Bernardino County,2016-12,60
92376,Rialto,San Bernardino County,2017-01,58
92376,Rialto,San Bernardino County,2017-11,65
92376,Rialto,San Bernardino County,2018-06,67
92376,Rialto,San Bernardino County,2020-03,67
92376,Rialto,San Bernardino County,2020-04,72
92376,Rialto,San Bernardino County,2020-06,77
92376,Rialto,San Bernardino County,2023-03,55
92376,Rialto,San Bernardino County,2024-09,74
92376,Rialto,San Bernardino County,2025-08,60
92376,Rialto,San Bernardino County,2025-12,52
92377,Rialto,San Bernardino County,2014-07,77
92377,Rialto,San Bernardino County,2015-07,67
92377,Rialto,San Bernardino County,2015-11,65
92377,Rialto,San Bernardino County,2015-12,65
92377,Rialto,San Bernardino County,2016-11,65
92377,Rialto,San Bernardino County,2016-12,67
92377,Rialto,San Bernardino County,2017-01,65
92377,Rialto,San Bernardino County,2017-10,74
92377,Rialto,San Bernardino County,2017-11,79
92377,Rialto,San Bernardino County,2018-01,74
92377,Rialto,San Bernardino County,2018-04,72
92377,Rialto,San Bernardino County,2018-05,74
92377,Rialto,San Bernardino County,2019-06,70
92377,Rialto,San Bernardino County,2020-02,65
92377,Rialto,San Bernardino County,2020-06,79
92377,Rialto,San Bernardino County,2022-11,63
92377,Rialto,San Bernardino County,2023-08,77
92377,Rialto,San Bernardino County,2024-10,58
92377,Rialto,San Bernardino County,2025-03,61
92377,Rialto,San Bernardino County,2025-05,56
92378,Rimforest,San Bernardino County,2014-07,29
92378,Rimforest,San Bernardino County,2016-08,50
92378,Rimforest,San Bernardino County,2018-05,55
92378,Rimforest,San Bernardino County,2020-10,40
92378,Rimforest,San Bernardino County,2021-06,52
92378,Rimforest,San Bernardino County,2023-05,47
92378,Rimforest,San Bernardino County,2024-11,50
92378,Rimforest,San Bernardino County,2025-02,47
92378,Rimforest,San Bernardino County,2025-04,33
92382,Running Springs,San Bernardino County,2012-09,37
92382,Running Springs,San Bernardino County,2013-04,40
92382,Running Springs,San Bernardino County,2013-06,44
92382,Running Springs,San Bernardino County,2014-05,39
92382,Running Springs,San Bernardino County,2015-07,44
92382,Running Springs,San Bernardino County,2015-12,29
92382,Running Springs,San Bernardino County,2017-08,47
92382,Running Springs,San Bernardino County,2018-03,40
92382,Running Springs,San Bernardino County,2019-08,48
92382,Running Springs,San Bernardino County,2020-07,52
92382,Running Springs,San Bernardino County,2020-09,52
92382,Running Springs,San Bernardino County,2021-06,69
92382,Running Springs,San Bernardino County,2021-11,61
92382,Running Springs,San Bernardino County,2022-03,77
92382,Running Springs,San Bernardino County,2022-05,83
92382,Running Springs,San Bernardino County,2022-09,56
92382,Running Springs,San Bernardino County,2024-05,52
92382,Running Springs,San Bernardino County,2024-06,55
92382,Running Springs,San Bernardino County,2024-12,47
92382,Running Springs,San Bernardino County,2025-01,44
92382,Running Springs,San Bernardino County,2025-02,44
92382,Running Springs,San Bernardino County,2025-07,50
92382,Running Springs,San Bernardino County,2025-09,44
92385,Skyforest,San Bernardino County,2012-09,33
92385,Skyforest,San Bernardino County,2013-02,40
92385,Skyforest,San Bernardino County,2013-03,41
92385,Skyforest,San Bernardino County,2013-05,34
92385,Skyforest,San Bernardino County,2014-05,37
92385,Skyforest,San Bernardino County,2014-07,44
92385,Skyforest,San Bernardino County,2015-06,35
92385,Skyforest,San Bernardino County,2016-07,39
92385,Skyforest,San Bernardino County,2018-05,35
92385,Skyforest,San Bernardino County,2019-03,40
92385,Skyforest,San Bernardino County,2021-10,49
92385,Skyforest,San Bernardino County,2022-06,74
92385,Skyforest,San Bernardino County,2024-10,56
92385,Skyforest,San Bernardino County,2024-11,55
92385,Skyforest,San Bernardino County,2025-05,37
92385,Skyforest,San Bernardino County,2025-08,34
92385,Skyforest,San Bernardino County,2025-12,40
92386,Sugarloaf,San Bernardino County,2012-12,38
92386,Sugarloaf,San Bernardino County,2015-01,39
92386,Sugarloaf,San Bernardino County,2015-09,44
92386,Sugarloaf,San Bernardino County,2016-12,44
92386,Sugarloaf,San Bernardino County,2017-02,40
92386,Sugarloaf,San Bernardino County,2017-07,50
92386,Sugarloaf,San Bernardino County,2018-06,51
92386,Sugarloaf,San Bernardino County,2018-11,44
92386,Sugarloaf,San Bernardino County,2019-07,44
92386,Sugarloaf,San Bernardino County,2020-09,50
92386,Sugarloaf,San Bernardino County,2020-11,60
92386,Sugarloaf,San Bernardino County,2021-09,61
92386,Sugarloaf,San Bernardino County,2021-10,63
92386,Sugarloaf,San Bernardino County,2021-11,67
92386,Sugarloaf,San Bernardino County,2022-07,63
92386,Sugarloaf,San Bernardino County,2022-09,52
92386,Sugarloaf,San Bernardino County,2023-02,44
92386,Sugarloaf,San Bernardino County,2023-11,46
92386,Sugarloaf,San Bernardino County,2024-07,50
92386,Sugarloaf,San Bernardino County,2024-09,55
92386,Sugarloaf,San Bernardino County,2024-11,40
92386,Sugarloaf,San Bernardino County,2025-01,35
92391,Twin Peaks,San Bernardino County,2012-04,40
92391,Twin Peaks,San Bernardino County,2013-05,34
92391,Twin Peaks,San Bernardino County,2013-09,41
92391,Twin Peaks,San Bernardino County,2014-04,47
92391,Twin Peaks,San Bernardino County,2015-04,34
92391,Twin Peaks,San Bernardino County,2015-06,37
92391,Twin Peaks,San Bernardino County,2015-08,44
92391,Twin Peaks,San Bernardino County,2016-02,39
92391,Twin Peaks,San Bernardino County,2016-05,44
92391,Twin Peaks,San Bernardino County,2018-02,37
92391,Twin Peaks,San Bernardino County,2018-04,37
92391,Twin Peaks,San Bernardino County,2018-07,44
92391,Twin Peaks,San Bernardino County,2019-11,44
92391,Twin Peaks,San Bernardino County,2021-12,53
92391,Twin Peaks,San Bernardino County,2023-04,40
92391,Twin Peaks,San Bernardino County,2023-06,63
92391,Twin Peaks,San Bernardino County,2023-09,51
92391,Twin Peaks,San Bernardino County,2024-02,49
92391,Twin Peaks,San Bernardino County,2024-08,50
92391,Twin Peaks,San Bernardino County,2025-01,39
92391,Twin Peaks,San Bernardino County,2025-11,47
92392,Victorville,San Bernardino County,2012-11,65
92392,Victorville,San Bernardino County,2013-04,69
92392,Victorville,San Bernardino County,2015-07,50
92392,Victorville,San Bernardino County,2015-10,51
92392,Victorville,San Bernardino County,2016-07,58
92392,Victorville,San Bernardino County,2016-08,58
92392,Victorville,San Bernardino County,2017-11,55
92392,Victorville,San Bernardino County,2018-02,49
92392,Victorville,San Bernardino County,2018-06,58
92392,Victorville,San Bernardino County,2019-01,50
92392,Victorville,San Bernardino County,2019-05,52
92392,Victorville,San Bernardino County,2019-09,54
92392,Victorville,San Bernardino County,2020-11,71
92392,Victorville,San Bernardino County,2021-05,77
92392,Victorville,San Bernardino County,2022-04,89
92392,Victorville,San Bernardino County,2023-11,63
92392,Victorville,San Bernardino County,2024-01,54
92392,Victorville,San Bernardino County,2025-03,58
92393,Victorville,San Bernardino County,2015-11,22
92393,Victorville,San Bernardino County,2017-12,49
92393,Victorville,San Bernardino County,2018-10,63
92393,Victorville,San Bernardino County,2021-09,67
92393,Victorville,San Bernardino County,2021-11,67
92393,Victorville,San Bernardino County,2022-03,54
92393,Victorville,San Bernardino County,2023-07,77
92393,Victorville,San Bernardino County,2023-08,89
92393,Victorville,San Bernardino County,2024-03,49
92393,Victorville,San Bernardino County,2025-03,40
92393,Victorville,San Bernardino County,2025-09,74
92394,Victorville,San Bernardino County,2012-07,60
92394,Victorville,San Bernardino County,2013-02,69
92394,Victorville,San Bernardino County,2014-01,54
92394,Victorville,San Bernardino County,2014-06,52
92394,Victorville,San Bernardino County,2015-10,50
92394,Victorville,San Bernardino County,2015-11,49
92394,Victorville,San Bernardino County,2016-08,56
92394,Victorville,San Bernardino County,2017-01,52
92394,Victorville,San Bernardino County,2017-02,52
92394,Victorville,San Bernardino County,2017-03,55
92394,Victorville,San Bernardino County,2017-04,58
92394,Victorville,San Bernardino County,2018-03,55
92394,Victorville,San Bernardino County,2018-10,55
92394,Victorville,San Bernardino County,2019-02,52
92394,Victorville,San Bernardino County,2019-09,55
92394,Victorville,San Bernardino County,2020-12,70
92394,Victorville,San Bernardino County,2021-02,72
92394,Victorville,San Bernardino County,2021-07,80
92394,Victorville,San Bernardino County,2021-12,83
92394,Victorville,San Bernardino County,2022-01,91
92394,Victorville,San Bernardino County,2022-04,83
92394,Victorville,San Bernardino County,2022-05,83
92394,Victorville,San Bernardino County,2023-05,69
92394,Victorville,San Bernardino County,2024-02,65
92394,Victorville,San Bernardino County,2024-05,74
92394,Victorville,San Bernardino County,2025-09,55
92395,Victorville,San Bernardino County,2012-04,47
92395,Victorville,San Bernardino County,2014-09,51
92395,Victorville,San Bernardino County,2015-06,49
92395,Victorville,San Bernardino County,2015-08,48
92395,Victorville,San Bernardino County,2015-10,47
92395,Victorville,San Bernardino County,2016-07,52
92395,Victorville,San Bernardino County,2017-01,49
92395,Victorville,San Bernardino County,2019-10,50
92395,Victorville,San Bernardino County,2020-02,47
92395,Victorville,San Bernardino County,2021-07,74
92395,Victorville,San Bernardino County,2022-10,61
92395,Victorville,San Bernardino County,2023-08,79
92395,Victorville,San Bernardino County,2024-01,60
92395,Victorville,San Bernardino County,2024-07,74
92395,Victorville,San Bernardino County,2025-02,55
92395,Victorville,San Bernardino County,2025-08,55
92397,Wrightwood,San Bernardino County,2012-08,54
92397,Wrightwood,San Bernardino County,2013-04,47
92397,Wrightwood,San Bernardino County,2013-06,44
92397,Wrightwood,San Bernardino County,2014-06,33
92397,Wrightwood,San Bernardino County,2014-11,44
92397,Wrightwood,San Bernardino County,2015-06,40
92397,Wrightwood,San Bernardino County,2015-10,44
92397,Wrightwood,San Bernardino County,2016-10,44
92397,Wrightwood,San Bernardino County,2017-01,37
92397,Wrightwood,San Bernardino County,2017-02,37
92397,Wrightwood,San Bernardino County,2017-03,37
92397,Wrightwood,San Bernardino County,2017-07,44
92397,Wrightwood,San Bernardino County,2020-04,44
92397,Wrightwood,San Bernardino County,2021-01,55
92397,Wrightwood,San Bernardino County,2021-03,52
92397,Wrightwood,San Bernardino County,2021-07,69
92397,Wrightwood,San Bernardino County,2023-02,44
92397,Wrightwood,San Bernardino County,2023-03,40
92397,Wrightwood,San Bernardino County,2023-04,44
92397,Wrightwood,San Bernardino County,2024-02,44
92397,Wrightwood,San Bernardino County,2024-03,38
92397,Wrightwood,San Bernardino County,2024-04,44
92397,Wrightwood,San Bernardino County,2024-06,52
92397,Wrightwood,San Bernardino County,2024-10,51
92397,Wrightwood,San Bernardino County,2024-12,49
92397,Wrightwood,San Bernardino County,2025-06,48
92398,Yermo,San Bernardino County,2012-05,52
92398,Yermo,San Bernardino County,2012-07,69
92398,Yermo,San Bernardino County,2013-08,40
92398,Yermo,San Bernardino County,2014-08,34
92398,Yermo,San Bernardino County,2014-11,37
92398,Yermo,San Bernardino County,2015-09,22
92398,Yermo,San Bernardino County,2015-11,29
92398,Yermo,San Bernardino County,2017-11,44
92398,Yermo,San Bernardino County,2018-04,35
92398,Yermo,San Bernardino County,2018-06,37
92398,Yermo,San Bernardino County,2019-09,44
92398,Yermo,San Bernardino County,2020-02,35
92398,Yermo,San Bernardino County,2024-04,49
92398,Yermo,San Bernardino County,2024-05,67
92398,Yermo,San Bernardino County,2025-10,48
92399,Yucaipa,San Bernardino County,2014-08,65
92399,Yucaipa,San Bernardino County,2015-02,55
92399,Yucaipa,San Bernardino County,2016-01,56
92399,Yucaipa,San Bernardino County,2017-09,61
92399,Yucaipa,San Bernardino County,2018-05,58
92399,Yucaipa,San Bernardino County,2018-07,63
92399,Yucaipa,San Bernardino County,2018-08,61
92399,Yucaipa,San Bernardino County,2018-12,50
92399,Yucaipa,San Bernardino County,2019-01,50
92399,Yucaipa,San Bernardino County,2020-02,49
92399,Yucaipa,San Bernardino County,2021-08,79
92399,Yucaipa,San Bernardino County,2022-02,77
92399,Yucaipa,San Bernardino County,2023-04,60
92399,Yucaipa,San Bernardino County,2023-09,67
92399,Yucaipa,San Bernardino County,2024-02,58
92399,Yucaipa,San Bernardino County,2024-06,70
92399,Yucaipa,San Bernardino County,2025-04,65
92399,Yucaipa,San Bernardino County,2025-10,63
92401,San Bernardino,San Bernardino County,2012-05,35
92401,San Bernardino,San Bernardino County,2012-06,44
92401,San Bernardino,San Bernardino County,2012-07,44
92401,San Bernardino,San Bernardino County,2012-11,63
92401,San Bernardino,San Bernardino County,2013-03,67
92401,San Bernardino,San Bernardino County,2013-06,44
92401,San Bernardino,San Bernardino County,2014-07,61
92401,San Bernardino,San Bernardino County,2014-12,63
92401,San Bernardino,San Bernardino County,2015-02,55
92401,San Bernardino,San Bernardino County,2015-09,63
92401,San Bernardino,San Bernardino County,2017-06,49
92401,San Bernardino,San Bernardino County,2017-10,52
92401,San Bernardino,San Bernardino County,2018-03,60
92401,San Bernardino,San Bernardino County,2018-04,60
92401,San Bernardino,San Bernardino County,2018-10,58
92401,San Bernardino,San Bernardino County,2019-06,46
92401,San Bernardino,San Bernardino County,2019-09,48
92401,San Bernardino,San Bernardino County,2020-06,47
92401,San Bernardino,San Bernardino County,2020-12,58
92401,San Bernardino,San Bernardino County,2024-12,67
92402,San Bernardino,San Bernardino County,2013-03,35
92402,San Bernardino,San Bernardino County,2015-09,51
92402,San Bernardino,San Bernardino County,2016-07,44
92402,San Bernardino,San Bernardino County,2019-12,29
92402,San Bernardino,San Bernardino County,2020-01,22
92402,San Bernardino,San Bernardino County,2022-08,74
92402,San Bernardino,San Bernardino County,2022-11,37
92402,San Bernardino,San Bernardino County,2023-01,47
92402,San Bernardino,San Bernardino County,2023-02,71
92402,San Bernardino,San Bernardino County,2024-11,40
92402,San Bernardino,San Bernardino County,2025-03,41
92402,San Bernardino,San Bernardino County,2025-05,54
92402,San Bernardino,San Bernardino County,2025-10,37
92404,San Bernardino,San Bernardino County,2012-10,70
92404,San Bernardino,San Bernardino County,2012-12,72
92404,San Bernardino,San Bernardino County,2013-03,77
92404,San Bernardino,San Bernardino County,2015-10,61
92404,San Bernardino,San Bernardino County,2016-01,61
92404,San Bernardino,San Bernardino County,2016-03,67
92404,San Bernardino,San Bernardino County,2016-05,72
92404,San Bernardino,San Bernardino County,2017-05,61
92404,San Bernardino,San Bernardino County,2019-06,63
92404,San Bernardino,San Bernardino County,2020-05,58
92404,San Bernardino,San Bernardino County,2021-05,83
92404,San Bernardino,San Bernardino County,2021-07,89
92404,San Bernardino,San Bernardino County,2021-12,83
92404,San Bernardino,San Bernardino County,2022-01,80
92404,San Bernardino,San Bernardino County,2022-09,69
92404,San Bernardino,San Bernardino County,2024-02,67
92404,San Bernardino,San Bernardino County,2024-03,70
92404,San Bernardino,San Bernardino County,2024-08,70
92404,San Bernardino,San Bernardino County,2025-02,53
92404,San Bernardino,San Bernardino County,2025-09,58
92405,San Bernardino,San Bernardino County,2012-11,67
92405,San Bernardino,San Bernardino County,2014-02,71
92405,San Bernardino,San Bernardino County,2014-04,63
92405,San Bernardino,San Bernardino County,2014-10,58
92405,San Bernardino,San Bernardino County,2014-11,60
92405,San Bernardino,San Bernardino County,2015-02,60
92405,San Bernardino,San Bernardino County,2015-03,61
92405,San Bernardino,San Bernardino County,2015-05,67
92405,San Bernardino,San Bernardino County,2016-02,61
92405,San Bernardino,San Bernardino County,2017-01,55
92405,San Bernardino,San Bernardino County,2018-09,63
92405,San Bernardino,San Bernardino County,2019-03,58
92405,San Bernardino,San Bernardino County,2019-05,60
92405,San Bernardino,San Bernardino County,2019-06,63
92405,San Bernardino,San Bernardino County,2019-11,67
92405,San Bernardino,San Bernardino County,2020-02,58
92405,San Bernardino,San Bernardino County,2020-03,61
92405,San Bernardino,San Bernardino County,2020-10,79
92405,San Bernardino,San Bernardino County,2021-12,93
92405,San Bernardino,San Bernardino County,2024-12,58
92407,San Bernardino,San Bernardino County,2012-06,65
92407,San Bernardino,San Bernardino County,2012-08,67
92407,San Bernardino,San Bernardino County,2013-01,71
92407,San Bernardino,San Bernardino County,2014-03,69
92407,San Bernardino,San Bernardino County,2014-05,69
92407,San Bernardino,San Bernardino County,2014-11,65
92407,San Bernardino,San Bernardino County,2015-04,63
92407,San Bernardino,San Bernardino County,2015-10,65
92407,San Bernardino,San Bernardino County,2016-02,61
92407,San Bernardino,San Bernardino County,2016-09,61
92407,San Bernardino,San Bernardino County,2018-11,58
92407,San Bernardino,San Bernardino County,2021-03,89
92407,San Bernardino,San Bernardino County,2021-08,91
92407,San Bernardino,San Bernardino County,2021-11,83
92407,San Bernardino,San Bernardino County,2023-01,53
92407,San Bernardino,San Bernardino County,2024-01,63
92407,San Bernardino,San Bernardino County,2024-06,70
92407,San Bernardino,San Bernardino County,2025-04,65
92407,San Bernardino,San Bernardino County,2025-07,58
92408,San Bernardino,San Bernardino County,2012-09,61
92408,San Bernardino,San Bernardino County,2013-02,65
92408,San Bernardino,San Bernardino County,2014-08,67
92408,San Bernardino,San Bernardino County,2017-02,53
92408,San Bernardino,San Bernardino County,2018-03,58
92408,San Bernardino,San Bernardino County,2018-12,75
92408,San Bernardino,San Bernardino County,2019-02,51
92408,San Bernardino,San Bernardino County,2019-09,63
92408,San Bernardino,San Bernardino County,2020-05,63
92408,San Bernardino,San Bernardino County,2023-06,75
92408,San Bernardino,San Bernardino County,2024-04,55
92408,San Bernardino,San Bernardino County,2024-08,65
92408,San Bernardino,San Bernardino County,2025-08,61
92410,San Bernardino,San Bernardino County,2012-12,65
92410,San Bernardino,San Bernardino County,2013-02,65
92410,San Bernardino,San Bernardino County,2013-03,67
92410,San Bernardino,San Bernardino County,2014-01,65
92410,San Bernardino,San Bernardino County,2014-12,58
92410,San Bernardino,San Bernardino County,2015-08,63
92410,San Bernardino,San Bernardino County,2017-04,50
92410,San Bernardino,San Bernardino County,2019-08,67
92410,San Bernardino,San Bernardino County,2021-07,72
92410,San Bernardino,San Bernardino County,2021-08,75
92410,San Bernardino,San Bernardino County,2021-12,80
92410,San Bernardino,San Bernardino County,2023-02,55
92410,San Bernardino,San Bernardino County,2023-03,54
92411,San Bernardino,San Bernardino County,2013-08,69
92411,San Bernardino,San Bernardino County,2014-10,71
92411,San Bernardino,San Bernardino County,2015-02,67
92411,San Bernardino,San Bernardino County,2016-03,63
92411,San Bernardino,San Bernardino County,2016-09,67
92411,San Bernardino,San Bernardino County,2017-05,60
92411,San Bernardino,San Bernardino County,2018-07,67
92411,San Bernardino,San Bernardino County,2018-09,61
92411,San Bernardino,San Bernardino County,2019-12,56
92411,San Bernardino,San Bernardino County,2020-12,70
92411,San Bernardino,San Bernardino County,2021-06,74
92411,San Bernardino,San Bernardino County,2022-08,79
92411,San Bernardino,San Bernardino County,2022-09,69
92411,San Bernardino,San Bernardino County,2022-10,67
92411,San Bernardino,San Bernardino County,2023-01,58
92411,San Bernardino,San Bernardino County,2023-02,63
92411,San Bernardino,San Bernardino County,2023-07,77
92411,San Bernardino,San Bernardino County,2023-11,77
92411,San Bernardino,San Bernardino County,2024-04,69
92413,San Bernardino,San Bernardino County,2013-10,50
92413,San Bernardino,San Bernardino County,2014-09,52
92413,San Bernardino,San Bernardino County,2022-01,93
92413,San Bernardino,San Bernardino County,2024-09,58
92501,Riverside,Riverside County,2013-10,77
92501,Riverside,Riverside County,2013-11,75
92501,Riverside,Riverside County,2014-06,72
92501,Riverside,Riverside County,2014-09,65
92501,Riverside,Riverside County,2016-03,58
92501,Riverside,Riverside County,2017-08,63
92501,Riverside,Riverside County,2019-04,44
92501,Riverside,Riverside County,2021-06,77
92501,Riverside,Riverside County,2022-09,74
92501,Riverside,Riverside County,2025-12,52
92503,Riverside,Riverside County,2013-03,74
92503,Riverside,Riverside County,2014-08,74
92503,Riverside,Riverside County,2015-02,56
92503,Riverside,Riverside County,2015-03,58
92503,Riverside,Riverside County,2015-10,61
92503,Riverside,Riverside County,2016-01,60
92503,Riverside,Riverside County,2016-03,61
92503,Riverside,Riverside County,2016-11,58
92503,Riverside,Riverside County,2017-04,58
92503,Riverside,Riverside County,2017-06,65
92503,Riverside,Riverside County,2018-08,61
92503,Riverside,Riverside County,2020-07,72
92503,Riverside,Riverside County,2020-08,75
92503,Riverside,Riverside County,2021-10,89
92503,Riverside,Riverside County,2022-05,91
92503,Riverside,Riverside County,2022-08,83
92503,Riverside,Riverside County,2023-01,55
92503,Riverside,Riverside County,2023-03,61
92503,Riverside,Riverside County,2023-04,72
92503,Riverside,Riverside County,2023-08,83
92503,Riverside,Riverside County,2023-10,83
92503,Riverside,Riverside County,2024-01,65
92503,Riverside,Riverside County,2025-07,55
92503,Riverside,Riverside County,2025-10,55
92504,Riverside,Riverside County,2012-07,69
92504,Riverside,Riverside County,2013-01,71
92504,Riverside,Riverside County,2015-11,63
92504,Riverside,Riverside County,2015-12,58
92504,Riverside,Riverside County,2016-05,65
92504,Riverside,Riverside County,2017-01,58
92504,Riverside,Riverside County,2018-03,69
92504,Riverside,Riverside County,2019-02,50
92504,Riverside,Riverside County,2020-07,70
92504,Riverside,Riverside County,2021-01,83
92504,Riverside,Riverside County,2021-06,87
92504,Riverside,Riverside County,2022-01,83
92504,Riverside,Riverside County,2022-04,93
92504,Riverside,Riverside County,2025-07,63
92505,Riverside,Riverside County,2013-04,87
92505,Riverside,Riverside County,2013-10,83
92505,Riverside,Riverside County,2016-03,55
92505,Riverside,Riverside County,2016-06,65
92505,Riverside,Riverside County,2017-01,55
92505,Riverside,Riverside County,2017-08,69
92505,Riverside,Riverside County,2018-01,63
92505,Riverside,Riverside County,2018-07,63
92505,Riverside,Riverside County,2019-01,51
92505,Riverside,Riverside County,2019-08,60
92505,Riverside,Riverside County,2020-05,74
92505,Riverside,Riverside County,2020-06,70
92505,Riverside,Riverside County,2021-07,83
92505,Riverside,Riverside County,2021-09,80
92505,Riverside,Riverside County,2022-07,87
92505,Riverside,Riverside County,2022-10,71
92505,Riverside,Riverside County,2023-08,79
92505,Riverside,Riverside County,2023-12,61
92506,Riverside,Riverside County,2012-04,56
92506,Riverside,Riverside County,2012-10,61
92506,Riverside,Riverside County,2014-01,65
92506,Riverside,Riverside County,2015-01,53
92506,Riverside,Riverside County,2016-05,65
92506,Riverside,Riverside County,2017-04,61
92506,Riverside,Riverside County,2017-08,67
92506,Riverside,Riverside County,2018-06,65
92506,Riverside,Riverside County,2019-08,67
92506,Riverside,Riverside County,2019-12,55
92506,Riverside,Riverside County,2020-07,69
92506,Riverside,Riverside County,2020-10,75
92506,Riverside,Riverside County,2021-02,75
92506,Riverside,Riverside County,2021-05,83
92506,Riverside,Riverside County,2021-11,83
92506,Riverside,Riverside County,2022-05,89
92506,Riverside,Riverside County,2023-01,51
92506,Riverside,Riverside County,2023-11,74
92506,Riverside,Riverside County,2025-07,61
92507,Riverside,Riverside County,2012-08,67
92507,Riverside,Riverside County,2013-01,71
92507,Riverside,Riverside County,2013-02,65
92507,Riverside,Riverside County,2013-12,71
92507,Riverside,Riverside County,2014-01,69
92507,Riverside,Riverside County,2016-07,67
92507,Riverside,Riverside County,2017-04,61
92507,Riverside,Riverside County,2018-02,63
92507,Riverside,Riverside County,2018-09,67
92507,Riverside,Riverside County,2018-12,53
92507,Riverside,Riverside County,2019-07,58
92507,Riverside,Riverside County,2020-08,72
92507,Riverside,Riverside County,2020-09,74
92507,Riverside,Riverside County,2020-11,71
92507,Riverside,Riverside County,2021-09,83
92507,Riverside,Riverside County,2021-12,79
92507,Riverside,Riverside County,2022-01,77
92507,Riverside,Riverside County,2022-05,91
92507,Riverside,Riverside County,2023-07,74
92507,Riverside,Riverside County,2023-08,77
92507,Riverside,Riverside County,2023-09,74
92507,Riverside,Riverside County,2025-01,51
92507,Riverside,Riverside County,2025-10,50
92508,Riverside,Riverside County,2012-10,72
92508,Riverside,Riverside County,2016-12,52
92508,Riverside,Riverside County,2017-04,67
92508,Riverside,Riverside County,2017-07,71
92508,Riverside,Riverside County,2017-12,63
92508,Riverside,Riverside County,2018-04,67
92508,Riverside,Riverside County,2019-03,48
92508,Riverside,Riverside County,2019-04,58
92508,Riverside,Riverside County,2019-07,67
92508,Riverside,Riverside County,2022-09,70
92508,Riverside,Riverside County,2023-09,83
92508,Riverside,Riverside County,2024-01,63
92508,Riverside,Riverside County,2024-02,70
92508,Riverside,Riverside County,2025-05,56
92508,Riverside,Riverside County,2025-09,53
92509,Riverside,Riverside County,2012-11,69
92509,Riverside,Riverside County,2014-02,70
92509,Riverside,Riverside County,2014-12,63
92509,Riverside,Riverside County,2015-02,58
92509,Riverside,Riverside County,2017-04,55
92509,Riverside,Riverside County,2017-11,61
92509,Riverside,Riverside County,2018-05,65
92509,Riverside,Riverside County,2018-06,65
92509,Riverside,Riverside County,2019-03,56
92509,Riverside,Riverside County,2020-01,63
92509,Riverside,Riverside County,2020-03,69
92509,Riverside,Riverside County,2020-11,80
92509,Riverside,Riverside County,2021-03,83
92509,Riverside,Riverside County,2021-08,87
92509,Riverside,Riverside County,2023-01,58
92509,Riverside,Riverside County,2023-07,77
92509,Riverside,Riverside County,2024-01,61
92509,Riverside,Riverside County,2024-03,65
92509,Riverside,Riverside County,2024-06,83
92509,Riverside,Riverside County,2024-07,79
92509,Riverside,Riverside County,2025-09,67
92509,Riverside,Riverside County,2025-11,60
92513,Riverside,Riverside County,2013-06,44
92513,Riverside,Riverside County,2013-07,44
92513,Riverside,Riverside County,2013-09,77
92513,Riverside,Riverside County,2015-09,98
92513,Riverside,Riverside County,2016-06,58
92513,Riverside,Riverside County,2017-08,49
92513,Riverside,Riverside County,2017-09,48
92513,Riverside,Riverside County,2018-10,44
92513,Riverside,Riverside County,2020-06,29
92513,Riverside,Riverside County,2023-07,65
92513,Riverside,Riverside County,2024-06,98
92513,Riverside,Riverside County,2025-12,44
92517,Riverside,Riverside County,2013-12,70
92517,Riverside,Riverside County,2014-12,29
92517,Riverside,Riverside County,2015-06,48
92517,Riverside,Riverside County,2016-04,47
92517,Riverside,Riverside County,2022-10,87
92517,Riverside,Riverside County,2025-04,56
92519,Riverside,Riverside County,2012-06,44
92530,Lake Elsinore,Riverside County,2012-06,58
92530,Lake Elsinore,Riverside County,2012-08,63
92530,Lake Elsinore,Riverside County,2013-08,83
92530,Lake Elsinore,Riverside County,2016-01,58
92530,Lake Elsinore,Riverside County,2016-07,65
92530,Lake Elsinore,Riverside County,2017-01,54
92530,Lake Elsinore,Riverside County,2017-06,69
92530,Lake Elsinore,Riverside County,2019-08,63
92530,Lake Elsinore,Riverside County,2020-08,74
92530,Lake Elsinore,Riverside County,2021-11,79
92530,Lake Elsinore,Riverside County,2022-04,87
92530,Lake Elsinore,Riverside County,2022-05,87
92530,Lake Elsinore,Riverside County,2022-10,63
92530,Lake Elsinore,Riverside County,2023-07,77
92530,Lake Elsinore,Riverside County,2024-03,61
92530,Lake Elsinore,Riverside County,2024-05,65
92530,Lake Elsinore,Riverside County,2025-01,55
92531,Lake Elsinore,Riverside County,2018-03,67
92532,Lake Elsinore,Riverside County,2012-09,61
92532,Lake Elsinore,Riverside County,2016-08,61
92532,Lake Elsinore,Riverside County,2018-12,52
92532,Lake Elsinore,Riverside County,2019-05,58
92532,Lake Elsinore,Riverside County,2019-07,58
92532,Lake Elsinore,Riverside County,2020-03,60
92532,Lake Elsinore,Riverside County,2022-05,89
92532,Lake Elsinore,Riverside County,2022-09,61
92532,Lake Elsinore,Riverside County,2022-10,54
92532,Lake Elsinore,Riverside County,2023-06,72
92532,Lake Elsinore,Riverside County,2024-02,55
92532,Lake Elsinore,Riverside County,2024-09,58
92532,Lake Elsinore,Riverside County,2025-02,47
92536,Aguanga,Riverside County,2012-08,50
92536,Aguanga,Riverside County,2012-09,49
92536,Aguanga,Riverside County,2013-03,53
92536,Aguanga,Riverside County,2014-02,58
92536,Aguanga,Riverside County,2015-08,44
92536,Aguanga,Riverside County,2016-04,44
92536,Aguanga,Riverside County,2016-09,44
92536,Aguanga,Riverside County,2016-11,44
92536,Aguanga,Riverside County,2016-12,44
92536,Aguanga,Riverside County,2017-11,39
92536,Aguanga,Riverside County,2018-01,44
92536,Aguanga,Riverside County,2019-11,46
92536,Aguanga,Riverside County,2021-04,58
92536,Aguanga,Riverside County,2021-05,65
92536,Aguanga,Riverside County,2021-12,51
92536,Aguanga,Riverside County,2022-02,61
92536,Aguanga,Riverside County,2022-12,47
92536,Aguanga,Riverside County,2023-02,48
92536,Aguanga,Riverside County,2024-11,41
92536,Aguanga,Riverside County,2025-04,46
92539,Anza,Riverside County,2012-07,50
92539,Anza,Riverside County,2012-09,52
92539,Anza,Riverside County,2012-12,47
92539,Anza,Riverside County,2015-10,48
92539,Anza,Riverside County,2017-04,65
92539,Anza,Riverside County,2018-01,33
92539,Anza,Riverside County,2018-08,40
92539,Anza,Riverside County,2019-03,65
92539,Anza,Riverside County,2019-06,53
92539,Anza,Riverside County,2020-06,37
92539,Anza,Riverside County,2021-05,44
92539,Anza,Riverside County,2021-09,46
92539,Anza,Riverside County,2022-05,61
92539,Anza,Riverside County,2022-11,47
92539,Anza,Riverside County,2024-07,61
92543,Hemet,Riverside County,2012-04,55
92543,Hemet,Riverside County,2013-12,58
92543,Hemet,Riverside County,2014-08,58
92543,Hemet,Riverside County,2015-01,54
92543,Hemet,Riverside County,2015-05,60
92543,Hemet,Riverside County,2016-03,61
92543,Hemet,Riverside County,2016-08,65
92543,Hemet,Riverside County,2016-10,67
92543,Hemet,Riverside County,2018-04,65
92543,Hemet,Riverside County,2020-02,58
92543,Hemet,Riverside County,2020-03,61
92543,Hemet,Riverside County,2020-05,63
92543,Hemet,Riverside County,2022-04,83
92543,Hemet,Riverside County,2023-10,67
92543,Hemet,Riverside County,2024-09,63
92543,Hemet,Riverside County,2024-12,55
92543,Hemet,Riverside County,2025-07,56
92544,Hemet,Riverside County,2013-06,77
92544,Hemet,Riverside County,2013-10,70
92544,Hemet,Riverside County,2014-06,67
92544,Hemet,Riverside County,2015-06,61
92544,Hemet,Riverside County,2015-09,63
92544,Hemet,Riverside County,2016-11,63
92544,Hemet,Riverside County,2017-04,63
92544,Hemet,Riverside County,2017-11,65
92544,Hemet,Riverside County,2018-04,63
92544,Hemet,Riverside County,2018-06,65
92544,Hemet,Riverside County,2020-08,77
92544,Hemet,Riverside County,2023-02,51
92544,Hemet,Riverside County,2023-07,79
92544,Hemet,Riverside County,2025-05,65
92545,Hemet,Riverside County,2013-12,72
92545,Hemet,Riverside County,2014-10,61
92545,Hemet,Riverside County,2014-11,61
92545,Hemet,Riverside County,2014-12,58
92545,Hemet,Riverside County,2015-01,55
92545,Hemet,Riverside County,2016-04,65
92545,Hemet,Riverside County,2017-07,72
92545,Hemet,Riverside County,2018-12,52
92545,Hemet,Riverside County,2019-02,50
92545,Hemet,Riverside County,2019-11,61
92545,Hemet,Riverside County,2020-11,74
92545,Hemet,Riverside County,2021-06,91
92545,Hemet,Riverside County,2021-09,93
92545,Hemet,Riverside County,2022-02,83
92545,Hemet,Riverside County,2022-03,83
92545,Hemet,Riverside County,2024-04,70
92545,Hemet,Riverside County,2025-11,54
92546,Hemet,Riverside County,2020-12,54
92546,Hemet,Riverside County,2023-04,38
92546,Hemet,Riverside County,2024-03,29
92548,Homeland,Riverside County,2012-09,29
92548,Homeland,Riverside County,2013-04,63
92548,Homeland,Riverside County,2013-07,65
92548,Homeland,Riverside County,2013-08,67
92548,Homeland,Riverside County,2013-09,77
92548,Homeland,Riverside County,2014-04,55
92548,Homeland,Riverside County,2015-12,49
92548,Homeland,Riverside County,2017-01,40
92548,Homeland,Riverside County,2017-08,61
92548,Homeland,Riverside County,2018-02,65
92548,Homeland,Riverside County,2018-05,61
92548,Homeland,Riverside County,2019-02,52
92548,Homeland,Riverside County,2019-10,44
92548,Homeland,Riverside County,2019-11,44
92548,Homeland,Riverside County,2020-02,44
92548,Homeland,Riverside County,2020-05,44
92548,Homeland,Riverside County,2021-12,77
92548,Homeland,Riverside County,2022-02,87
92548,Homeland,Riverside County,2023-09,61
92548,Homeland,Riverside County,2024-04,52
92548,Homeland,Riverside County,2024-11,51
92549,Idyllwild,Riverside County,2012-04,40
92549,Idyllwild,Riverside County,2012-12,46
92549,Idyllwild,Riverside County,2013-04,40
92549,Idyllwild,Riverside County,2013-08,47
92549,Idyllwild,Riverside County,2014-03,37
92549,Idyllwild,Riverside County,2016-04,47
92549,Idyllwild,Riverside County,2017-08,52
92549,Idyllwild,Riverside County,2018-02,63
92549,Idyllwild,Riverside County,2019-09,41
92549,Idyllwild,Riverside County,2020-05,38
92549,Idyllwild,Riverside County,2020-12,49
92549,Idyllwild,Riverside County,2024-02,44
92549,Idyllwild,Riverside County,2024-09,51
92551,Moreno Valley,Riverside County,2013-03,83
92551,Moreno Valley,Riverside County,2014-01,74
92551,Moreno Valley,Riverside County,2014-11,63
92551,Moreno Valley,Riverside County,2015-03,58
92551,Moreno Valley,Riverside County,2017-04,69
92551,Moreno Valley,Riverside County,2018-02,74
92551,Moreno Valley,Riverside County,2018-04,71
92551,Moreno Valley,Riverside County,2018-07,71
92551,Moreno Valley,Riverside County,2019-02,58
92551,Moreno Valley,Riverside County,2020-09,72
92551,Moreno Valley,Riverside County,2020-11,77
92551,Moreno Valley,Riverside County,2021-03,87
92551,Moreno Valley,Riverside County,2021-04,89
92551,Moreno Valley,Riverside County,2021-09,93
92551,Moreno Valley,Riverside County,2021-12,93
92551,Moreno Valley,Riverside County,2022-04,83
92551,Moreno Valley,Riverside County,2022-07,83
92551,Moreno Valley,Riverside County,2024-08,67
92551,Moreno Valley,Riverside County,2024-09,65
92551,Moreno Valley,Riverside County,2025-04,61
92551,Moreno Valley,Riverside County,2025-06,63
92552,Moreno Valley,Riverside County,2012-11,47
92552,Moreno Valley,Riverside County,2014-02,50
92552,Moreno Valley,Riverside County,2014-03,49
92552,Moreno Valley,Riverside County,2020-12,61
92552,Moreno Valley,Riverside County,2021-06,65
92552,Moreno Valley,Riverside County,2024-03,44
92553,Moreno Valley,Riverside County,2012-10,80
92553,Moreno Valley,Riverside County,2013-03,83
92553,Moreno Valley,Riverside County,2015-01,63
92553,Moreno Valley,Riverside County,2015-03,65
92553,Moreno Valley,Riverside County,2015-05,65
92553,Moreno Valley,Riverside County,2015-06,63
92553,Moreno Valley,Riverside County,2015-07,67
92553,Moreno Valley,Riverside County,2016-08,77
92553,Moreno Valley,Riverside County,2017-01,63
92553,Moreno Valley,Riverside County,2017-02,60
92553,Moreno Valley,Riverside County,2020-02,67
92553,Moreno Valley,Riverside County,2021-10,89
92553,Moreno Valley,Riverside County,2023-06,77
92553,Moreno Valley,Riverside County,2024-09,74
92553,Moreno Valley,Riverside County,2025-01,67
92553,Moreno Valley,Riverside County,2025-06,63
92555,Moreno Valley,Riverside County,2013-01,75
92555,Moreno Valley,Riverside County,2013-02,80
92555,Moreno Valley,Riverside County,2014-05,70
92555,Moreno Valley,Riverside County,2014-12,52
92555,Moreno Valley,Riverside County,2015-02,55
92555,Moreno Valley,Riverside County,2016-05,60
92555,Moreno Valley,Riverside County,2017-04,67
92555,Moreno Valley,Riverside County,2017-10,67
92555,Moreno Valley,Riverside County,2018-04,65
92555,Moreno Valley,Riverside County,2019-07,67
92555,Moreno Valley,Riverside County,2020-03,63
92555,Moreno Valley,Riverside County,2020-07,77
92555,Moreno Valley,Riverside County,2021-07,93
92555,Moreno Valley,Riverside County,2023-08,75
92555,Moreno Valley,Riverside County,2024-05,70
92555,Moreno Valley,Riverside County,2025-06,56
92557,Moreno Valley,Riverside County,2012-06,65
92557,Moreno Valley,Riverside County,2013-04,83
92557,Moreno Valley,Riverside County,2013-07,87
92557,Moreno Valley,Riverside County,2014-11,60
92557,Moreno Valley,Riverside County,2014-12,60
92557,Moreno Valley,Riverside County,2015-07,74
92557,Moreno Valley,Riverside County,2015-11,67
92557,Moreno Valley,Riverside County,2017-05,69
92557,Moreno Valley,Riverside County,2018-02,69
92557,Moreno Valley,Riverside County,2018-03,72
92557,Moreno Valley,Riverside County,2018-05,74
92557,Moreno Valley,Riverside County,2019-03,58
92557,Moreno Valley,Riverside County,2020-06,77
92557,Moreno Valley,Riverside County,2020-12,83
92557,Moreno Valley,Riverside County,2021-06,98
92557,Moreno Valley,Riverside County,2022-01,83
92561,Mountain Center,Riverside County,2012-06,49
92561,Mountain Center,Riverside County,2013-12,29
92561,Mountain Center,Riverside County,2014-02,39
92561,Mountain Center,Riverside County,2014-07,29
92561,Mountain Center,Riverside County,2015-09,35
92561,Mountain Center,Riverside County,2016-10,22
92561,Mountain Center,Riverside County,2016-12,34
92561,Mountain Center,Riverside County,2017-12,40
92561,Mountain Center,Riverside County,2018-03,40
92561,Mountain Center,Riverside County,2018-04,40
92561,Mountain Center,Riverside County,2019-03,35
92561,Mountain Center,Riverside County,2019-05,37
92561,Mountain Center,Riverside County,2020-03,34
92561,Mountain Center,Riverside County,2020-04,29
92561,Mountain Center,Riverside County,2021-02,44
92561,Mountain Center,Riverside County,2021-09,55
92561,Mountain Center,Riverside County,2022-03,50
92561,Mountain Center,Riverside County,2022-10,29
92561,Mountain Center,Riverside County,2023-10,40
92561,Mountain Center,Riverside County,2024-03,40
92561,Mountain Center,Riverside County,2024-04,40
92561,Mountain Center,Riverside County,2024-07,40
92561,Mountain Center,Riverside County,2025-02,35
92561,Mountain Center,Riverside County,2025-05,44
92562,Murrieta,Riverside County,2012-04,55
92562,Murrieta,Riverside County,2013-02,72
92562,Murrieta,Riverside County,2013-12,67
92562,Murrieta,Riverside County,2014-03,67
92562,Murrieta,Riverside County,2015-07,61
92562,Murrieta,Riverside County,2015-08,61
92562,Murrieta,Riverside County,2015-12,58
92562,Murrieta,Riverside County,2016-01,58
92562,Murrieta,Riverside County,2016-04,63
92562,Murrieta,Riverside County,2016-07,67
92562,Murrieta,Riverside County,2016-08,67
92562,Murrieta,Riverside County,2016-12,61
92562,Murrieta,Riverside County,2018-03,61
92562,Murrieta,Riverside County,2018-04,71
92562,Murrieta,Riverside County,2020-06,74
92562,Murrieta,Riverside County,2020-08,77
92562,Murrieta,Riverside County,2021-06,89
92562,Murrieta,Riverside County,2024-04,74
92562,Murrieta,Riverside County,2024-07,74
92562,Murrieta,Riverside County,2024-09,69
92562,Murrieta,Riverside County,2025-04,61
92563,Murrieta,Riverside County,2012-09,63
92563,Murrieta,Riverside County,2012-11,67
92563,Murrieta,Riverside County,2013-01,77
92563,Murrieta,Riverside County,2013-09,79
92563,Murrieta,Riverside County,2015-04,61
92563,Murrieta,Riverside County,2016-02,63
92563,Murrieta,Riverside County,2019-08,65
92563,Murrieta,Riverside County,2019-09,63
92563,Murrieta,Riverside County,2019-12,55
92563,Murrieta,Riverside County,2020-06,75
92563,Murrieta,Riverside County,2021-12,87
92563,Murrieta,Riverside County,2023-01,50
92563,Murrieta,Riverside County,2023-02,55
92563,Murrieta,Riverside County,2024-05,79
92563,Murrieta,Riverside County,2025-01,58
92563,Murrieta,Riverside County,2025-11,58
92564,Murrieta,Riverside County,2013-04,77
92564,Murrieta,Riverside County,2013-11,50
92564,Murrieta,Riverside County,2014-07,50
92564,Murrieta,Riverside County,2015-09,29
92564,Murrieta,Riverside County,2016-08,47
92564,Murrieta,Riverside County,2016-09,50
92564,Murrieta,Riverside County,2017-10,46
92564,Murrieta,Riverside County,2017-11,49
92564,Murrieta,Riverside County,2017-12,33
92564,Murrieta,Riverside County,2018-11,32
92564,Murrieta,Riverside County,2019-01,51
92564,Murrieta,Riverside County,2019-12,29
92564,Murrieta,Riverside County,2021-05,72
92564,Murrieta,Riverside County,2021-12,48
92564,Murrieta,Riverside County,2023-03,44
92564,Murrieta,Riverside County,2024-07,55
92564,Murrieta,Riverside County,2025-09,46
92567,Nuevo,Riverside County,2012-09,53
92567,Nuevo,Riverside County,2013-01,79
92567,Nuevo,Riverside County,2015-01,63
92567,Nuevo,Riverside County,2015-11,44
92567,Nuevo,Riverside County,2016-08,48
92567,Nuevo,Riverside County,2018-03,50
92567,Nuevo,Riverside County,2018-11,44
92567,Nuevo,Riverside County,2019-01,44
92567,Nuevo,Riverside County,2019-05,47
92567,Nuevo,Riverside County,2019-08,52
92567,Nuevo,Riverside County,2019-12,55
92567,Nuevo,Riverside County,2020-04,47
92567,Nuevo,Riverside County,2020-05,49
92567,Nuevo,Riverside County,2020-10,65
92567,Nuevo,Riverside County,2022-02,77
92567,Nuevo,Riverside County,2022-07,74
92567,Nuevo,Riverside County,2022-08,67
92567,Nuevo,Riverside County,2023-03,49
92567,Nuevo,Riverside County,2024-03,51
92567,Nuevo,Riverside County,2024-09,63
92567,Nuevo,Riverside County,2024-10,63
92570,Perris,Riverside County,2013-04,77
92570,Perris,Riverside County,2014-06,70
92570,Perris,Riverside County,2014-09,63
92570,Perris,Riverside County,2015-01,52
92570,Perris,Riverside County,2015-05,63
92570,Perris,Riverside County,2015-07,61
92570,Perris,Riverside County,2016-06,61
92570,Perris,Riverside County,2017-10,63
92570,Perris,Riverside County,2018-05,56
92570,Perris,Riverside County,2019-09,53
92570,Perris,Riverside County,2020-01,53
92570,Perris,Riverside County,2021-07,77
92570,Perris,Riverside County,2022-01,74
92570,Perris,Riverside County,2022-07,72
92570,Perris,Riverside County,2023-01,54
92570,Perris,Riverside County,2023-03,58
92570,Perris,Riverside County,2023-08,74
92570,Perris,Riverside County,2024-05,67
92570,Perris,Riverside County,2025-01,61
92571,Perris,Riverside County,2013-06,93
92571,Perris,Riverside County,2013-08,93
92571,Perris,Riverside County,2014-01,75
92571,Perris,Riverside County,2014-12,61
92571,Perris,Riverside County,2015-01,61
92571,Perris,Riverside County,2015-02,61
92571,Perris,Riverside County,2015-12,65
92571,Perris,Riverside County,2016-10,74
92571,Perris,Riverside County,2016-11,71
92571,Perris,Riverside County,2017-05,72
92571,Perris,Riverside County,2017-08,79
92571,Perris,Riverside County,2018-04,71
92571,Perris,Riverside County,2018-07,77
92571,Perris,Riverside County,2018-12,55
92571,Perris,Riverside County,2020-10,79
92571,Perris,Riverside County,2020-12,83
92571,Perris,Riverside County,2021-01,83
92571,Perris,Riverside County,2021-04,93
92571,Perris,Riverside County,2022-05,95
92571,Perris,Riverside County,2022-06,91
92571,Perris,Riverside County,2024-10,65
92582,San Jacinto,Riverside County,2012-04,50
92582,San Jacinto,Riverside County,2013-06,87
92582,San Jacinto,Riverside County,2014-05,63
92582,San Jacinto,Riverside County,2014-07,61
92582,San Jacinto,Riverside County,2014-09,65
92582,San Jacinto,Riverside County,2016-04,63
92582,San Jacinto,Riverside County,2017-10,69
92582,San Jacinto,Riverside County,2018-01,74
92582,San Jacinto,Riverside County,2018-09,53
92582,San Jacinto,Riverside County,2019-07,60
92582,San Jacinto,Riverside County,2019-09,60
92582,San Jacinto,Riverside County,2020-02,58
92582,San Jacinto,Riverside County,2021-05,83
92582,San Jacinto,Riverside County,2022-01,83
92582,San Jacinto,Riverside County,2022-09,58
92582,San Jacinto,Riverside County,2023-05,61
92582,San Jacinto,Riverside County,2023-09,80
92582,San Jacinto,Riverside County,2024-01,58
92582,San Jacinto,Riverside County,2024-03,58
92582,San Jacinto,Riverside County,2024-05,63
92582,San Jacinto,Riverside County,2024-06,63
92583,San Jacinto,Riverside County,2012-06,67
92583,San Jacinto,Riverside County,2014-02,69
92583,San Jacinto,Riverside County,2015-08,65
92583,San Jacinto,Riverside County,2016-09,70
92583,San Jacinto,Riverside County,2019-12,58
92583,San Jacinto,Riverside County,2020-01,56
92583,San Jacinto,Riverside County,2021-03,83
92583,San Jacinto,Riverside County,2021-12,87
92583,San Jacinto,Riverside County,2022-09,67
92583,San Jacinto,Riverside County,2024-02,67
92583,San Jacinto,Riverside County,2024-07,79
92583,San Jacinto,Riverside County,2024-08,72
92583,San Jacinto,Riverside County,2025-07,52
92583,San Jacinto,Riverside County,2025-12,63
92584,Menifee,Riverside County,2017-05,72
92584,Menifee,Riverside County,2018-02,61
92584,Menifee,Riverside County,2019-07,58
92584,Menifee,Riverside County,2019-12,53
92584,Menifee,Riverside County,2020-01,56
92584,Menifee,Riverside County,2021-10,83
92584,Menifee,Riverside County,2024-02,58
92584,Menifee,Riverside County,2024-09,69
92584,Menifee,Riverside County,2025-03,55
92584,Menifee,Riverside County,2025-05,61
92584,Menifee,Riverside County,2025-10,51
92585,Sun City,Riverside County,2013-07,91
92585,Sun City,Riverside County,2014-03,69
92585,Sun City,Riverside County,2014-07,69
92585,Sun City,Riverside County,2014-09,63
92585,Sun City,Riverside County,2014-11,58
92585,Sun City,Riverside County,2015-06,63
92585,Sun City,Riverside County,2015-08,61
92585,Sun City,Riverside County,2016-09,63
92585,Sun City,Riverside County,2017-04,65
92585,Sun City,Riverside County,2019-02,54
92585,Sun City,Riverside County,2019-09,61
92585,Sun City,Riverside County,2020-11,83
92585,Sun City,Riverside County,2021-12,83
92585,Sun City,Riverside County,2022-06,89
92585,Sun City,Riverside County,2023-03,60
92585,Sun City,Riverside County,2023-10,67
92585,Sun City,Riverside County,2024-04,67
92585,Sun City,Riverside County,2024-11,58
92585,Sun City,Riverside County,2025-01,58
92586,Sun City,Riverside County,2012-05,58
92586,Sun City,Riverside County,2013-02,70
92586,Sun City,Riverside County,2013-03,74
92586,Sun City,Riverside County,2015-01,58
92586,Sun City,Riverside County,2016-08,69
92586,Sun City,Riverside County,2017-02,54
92586,Sun City,Riverside County,2017-07,63
92586,Sun City,Riverside County,2018-10,58
92586,Sun City,Riverside County,2019-03,47
92586,Sun City,Riverside County,2020-12,77
92586,Sun City,Riverside County,2021-05,89
92586,Sun City,Riverside County,2021-11,83
92586,Sun City,Riverside County,2023-02,61
92586,Sun City,Riverside County,2024-01,58
92586,Sun City,Riverside County,2025-03,52
92587,Sun City,Riverside County,2014-01,55
92587,Sun City,Riverside County,2015-11,44
92587,Sun City,Riverside County,2016-07,52
92587,Sun City,Riverside County,2016-09,48
92587,Sun City,Riverside County,2016-10,48
92587,Sun City,Riverside County,2017-03,46
92587,Sun City,Riverside County,2017-10,58
92587,Sun City,Riverside County,2018-08,54
92587,Sun City,Riverside County,2018-09,53
92587,Sun City,Riverside County,2019-12,49
92587,Sun City,Riverside County,2020-07,58
92587,Sun City,Riverside County,2023-04,58
92587,Sun City,Riverside County,2023-06,70
92587,Sun City,Riverside County,2023-11,63
92587,Sun City,Riverside County,2024-07,69
92590,Temecula,Riverside County,2012-04,35
92590,Temecula,Riverside County,2014-12,49
92590,Temecula,Riverside County,2017-01,33
92590,Temecula,Riverside County,2017-02,34
92590,Temecula,Riverside County,2017-05,38
92590,Temecula,Riverside County,2017-11,35
92590,Temecula,Riverside County,2018-10,40
92590,Temecula,Riverside County,2019-06,44
92590,Temecula,Riverside County,2019-08,37
92590,Temecula,Riverside County,2020-02,40
92590,Temecula,Riverside County,2021-03,55
92590,Temecula,Riverside County,2021-07,54
92590,Temecula,Riverside County,2021-09,58
92590,Temecula,Riverside County,2022-01,44
92590,Temecula,Riverside County,2022-02,47
92590,Temecula,Riverside County,2023-07,40
92590,Temecula,Riverside County,2023-08,47
92590,Temecula,Riverside County,2024-01,38
92590,Temecula,Riverside County,2024-10,50
92591,Temecula,Riverside County,2012-10,71
92591,Temecula,Riverside County,2013-01,80
92591,Temecula,Riverside County,2014-05,67
92591,Temecula,Riverside County,2014-10,58
92591,Temecula,Riverside County,2015-06,67
92591,Temecula,Riverside County,2015-07,65
92591,Temecula,Riverside County,2016-07,70
92591,Temecula,Riverside County,2016-09,65
92591,Temecula,Riverside County,2016-10,63
92591,Temecula,Riverside County,2017-05,71
92591,Temecula,Riverside County,2018-02,65
92591,Temecula,Riverside County,2018-12,54
92591,Temecula,Riverside County,2019-08,67
92591,Temecula,Riverside County,2020-08,79
92591,Temecula,Riverside County,2021-06,95
92591,Temecula,Riverside County,2021-11,87
92591,Temecula,Riverside County,2022-03,83
92591,Temecula,Riverside County,2023-08,80
92591,Temecula,Riverside County,2023-10,72
92591,Temecula,Riverside County,2024-03,71
92591,Temecula,Riverside County,2024-09,65
92591,Temecula,Riverside County,2024-12,63
92591,Temecula,Riverside County,2025-06,56
92592,Temecula,Riverside County,2012-12,74
92592,Temecula,Riverside County,2013-01,79
92592,Temecula,Riverside County,2013-05,83
92592,Temecula,Riverside County,2014-08,61
92592,Temecula,Riverside County,2015-02,55
92592,Temecula,Riverside County,2015-03,58
92592,Temecula,Riverside County,2015-11,58
92592,Temecula,Riverside County,2015-12,58
92592,Temecula,Riverside County,2016-06,71
92592,Temecula,Riverside County,2016-09,61
92592,Temecula,Riverside County,2016-10,61
92592,Temecula,Riverside County,2017-03,60
92592,Temecula,Riverside County,2017-05,72
92592,Temecula,Riverside County,2017-08,65
92592,Temecula,Riverside County,2017-10,63
92592,Temecula,Riverside County,2018-01,61
92592,Temecula,Riverside County,2018-10,55
92592,Temecula,Riverside County,2019-08,61
92592,Temecula,Riverside County,2021-07,95
92592,Temecula,Riverside County,2022-03,91
92592,Temecula,Riverside County,2023-02,55
92592,Temecula,Riverside County,2023-05,77
92592,Temecula,Riverside County,2023-06,80
92592,Temecula,Riverside County,2024-12,63
92592,Temecula,Riverside County,2025-04,75
92592,Temecula,Riverside County,2025-07,58
92592,Temecula,Riverside County,2025-12,52
92595,Wildomar,Riverside County,2012-12,72
92595,Wildomar,Riverside County,2013-08,79
92595,Wildomar,Riverside County,2013-12,71
92595,Wildomar,Riverside County,2014-02,61
92595,Wildomar,Riverside County,2014-04,60
92595,Wildomar,Riverside County,2014-05,65
92595,Wildomar,Riverside County,2015-05,58
92595,Wildomar,Riverside County,2015-11,58
92595,Wildomar,Riverside County,2016-02,55
92595,Wildomar,Riverside County,2018-04,58
92595,Wildomar,Riverside County,2018-06,61
92595,Wildomar,Riverside County,2018-08,58
92595,Wildomar,Riverside County,2020-03,60
92595,Wildomar,Riverside County,2021-04,95
92595,Wildomar,Riverside County,2022-09,67
92595,Wildomar,Riverside County,2023-11,65
92595,Wildomar,Riverside County,2023-12,65
92595,Wildomar,Riverside County,2024-06,74
92595,Wildomar,Riverside County,2024-08,69
92595,Wildomar,Riverside County,2024-09,69
92595,Wildomar,Riverside County,2024-12,55
92595,Wildomar,Riverside County,2025-03,58
92595,Wildomar,Riverside County,2025-07,63
92595,Wildomar,Riverside County,2025-09,65
92596,Winchester,Riverside County,2013-08,77
92596,Winchester,Riverside County,2016-08,67
92596,Winchester,Riverside County,2016-12,58
92596,Winchester,Riverside County,2017-01,58
92596,Winchester,Riverside County,2017-06,67
92596,Winchester,Riverside County,2017-12,58
92596,Winchester,Riverside County,2018-01,55
92596,Winchester,Riverside County,2019-09,58
92596,Winchester,Riverside County,2021-03,93
92596,Winchester,Riverside County,2021-10,83
92596,Winchester,Riverside County,2022-03,89
92596,Winchester,Riverside County,2022-11,61
92596,Winchester,Riverside County,2023-08,80
92596,Winchester,Riverside County,2025-07,55
92602,Irvine,Orange County,2012-06,55
92602,Irvine,Orange County,2012-09,61
92602,Irvine,Orange County,2012-10,56
92602,Irvine,Orange County,2013-02,74
92602,Irvine,Orange County,2013-04,83
92602,Irvine,Orange County,2013-10,61
92602,Irvine,Orange County,2016-02,50
92602,Irvine,Orange County,2017-02,58
92602,Irvine,Orange County,2017-08,58
92602,Irvine,Orange County,2018-07,69
92602,Irvine,Orange County,2019-09,51
92602,Irvine,Orange County,2020-06,58
92602,Irvine,Orange County,2020-10,58
92602,Irvine,Orange County,2020-12,58
92602,Irvine,Orange County,2022-12,55
92602,Irvine,Orange County,2023-01,50
92602,Irvine,Orange County,2023-07,77
92603,Irvine,Orange County,2012-05,52
92603,Irvine,Orange County,2012-11,58
92603,Irvine,Orange County,2014-03,58
92603,Irvine,Orange County,2014-04,65
92603,Irvine,Orange County,2014-08,52
92603,Irvine,Orange County,2014-10,49
92603,Irvine,Orange County,2016-02,50
92603,Irvine,Orange County,2016-06,58
92603,Irvine,Orange County,2016-10,49
92603,Irvine,Orange County,2016-11,47
92603,Irvine,Orange County,2017-02,44
92603,Irvine,Orange County,2017-03,47
92603,Irvine,Orange County,2018-11,48
92603,Irvine,Orange County,2019-01,35
92603,Irvine,Orange County,2019-09,48
92603,Irvine,Orange County,2020-03,41
92603,Irvine,Orange County,2020-09,55
92603,Irvine,Orange County,2022-02,80
92603,Irvine,Orange County,2022-07,74
92603,Irvine,Orange County,2023-11,74
92604,Irvine,Orange County,2014-01,58
92604,Irvine,Orange County,2014-04,74
92604,Irvine,Orange County,2014-08,67
92604,Irvine,Orange County,2015-07,60
92604,Irvine,Orange County,2016-05,63
92604,Irvine,Orange County,2016-11,58
92604,Irvine,Orange County,2017-10,58
92604,Irvine,Orange County,2018-05,72
92604,Irvine,Orange County,2018-07,67
92604,Irvine,Orange County,2018-08,58
92604,Irvine,Orange County,2019-02,48
92604,Irvine,Orange County,2019-04,58
92604,Irvine,Orange County,2019-09,51
92604,Irvine,Orange County,2019-11,49
92604,Irvine,Orange County,2020-07,63
92604,Irvine,Orange County,2020-10,67
92604,Irvine,Orange County,2021-08,83
92604,Irvine,Orange County,2024-06,80
92604,Irvine,Orange County,2024-08,72
92606,Irvine,Orange County,2012-11,67
92606,Irvine,Orange County,2013-11,65
92606,Irvine,Orange County,2014-12,53
92606,Irvine,Orange County,2015-09,56
92606,Irvine,Orange County,2016-02,67
92606,Irvine,Orange County,2019-01,49
92606,Irvine,Orange County,2020-04,58
92606,Irvine,Orange County,2021-12,93
92606,Irvine,Orange County,2022-07,83
92606,Irvine,Orange County,2023-10,87
92606,Irvine,Orange County,2025-03,72
92606,Irvine,Orange County,2025-07,72
92606,Irvine,Orange County,2025-10,53
92610,Foothill Ranch,Orange County,2012-05,63
92610,Foothill Ranch,Orange County,2012-06,63
92610,Foothill Ranch,Orange County,2013-02,87
92610,Foothill Ranch,Orange County,2013-06,89
92610,Foothill Ranch,Orange County,2013-10,69
92610,Foothill Ranch,Orange County,2014-02,58
92610,Foothill Ranch,Orange County,2014-08,61
92610,Foothill Ranch,Orange County,2015-08,69
92610,Foothill Ranch,Orange County,2015-12,51
92610,Foothill Ranch,Orange County,2016-02,65
92610,Foothill Ranch,Orange County,2017-04,70
92610,Foothill Ranch,Orange County,2018-05,77
92610,Foothill Ranch,Orange County,2019-08,58
92610,Foothill Ranch,Orange County,2019-09,54
92610,Foothill Ranch,Orange County,2020-06,63
92610,Foothill Ranch,Orange County,2020-07,65
92610,Foothill Ranch,Orange County,2020-12,63
92610,Foothill Ranch,Orange County,2022-10,60
92610,Foothill Ranch,Orange County,2023-05,77
92610,Foothill Ranch,Orange County,2023-08,74
92610,Foothill Ranch,Orange County,2024-07,72
92610,Foothill Ranch,Orange County,2025-08,50
92612,Irvine,Orange County,2012-04,52
92612,Irvine,Orange County,2012-09,67
92612,Irvine,Orange County,2013-05,80
92612,Irvine,Orange County,2013-08,67
92612,Irvine,Orange County,2014-05,61
92612,Irvine,Orange County,2015-04,52
92612,Irvine,Orange County,2015-06,53
92612,Irvine,Orange County,2015-12,47
92612,Irvine,Orange County,2016-02,48
92612,Irvine,Orange County,2016-12,47
92612,Irvine,Orange County,2017-02,50
92612,Irvine,Orange County,2017-06,67
92612,Irvine,Orange County,2018-07,65
92612,Irvine,Orange County,2019-07,52
92612,Irvine,Orange County,2019-08,48
92612,Irvine,Orange County,2020-06,52
92612,Irvine,Orange County,2021-08,75
92612,Irvine,Orange County,2021-09,77
92612,Irvine,Orange County,2021-12,83
92612,Irvine,Orange County,2022-01,83
92612,Irvine,Orange County,2022-06,79
92612,Irvine,Orange County,2022-09,63
92612,Irvine,Orange County,2023-06,74
92612,Irvine,Orange County,2023-09,74
92612,Irvine,Orange County,2023-11,67
92612,Irvine,Orange County,2024-06,72
92612,Irvine,Orange County,2025-08,49
92614,Irvine,Orange County,2012-07,67
92614,Irvine,Orange County,2013-02,72
92614,Irvine,Orange County,2013-07,79
92614,Irvine,Orange County,2014-08,67
92614,Irvine,Orange County,2014-12,47
92614,Irvine,Orange County,2016-02,55
92614,Irvine,Orange County,2017-04,69
92614,Irvine,Orange County,2017-06,71
92614,Irvine,Orange County,2019-02,49
92614,Irvine,Orange County,2019-08,58
92614,Irvine,Orange County,2020-02,58
92614,Irvine,Orange County,2020-07,58
92614,Irvine,Orange County,2023-05,77
92614,Irvine,Orange County,2023-06,89
92614,Irvine,Orange County,2023-07,89
92614,Irvine,Orange County,2023-08,83
92614,Irvine,Orange County,2023-12,67
92614,Irvine,Orange County,2024-11,70
92618,Irvine,Orange County,2012-08,58
92618,Irvine,Orange County,2014-01,54
92618,Irvine,Orange County,2014-08,55
92618,Irvine,Orange County,2015-08,56
92618,Irvine,Orange County,2017-04,60
92618,Irvine,Orange County,2017-12,58
92618,Irvine,Orange County,2019-11,49
92618,Irvine,Orange County,2020-03,55
92618,Irvine,Orange County,2021-02,60
92618,Irvine,Orange County,2021-05,72
92618,Irvine,Orange County,2021-08,83
92618,Irvine,Orange County,2022-03,93
92618,Irvine,Orange County,2022-12,55
92618,Irvine,Orange County,2025-08,47
92620,Irvine,Orange County,2012-06,60
92620,Irvine,Orange County,2013-10,61
92620,Irvine,Orange County,2014-09,58
92620,Irvine,Orange County,2015-10,58
92620,Irvine,Orange County,2015-11,55
92620,Irvine,Orange County,2016-10,55
92620,Irvine,Orange County,2017-07,67
92620,Irvine,Orange County,2019-05,61
92620,Irvine,Orange County,2020-10,65
92620,Irvine,Orange County,2022-03,93
92620,Irvine,Orange County,2023-09,83
92620,Irvine,Orange County,2023-10,83
92620,Irvine,Orange County,2024-02,74
92620,Irvine,Orange County,2024-09,71
92624,Capistrano Beach,Orange County,2013-04,56
92624,Capistrano Beach,Orange County,2014-06,65
92624,Capistrano Beach,Orange County,2014-07,58
92624,Capistrano Beach,Orange County,2015-01,38
92624,Capistrano Beach,Orange County,2016-04,58
92624,Capistrano Beach,Orange County,2017-05,41
92624,Capistrano Beach,Orange County,2018-04,47
92624,Capistrano Beach,Orange County,2018-08,48
92624,Capistrano Beach,Orange County,2019-01,44
92624,Capistrano Beach,Orange County,2021-03,54
92624,Capistrano Beach,Orange County,2021-08,83
92624,Capistrano Beach,Orange County,2021-12,71
92624,Capistrano Beach,Orange County,2024-07,49
92624,Capistrano Beach,Orange County,2024-12,50
92624,Capistrano Beach,Orange County,2025-09,56
92625,Corona Del Mar,Orange County,2013-05,65
92625,Corona Del Mar,Orange County,2013-12,56
92625,Corona Del Mar,Orange County,2015-05,50
92625,Corona Del Mar,Orange County,2015-11,44
92625,Corona Del Mar,Orange County,2016-04,44
92625,Corona Del Mar,Orange County,2017-02,40
92625,Corona Del Mar,Orange County,2017-04,49
92625,Corona Del Mar,Orange County,2018-05,48
92625,Corona Del Mar,Orange County,2020-08,48
92625,Corona Del Mar,Orange County,2020-11,46
92625,Corona Del Mar,Orange County,2020-12,44
92625,Corona Del Mar,Orange County,2021-02,44
92625,Corona Del Mar,Orange County,2022-01,61
92625,Corona Del Mar,Orange County,2024-02,50
92625,Corona Del Mar,Orange County,2024-05,47
92625,Corona Del Mar,Orange County,2024-08,47
92625,Corona Del Mar,Orange County,2025-07,50
92626,Costa Mesa,Orange County,2012-08,67
92626,Costa Mesa,Orange County,2012-10,69
92626,Costa Mesa,Orange County,2013-11,67
92626,Costa Mesa,Orange County,2014-12,53
92626,Costa Mesa,Orange County,2015-11,58
92626,Costa Mesa,Orange County,2016-05,70
92626,Costa Mesa,Orange County,2017-03,63
92626,Costa Mesa,Orange County,2018-10,56
92626,Costa Mesa,Orange County,2019-12,58
92626,Costa Mesa,Orange County,2020-02,61
92626,Costa Mesa,Orange County,2021-12,83
92626,Costa Mesa,Orange County,2022-09,65
92626,Costa Mesa,Orange County,2024-09,74
92626,Costa Mesa,Orange County,2025-07,63
92627,Costa Mesa,Orange County,2012-06,65
92627,Costa Mesa,Orange County,2013-03,79
92627,Costa Mesa,Orange County,2013-08,74
92627,Costa Mesa,Orange County,2014-01,56
92627,Costa Mesa,Orange County,2014-03,61
92627,Costa Mesa,Orange County,2014-08,61
92627,Costa Mesa,Orange County,2015-12,56
92627,Costa Mesa,Orange County,2016-06,58
92627,Costa Mesa,Orange County,2016-08,56
92627,Costa Mesa,Orange County,2016-12,52
92627,Costa Mesa,Orange County,2017-03,61
92627,Costa Mesa,Orange County,2017-04,65
92627,Costa Mesa,Orange County,2017-07,58
92627,Costa Mesa,Orange County,2018-02,52
92627,Costa Mesa,Orange County,2018-07,63
92627,Costa Mesa,Orange County,2019-02,50
92627,Costa Mesa,Orange County,2019-06,54
92627,Costa Mesa,Orange County,2019-08,52
92627,Costa Mesa,Orange County,2021-01,65
92627,Costa Mesa,Orange County,2021-03,74
92627,Costa Mesa,Orange County,2021-05,77
92627,Costa Mesa,Orange County,2021-06,77
92627,Costa Mesa,Orange County,2021-11,77
92627,Costa Mesa,Orange County,2023-08,77
92627,Costa Mesa,Orange County,2024-04,70
92627,Costa Mesa,Orange County,2024-06,72
92627,Costa Mesa,Orange County,2024-10,65
92627,Costa Mesa,Orange County,2024-11,61
92627,Costa Mesa,Orange County,2025-02,65
92627,Costa Mesa,Orange County,2025-11,67
92629,Dana Point,Orange County,2013-03,63
92629,Dana Point,Orange County,2013-12,55
92629,Dana Point,Orange County,2014-07,58
92629,Dana Point,Orange County,2016-03,53
92629,Dana Point,Orange County,2016-05,61
92629,Dana Point,Orange County,2016-10,51
92629,Dana Point,Orange County,2017-02,50
92629,Dana Point,Orange County,2018-07,56
92629,Dana Point,Orange County,2018-08,53
92629,Dana Point,Orange County,2018-12,48
92629,Dana Point,Orange County,2019-10,49
92629,Dana Point,Orange County,2020-01,44
92629,Dana Point,Orange County,2021-08,77
92629,Dana Point,Orange County,2023-10,60
92629,Dana Point,Orange County,2024-03,67
92629,Dana Point,Orange County,2024-11,54
92629,Dana Point,Orange County,2025-06,58
92629,Dana Point,Orange County,2025-07,54
92630,Lake Forest,Orange County,2012-06,70
92630,Lake Forest,Orange County,2013-06,91
92630,Lake Forest,Orange County,2013-10,71
92630,Lake Forest,Orange County,2014-06,67
92630,Lake Forest,Orange County,2016-05,67
92630,Lake Forest,Orange County,2018-02,69
92630,Lake Forest,Orange County,2018-05,72
92630,Lake Forest,Orange County,2019-02,53
92630,Lake Forest,Orange County,2019-05,58
92630,Lake Forest,Orange County,2019-11,55
92630,Lake Forest,Orange County,2020-06,65
92630,Lake Forest,Orange County,2020-08,67
92630,Lake Forest,Orange County,2022-04,95
92630,Lake Forest,Orange County,2022-05,93
92630,Lake Forest,Orange County,2022-09,67
92630,Lake Forest,Orange County,2024-07,77
92630,Lake Forest,Orange County,2024-08,77
92630,Lake Forest,Orange County,2024-10,67
92630,Lake Forest,Orange County,2025-01,58
92637,Laguna Hills,Orange County,2012-10,50
92637,Laguna Hills,Orange County,2014-03,52
92637,Laguna Hills,Orange County,2015-08,49
92637,Laguna Hills,Orange County,2015-12,49
92637,Laguna Hills,Orange County,2016-07,54
92637,Laguna Hills,Orange County,2016-10,54
92637,Laguna Hills,Orange County,2017-03,52
92637,Laguna Hills,Orange County,2018-06,52
92637,Laguna Hills,Orange County,2019-08,48
92637,Laguna Hills,Orange County,2019-12,44
92637,Laguna Hills,Orange County,2020-06,47
92637,Laguna Hills,Orange County,2020-10,48
92637,Laguna Hills,Orange County,2022-01,63
92637,Laguna Hills,Orange County,2022-08,70
92637,Laguna Hills,Orange County,2023-05,63
92637,Laguna Hills,Orange County,2024-11,60
92637,Laguna Hills,Orange County,2025-03,58
92646,Huntington Beach,Orange County,2012-11,71
92646,Huntington Beach,Orange County,2013-02,83
92646,Huntington Beach,Orange County,2013-03,87
92646,Huntington Beach,Orange County,2017-05,72
92646,Huntington Beach,Orange County,2018-02,67
92646,Huntington Beach,Orange County,2019-07,63
92646,Huntington Beach,Orange County,2020-01,60
92646,Huntington Beach,Orange County,2020-05,70
92646,Huntington Beach,Orange County,2020-06,63
92646,Huntington Beach,Orange County,2020-08,69
92646,Huntington Beach,Orange County,2020-10,71
92646,Huntington Beach,Orange County,2021-09,79
92646,Huntington Beach,Orange County,2021-10,80
92646,Huntington Beach,Orange County,2022-07,80
92646,Huntington Beach,Orange County,2023-04,70
92646,Huntington Beach,Orange County,2024-06,83
92646,Huntington Beach,Orange County,2025-09,67
92647,Huntington Beach,Orange County,2013-02,77
92647,Huntington Beach,Orange County,2013-05,77
92647,Huntington Beach,Orange County,2013-09,74
92647,Huntington Beach,Orange County,2014-06,70
92647,Huntington Beach,Orange County,2014-08,67
92647,Huntington Beach,Orange County,2015-05,65
92647,Huntington Beach,Orange County,2015-06,65
92647,Huntington Beach,Orange County,2015-08,63
92647,Huntington Beach,Orange County,2016-04,67
92647,Huntington Beach,Orange County,2016-09,63
92647,Huntington Beach,Orange County,2017-01,63
92647,Huntington Beach,Orange County,2017-03,67
92647,Huntington Beach,Orange County,2017-07,67
92647,Huntington Beach,Orange County,2017-12,61
92647,Huntington Beach,Orange County,2019-09,63
92647,Huntington Beach,Orange County,2023-03,63
92647,Huntington Beach,Orange County,2023-05,72
92647,Huntington Beach,Orange County,2024-02,67
92647,Huntington Beach,Orange County,2024-04,79
92647,Huntington Beach,Orange County,2024-05,80
92647,Huntington Beach,Orange County,2025-05,74
92647,Huntington Beach,Orange County,2025-06,74
92647,Huntington Beach,Orange County,2025-07,70
92647,Huntington Beach,Orange County,2025-08,69
92648,Huntington Beach,Orange County,2012-05,52
92648,Huntington Beach,Orange County,2014-10,56
92648,Huntington Beach,Orange County,2015-12,52
92648,Huntington Beach,Orange County,2017-03,51
92648,Huntington Beach,Orange County,2017-06,60
92648,Huntington Beach,Orange County,2017-07,61
92648,Huntington Beach,Orange County,2019-08,52
92648,Huntington Beach,Orange County,2021-03,65
92648,Huntington Beach,Orange County,2021-05,72
92648,Huntington Beach,Orange County,2021-11,72
92648,Huntington Beach,Orange County,2022-06,74
92648,Huntington Beach,Orange County,2022-10,58
92648,Huntington Beach,Orange County,2023-12,61
92648,Huntington Beach,Orange County,2024-10,58
92648,Huntington Beach,Orange County,2025-07,53
92649,Huntington Beach,Orange County,2012-10,55
92649,Huntington Beach,Orange County,2013-01,63
92649,Huntington Beach,Orange County,2014-05,56
92649,Huntington Beach,Orange County,2015-09,52
92649,Huntington Beach,Orange County,2015-12,52
92649,Huntington Beach,Orange County,2017-07,58
92649,Huntington Beach,Orange County,2018-03,61
92649,Huntington Beach,Orange County,2021-03,69
92649,Huntington Beach,Orange County,2021-05,72
92649,Huntington Beach,Orange County,2021-08,77
92649,Huntington Beach,Orange County,2023-06,70
92649,Huntington Beach,Orange County,2023-10,67
92649,Huntington Beach,Orange County,2023-11,61
92649,Huntington Beach,Orange County,2024-02,61
92649,Huntington Beach,Orange County,2025-01,55
92649,Huntington Beach,Orange County,2025-03,61
92651,Laguna Beach,Orange County,2013-07,55
92651,Laguna Beach,Orange County,2015-08,47
92651,Laguna Beach,Orange County,2017-02,40
92651,Laguna Beach,Orange County,2017-05,44
92651,Laguna Beach,Orange County,2017-07,44
92651,Laguna Beach,Orange County,2017-09,40
92651,Laguna Beach,Orange County,2017-11,40
92651,Laguna Beach,Orange County,2017-12,41
92651,Laguna Beach,Orange County,2018-07,44
92651,Laguna Beach,Orange County,2019-04,41
92651,Laguna Beach,Orange County,2019-12,40
92651,Laguna Beach,Orange County,2020-07,44
92651,Laguna Beach,Orange County,2020-10,46
92651,Laguna Beach,Orange County,2022-10,53
92651,Laguna Beach,Orange County,2023-06,55
92651,Laguna Beach,Orange County,2023-08,56
92651,Laguna Beach,Orange County,2023-09,48
92651,Laguna Beach,Orange County,2023-10,46
92651,Laguna Beach,Orange County,2023-12,47
92651,Laguna Beach,Orange County,2024-06,55
92651,Laguna Beach,Orange County,2024-07,52
92651,Laguna Beach,Orange County,2025-03,40
92653,Laguna Hills,Orange County,2012-04,58
92653,Laguna Hills,Orange County,2013-05,79
92653,Laguna Hills,Orange County,2014-03,67
92653,Laguna Hills,Orange County,2014-11,48
92653,Laguna Hills,Orange County,2015-07,60
92653,Laguna Hills,Orange County,2016-03,58
92653,Laguna Hills,Orange County,2016-09,56
92653,Laguna Hills,Orange County,2016-11,55
92653,Laguna Hills,Orange County,2016-12,53
92653,Laguna Hills,Orange County,2018-02,58
92653,Laguna Hills,Orange County,2018-06,65
92653,Laguna Hills,Orange County,2020-09,69
92653,Laguna Hills,Orange County,2021-10,75
92653,Laguna Hills,Orange County,2022-09,61
92653,Laguna Hills,Orange County,2022-11,56
92653,Laguna Hills,Orange County,2023-02,53
92653,Laguna Hills,Orange County,2023-07,74
92653,Laguna Hills,Orange County,2024-11,63
92655,Midway City,Orange County,2012-05,60
92655,Midway City,Orange County,2012-06,75
92655,Midway City,Orange County,2015-03,69
92655,Midway City,Orange County,2016-02,55
92655,Midway City,Orange County,2017-05,71
92655,Midway City,Orange County,2017-11,49
92655,Midway City,Orange County,2018-03,54
92655,Midway City,Orange County,2018-07,54
92655,Midway City,Orange County,2019-06,58
92655,Midway City,Orange County,2019-11,55
92655,Midway City,Orange County,2020-03,61
92655,Midway City,Orange County,2021-02,75
92655,Midway City,Orange County,2022-04,83
92655,Midway City,Orange County,2022-07,83
92655,Midway City,Orange County,2024-09,83
92655,Midway City,Orange County,2024-10,83
92655,Midway City,Orange County,2025-06,74
92655,Midway City,Orange County,2025-11,65
92656,Aliso Viejo,Orange County,2013-01,80
92656,Aliso Viejo,Orange County,2013-02,91
92656,Aliso Viejo,Orange County,2013-03,95
92656,Aliso Viejo,Orange County,2016-04,67
92656,Aliso Viejo,Orange County,2016-10,61
92656,Aliso Viejo,Orange County,2016-12,61
92656,Aliso Viejo,Orange County,2018-02,71
92656,Aliso Viejo,Orange County,2018-07,71
92656,Aliso Viejo,Orange County,2018-08,67
92656,Aliso Viejo,Orange County,2019-02,49
92656,Aliso Viejo,Orange County,2019-08,58
92656,Aliso Viejo,Orange County,2020-06,63
92656,Aliso Viejo,Orange County,2021-01,74
92656,Aliso Viejo,Orange County,2022-12,55
92656,Aliso Viejo,Orange County,2023-05,77
92656,Aliso Viejo,Orange County,2024-08,75
92657,Newport Coast,Orange County,2012-06,48
92657,Newport Coast,Orange County,2012-10,41
92657,Newport Coast,Orange County,2013-06,60
92657,Newport Coast,Orange County,2014-05,55
92657,Newport Coast,Orange County,2014-10,50
92657,Newport Coast,Orange County,2015-11,44
92657,Newport Coast,Orange County,2016-07,46
92657,Newport Coast,Orange County,2016-12,39
92657,Newport Coast,Orange County,2017-12,40
92657,Newport Coast,Orange County,2018-02,38
92657,Newport Coast,Orange County,2018-11,37
92657,Newport Coast,Orange County,2021-08,63
92657,Newport Coast,Orange County,2022-03,67
92657,Newport Coast,Orange County,2022-06,72
92657,Newport Coast,Orange County,2022-09,54
92657,Newport Coast,Orange County,2022-11,51
92657,Newport Coast,Orange County,2023-07,63
92657,Newport Coast,Orange County,2023-12,50
92657,Newport Coast,Orange County,2024-05,65
92657,Newport Coast,Orange County,2024-11,51
92657,Newport Coast,Orange County,2025-02,50
92660,Newport Beach,Orange County,2012-05,51
92660,Newport Beach,Orange County,2013-01,61
92660,Newport Beach,Orange County,2013-02,58
92660,Newport Beach,Orange County,2013-04,65
92660,Newport Beach,Orange County,2013-08,65
92660,Newport Beach,Orange County,2013-11,58
92660,Newport Beach,Orange County,2014-07,58
92660,Newport Beach,Orange County,2015-03,49
92660,Newport Beach,Orange County,2015-12,46
92660,Newport Beach,Orange County,2018-05,52
92660,Newport Beach,Orange County,2018-09,46
92660,Newport Beach,Orange County,2019-04,41
92660,Newport Beach,Orange County,2020-06,55
92660,Newport Beach,Orange County,2020-12,53
92660,Newport Beach,Orange County,2023-02,47
92660,Newport Beach,Orange County,2023-03,55
92660,Newport Beach,Orange County,2023-05,74
92660,Newport Beach,Orange County,2023-06,74
92660,Newport Beach,Orange County,2023-12,58
92660,Newport Beach,Orange County,2024-07,56
92660,Newport Beach,Orange County,2024-10,55
92660,Newport Beach,Orange County,2025-10,50
92661,Newport Beach,Orange County,2013-11,52
92661,Newport Beach,Orange County,2015-03,35
92661,Newport Beach,Orange County,2015-08,37
92661,Newport Beach,Orange County,2015-12,40
92661,Newport Beach,Orange County,2018-01,33
92661,Newport Beach,Orange County,2018-11,32
92661,Newport Beach,Orange County,2020-01,37
92661,Newport Beach,Orange County,2020-07,40
92661,Newport Beach,Orange County,2020-08,40
92661,Newport Beach,Orange County,2021-12,58
92661,Newport Beach,Orange County,2022-03,52
92661,Newport Beach,Orange County,2025-05,56
92662,Newport Beach,Orange County,2012-03,39
92662,Newport Beach,Orange County,2013-02,58
92662,Newport Beach,Orange County,2013-06,65
92662,Newport Beach,Orange County,2013-10,55
92662,Newport Beach,Orange County,2016-12,48
92662,Newport Beach,Orange County,2018-03,44
92662,Newport Beach,Orange County,2018-05,54
92662,Newport Beach,Orange County,2018-12,37
92662,Newport Beach,Orange County,2019-07,47
92662,Newport Beach,Orange County,2021-09,56
92662,Newport Beach,Orange County,2021-11,69
92662,Newport Beach,Orange County,2022-01,71
92662,Newport Beach,Orange County,2023-03,71
92662,Newport Beach,Orange County,2023-11,67
92662,Newport Beach,Orange County,2024-02,50
92662,Newport Beach,Orange County,2025-06,60
92662,Newport Beach,Orange County,2025-09,39
92662,Newport Beach,Orange County,2025-10,47
92663,Newport Beach,Orange County,2013-12,49
92663,Newport Beach,Orange County,2014-10,48
92663,Newport Beach,Orange County,2015-08,54
92663,Newport Beach,Orange County,2016-08,46
92663,Newport Beach,Orange County,2017-03,47
92663,Newport Beach,Orange County,2017-11,44
92663,Newport Beach,Orange County,2018-08,50
92663,Newport Beach,Orange County,2018-09,44
92663,Newport Beach,Orange County,2019-01,40
92663,Newport Beach,Orange County,2019-02,41
92663,Newport Beach,Orange County,2020-02,46
92663,Newport Beach,Orange County,2020-11,51
92663,Newport Beach,Orange County,2021-09,71
92663,Newport Beach,Orange County,2022-10,60
92663,Newport Beach,Orange County,2023-06,53
92663,Newport Beach,Orange County,2023-07,49
92663,Newport Beach,Orange County,2025-09,49
92663,Newport Beach,Orange County,2025-10,44
92672,San Clemente,Orange County,2012-12,56
92672,San Clemente,Orange County,2013-02,54
92672,San Clemente,Orange County,2013-11,54
92672,San Clemente,Orange County,2014-05,61
92672,San Clemente,Orange County,2014-08,61
92672,San Clemente,Orange County,2015-02,50
92672,San Clemente,Orange County,2018-02,49
92672,San Clemente,Orange County,2018-03,55
92672,San Clemente,Orange County,2018-06,55
92672,San Clemente,Orange County,2019-04,54
92672,San Clemente,Orange County,2021-09,77
92672,San Clemente,Orange County,2023-10,74
92672,San Clemente,Orange County,2024-02,60
92672,San Clemente,Orange County,2025-08,51
92673,San Clemente,Orange County,2013-03,74
92673,San Clemente,Orange County,2014-07,58
92673,San Clemente,Orange County,2014-09,54
92673,San Clemente,Orange County,2015-07,54
92673,San Clemente,Orange County,2016-06,52
92673,San Clemente,Orange County,2016-07,52
92673,San Clemente,Orange County,2017-06,58
92673,San Clemente,Orange County,2017-11,53
92673,San Clemente,Orange County,2018-01,48
92673,San Clemente,Orange County,2018-08,53
92673,San Clemente,Orange County,2019-06,58
92673,San Clemente,Orange County,2019-10,48
92673,San Clemente,Orange County,2020-02,51
92673,San Clemente,Orange County,2021-03,77
92673,San Clemente,Orange County,2022-04,89
92673,San Clemente,Orange County,2022-07,75
92673,San Clemente,Orange County,2023-02,52
92673,San Clemente,Orange County,2023-06,72
92673,San Clemente,Orange County,2023-08,74
92673,San Clemente,Orange County,2024-08,69
92673,San Clemente,Orange County,2025-06,63
92674,San Clemente,Orange County,2022-12,63
92674,San Clemente,Orange County,2023-01,54
92675,San Juan Capistrano,Orange County,2012-04,55
92675,San Juan Capistrano,Orange County,2012-12,72
92675,San Juan Capistrano,Orange County,2014-06,54
92675,San Juan Capistrano,Orange County,2015-08,52
92675,San Juan Capistrano,Orange County,2015-12,48
92675,San Juan Capistrano,Orange County,2016-05,53
92675,San Juan Capistrano,Orange County,2018-03,50
92675,San Juan Capistrano,Orange County,2018-07,55
92675,San Juan Capistrano,Orange County,2020-02,46
92675,San Juan Capistrano,Orange County,2020-06,61
92675,San Juan Capistrano,Orange County,2021-06,77
92675,San Juan Capistrano,Orange County,2021-09,79
92675,San Juan Capistrano,Orange County,2023-03,63
92675,San Juan Capistrano,Orange County,2023-12,58
92675,San Juan Capistrano,Orange County,2025-02,61
92675,San Juan Capistrano,Orange County,2025-06,61
92675,San Juan Capistrano,Orange County,2025-10,55
92676,Silverado,Orange County,2013-04,60
92676,Silverado,Orange County,2015-01,44
92676,Silverado,Orange County,2015-11,55
92676,Silverado,Orange County,2016-03,35
92676,Silverado,Orange County,2016-11,60
92676,Silverado,Orange County,2016-12,56
92676,Silverado,Orange County,2017-08,58
92676,Silverado,Orange County,2019-02,44
92676,Silverado,Orange County,2019-06,49
92676,Silverado,Orange County,2020-01,44
92676,Silverado,Orange County,2020-05,77
92676,Silverado,Orange County,2020-12,61
92676,Silverado,Orange County,2021-02,63
92676,Silverado,Orange County,2021-04,52
92676,Silverado,Orange County,2023-02,37
92676,Silverado,Orange County,2023-04,74
92676,Silverado,Orange County,2023-11,63
92676,Silverado,Orange County,2024-01,44
92676,Silverado,Orange County,2024-02,65
92676,Silverado,Orange County,2025-07,55
92677,Laguna Niguel,Orange County,2013-08,75
92677,Laguna Niguel,Orange County,2015-05,60
92677,Laguna Niguel,Orange County,2015-07,58
92677,Laguna Niguel,Orange County,2016-01,51
92677,Laguna Niguel,Orange County,2016-06,61
92677,Laguna Niguel,Orange County,2017-10,56
92677,Laguna Niguel,Orange County,2017-11,55
92677,Laguna Niguel,Orange County,2017-12,52
92677,Laguna Niguel,Orange County,2018-03,65
92677,Laguna Niguel,Orange County,2018-04,65
92677,Laguna Niguel,Orange County,2018-05,65
92677,Laguna Niguel,Orange County,2019-07,55
92677,Laguna Niguel,Orange County,2019-10,49
92677,Laguna Niguel,Orange County,2020-12,67
92677,Laguna Niguel,Orange County,2022-01,89
92677,Laguna Niguel,Orange County,2022-07,83
92677,Laguna Niguel,Orange County,2023-02,53
92677,Laguna Niguel,Orange County,2023-03,60
92677,Laguna Niguel,Orange County,2024-02,71
92677,Laguna Niguel,Orange County,2024-04,79
92677,Laguna Niguel,Orange County,2024-05,79
92677,Laguna Niguel,Orange County,2025-07,58
92678,Trabuco Canyon,Orange County,2012-03,44
92678,Trabuco Canyon,Orange County,2013-10,44
92678,Trabuco Canyon,Orange County,2014-12,37
92678,Trabuco Canyon,Orange County,2016-09,44
92678,Trabuco Canyon,Orange County,2017-03,53
92678,Trabuco Canyon,Orange County,2017-05,58
92678,Trabuco Canyon,Orange County,2017-09,50
92678,Trabuco Canyon,Orange County,2017-12,44
92678,Trabuco Canyon,Orange County,2019-08,75
92678,Trabuco Canyon,Orange County,2023-09,44
92679,Trabuco Canyon,Orange County,2012-07,61
92679,Trabuco Canyon,Orange County,2012-09,63
92679,Trabuco Canyon,Orange County,2012-10,61
92679,Trabuco Canyon,Orange County,2013-01,60
92679,Trabuco Canyon,Orange County,2013-02,61
92679,Trabuco Canyon,Orange County,2013-05,75
92679,Trabuco Canyon,Orange County,2014-03,58
92679,Trabuco Canyon,Orange County,2015-03,52
92679,Trabuco Canyon,Orange County,2015-11,49
92679,Trabuco Canyon,Orange County,2016-12,44
92679,Trabuco Canyon,Orange County,2017-11,50
92679,Trabuco Canyon,Orange County,2020-07,60
92679,Trabuco Canyon,Orange County,2021-02,70
92679,Trabuco Canyon,Orange County,2021-07,83
92679,Trabuco Canyon,Orange County,2021-12,83
92679,Trabuco Canyon,Orange County,2022-08,71
92679,Trabuco Canyon,Orange County,2023-02,58
92679,Trabuco Canyon,Orange County,2023-08,77
92679,Trabuco Canyon,Orange County,2023-09,72
92679,Trabuco Canyon,Orange County,2024-12,49
92679,Trabuco Canyon,Orange County,2025-06,58
92683,Westminster,Orange County,2013-02,72
92683,Westminster,Orange County,2013-05,83
92683,Westminster,Orange County,2013-10,74
92683,Westminster,Orange County,2015-12,55
92683,Westminster,Orange County,2016-12,65
92683,Westminster,Orange County,2017-04,71
92683,Westminster,Orange County,2018-04,74
92683,Westminster,Orange County,2018-05,77
92683,Westminster,Orange County,2018-08,69
92683,Westminster,Orange County,2018-09,65
92683,Westminster,Orange County,2019-03,55
92683,Westminster,Orange County,2019-04,61
92683,Westminster,Orange County,2020-04,71
92683,Westminster,Orange County,2021-05,83
92683,Westminster,Orange County,2022-11,60
92683,Westminster,Orange County,2023-02,65
92683,Westminster,Orange County,2024-04,77
92683,Westminster,Orange County,2024-12,72
92683,Westminster,Orange County,2025-02,67
92683,Westminster,Orange County,2025-07,72
92683,Westminster,Orange County,2025-09,71
92688,Rancho Santa Margarita,Orange County,2013-01,83
92688,Rancho Santa Margarita,Orange County,2013-08,83
92688,Rancho Santa Margarita,Orange County,2013-12,60
92688,Rancho Santa Margarita,Orange County,2014-02,61
92688,Rancho Santa Margarita,Orange County,2015-05,69
92688,Rancho Santa Margarita,Orange County,2017-03,65
92688,Rancho Santa Margarita,Orange County,2017-06,74
92688,Rancho Santa Margarita,Orange County,2017-08,67
92688,Rancho Santa Margarita,Orange County,2017-10,63
92688,Rancho Santa Margarita,Orange County,2017-12,61
92688,Rancho Santa Margarita,Orange County,2018-07,71
92688,Rancho Santa Margarita,Orange County,2018-09,56
92688,Rancho Santa Margarita,Orange County,2019-04,52
92688,Rancho Santa Margarita,Orange County,2019-07,60
92688,Rancho Santa Margarita,Orange County,2020-03,74
92688,Rancho Santa Margarita,Orange County,2020-05,77
92688,Rancho Santa Margarita,Orange County,2021-02,80
92688,Rancho Santa Margarita,Orange County,2021-04,87
92688,Rancho Santa Margarita,Orange County,2023-04,74
92688,Rancho Santa Margarita,Orange County,2023-11,74
92688,Rancho Santa Margarita,Orange County,2024-02,74
92688,Rancho Santa Margarita,Orange County,2024-05,83
92688,Rancho Santa Margarita,Orange County,2025-02,58
92691,Mission Viejo,Orange County,2013-05,93
92691,Mission Viejo,Orange County,2013-09,75
92691,Mission Viejo,Orange County,2014-03,61
92691,Mission Viejo,Orange County,2014-04,63
92691,Mission Viejo,Orange County,2016-03,67
92691,Mission Viejo,Orange County,2016-04,67
92691,Mission Viejo,Orange County,2017-03,69
92691,Mission Viejo,Orange County,2021-02,77
92691,Mission Viejo,Orange County,2021-07,87
92691,Mission Viejo,Orange County,2021-09,89
92691,Mission Viejo,Orange County,2022-03,91
92691,Mission Viejo,Orange County,2024-03,80
92691,Mission Viejo,Orange County,2024-09,74
92691,Mission Viejo,Orange County,2025-02,63
92691,Mission Viejo,Orange County,2025-05,75
92691,Mission Viejo,Orange County,2025-11,55
92692,Mission Viejo,Orange County,2012-12,74
92692,Mission Viejo,Orange County,2013-05,83
92692,Mission Viejo,Orange County,2013-07,80
92692,Mission Viejo,Orange County,2013-09,72
92692,Mission Viejo,Orange County,2013-10,67
92692,Mission Viejo,Orange County,2014-03,63
92692,Mission Viejo,Orange County,2015-03,55
92692,Mission Viejo,Orange County,2015-04,63
92692,Mission Viejo,Orange County,2015-09,58
92692,Mission Viejo,Orange County,2015-12,55
92692,Mission Viejo,Orange County,2016-02,58
92692,Mission Viejo,Orange County,2017-08,65
92692,Mission Viejo,Orange County,2017-10,55
92692,Mission Viejo,Orange County,2017-11,55
92692,Mission Viejo,Orange County,2018-12,47
92692,Mission Viejo,Orange County,2019-10,52
92692,Mission Viejo,Orange County,2021-09,83
92692,Mission Viejo,Orange County,2021-10,83
92692,Mission Viejo,Orange County,2022-07,83
92692,Mission Viejo,Orange County,2022-11,58
92692,Mission Viejo,Orange County,2023-03,74
92692,Mission Viejo,Orange County,2023-07,79
92692,Mission Viejo,Orange County,2023-08,80
92692,Mission Viejo,Orange County,2025-01,60
92694,Ladera Ranch,Orange County,2012-03,51
92694,Ladera Ranch,Orange County,2012-08,71
92694,Ladera Ranch,Orange County,2012-10,72
92694,Ladera Ranch,Orange County,2013-09,63
92694,Ladera Ranch,Orange County,2014-02,58
92694,Ladera Ranch,Orange County,2014-12,49
92694,Ladera Ranch,Orange County,2016-05,60
92694,Ladera Ranch,Orange County,2017-07,63
92694,Ladera Ranch,Orange County,2017-08,61
92694,Ladera Ranch,Orange County,2018-07,58
92694,Ladera Ranch,Orange County,2018-11,50
92694,Ladera Ranch,Orange County,2018-12,50
92694,Ladera Ranch,Orange County,2021-08,93
92694,Ladera Ranch,Orange County,2022-12,55
92694,Ladera Ranch,Orange County,2024-02,63
92701,Santa Ana,Orange County,2013-05,72
92701,Santa Ana,Orange County,2014-04,65
92701,Santa Ana,Orange County,2014-06,67
92701,Santa Ana,Orange County,2014-08,60
92701,Santa Ana,Orange County,2017-10,58
92701,Santa Ana,Orange County,2019-12,58
92701,Santa Ana,Orange County,2020-02,60
92701,Santa Ana,Orange County,2022-01,77
92701,Santa Ana,Orange County,2022-03,77
92701,Santa Ana,Orange County,2022-05,77
92701,Santa Ana,Orange County,2022-08,74
92701,Santa Ana,Orange County,2022-10,63
92701,Santa Ana,Orange County,2023-06,72
92701,Santa Ana,Orange County,2023-07,77
92701,Santa Ana,Orange County,2024-01,61
92701,Santa Ana,Orange County,2024-07,60
92701,Santa Ana,Orange County,2025-11,52
92703,Santa Ana,Orange County,2012-08,71
92703,Santa Ana,Orange County,2012-10,77
92703,Santa Ana,Orange County,2013-06,70
92703,Santa Ana,Orange County,2015-02,52
92703,Santa Ana,Orange County,2018-02,52
92703,Santa Ana,Orange County,2019-03,49
92703,Santa Ana,Orange County,2019-07,58
92703,Santa Ana,Orange County,2019-08,58
92703,Santa Ana,Orange County,2020-07,55
92703,Santa Ana,Orange County,2020-08,58
92703,Santa Ana,Orange County,2021-07,77
92703,Santa Ana,Orange County,2022-05,74
92703,Santa Ana,Orange County,2022-12,50
92703,Santa Ana,Orange County,2025-01,58
92703,Santa Ana,Orange County,2025-08,52
92704,Santa Ana,Orange County,2013-05,80
92704,Santa Ana,Orange County,2014-08,70
92704,Santa Ana,Orange County,2016-08,63
92704,Santa Ana,Orange County,2016-09,61
92704,Santa Ana,Orange County,2017-08,63
92704,Santa Ana,Orange County,2018-02,56
92704,Santa Ana,Orange County,2019-05,58
92704,Santa Ana,Orange County,2020-02,63
92704,Santa Ana,Orange County,2020-07,61
92704,Santa Ana,Orange County,2020-08,63
92704,Santa Ana,Orange County,2020-10,67
92704,Santa Ana,Orange County,2020-12,67
92704,Santa Ana,Orange County,2021-02,72
92704,Santa Ana,Orange County,2021-11,79
92704,Santa Ana,Orange County,2022-04,83
92705,Santa Ana,Orange County,2012-11,54
92705,Santa Ana,Orange County,2014-06,63
92705,Santa Ana,Orange County,2016-05,58
92705,Santa Ana,Orange County,2017-05,65
92705,Santa Ana,Orange County,2017-11,56
92705,Santa Ana,Orange County,2019-02,50
92705,Santa Ana,Orange County,2021-01,67
92705,Santa Ana,Orange County,2022-02,83
92705,Santa Ana,Orange County,2023-01,55
92705,Santa Ana,Orange County,2023-08,77
92705,Santa Ana,Orange County,2023-12,65
92706,Santa Ana,Orange County,2013-01,67
92706,Santa Ana,Orange County,2013-05,71
92706,Santa Ana,Orange County,2013-08,75
92706,Santa Ana,Orange County,2013-10,61
92706,Santa Ana,Orange County,2013-11,60
92706,Santa Ana,Orange County,2015-05,63
92706,Santa Ana,Orange County,2015-07,61
92706,Santa Ana,Orange County,2015-11,52
92706,Santa Ana,Orange County,2016-02,46
92706,Santa Ana,Orange County,2016-03,50
92706,Santa Ana,Orange County,2018-01,58
92706,Santa Ana,Orange County,2018-06,65
92706,Santa Ana,Orange County,2019-11,67
92706,Santa Ana,Orange County,2020-01,58
92706,Santa Ana,Orange County,2020-05,74
92706,Santa Ana,Orange County,2021-03,72
92706,Santa Ana,Orange County,2022-01,79
92706,Santa Ana,Orange County,2022-03,83
92706,Santa Ana,Orange County,2023-07,75
92706,Santa Ana,Orange County,2023-08,83
92706,Santa Ana,Orange County,2024-11,70
92706,Santa Ana,Orange County,2025-08,63
92706,Santa Ana,Orange County,2025-11,55
92707,Santa Ana,Orange County,2012-03,53
92707,Santa Ana,Orange County,2013-03,74
92707,Santa Ana,Orange County,2014-10,58
92707,Santa Ana,Orange County,2014-12,53
92707,Santa Ana,Orange County,2015-09,65
92707,Santa Ana,Orange County,2016-11,55
92707,Santa Ana,Orange County,2017-02,55
92707,Santa Ana,Orange County,2017-03,54
92707,Santa Ana,Orange County,2019-10,61
92707,Santa Ana,Orange County,2019-11,58
92707,Santa Ana,Orange County,2019-12,63
92707,Santa Ana,Orange County,2023-02,58
92707,Santa Ana,Orange County,2023-10,75
92707,Santa Ana,Orange County,2024-10,74
92707,Santa Ana,Orange County,2025-09,58
92708,Fountain Valley,Orange County,2012-10,74
92708,Fountain Valley,Orange County,2013-02,74
92708,Fountain Valley,Orange County,2013-05,87
92708,Fountain Valley,Orange County,2015-10,60
92708,Fountain Valley,Orange County,2016-10,71
92708,Fountain Valley,Orange County,2018-03,74
92708,Fountain Valley,Orange County,2018-05,77
92708,Fountain Valley,Orange County,2019-03,65
92708,Fountain Valley,Orange County,2020-12,74
92708,Fountain Valley,Orange County,2022-01,89
92708,Fountain Valley,Orange County,2022-04,91
92708,Fountain Valley,Orange County,2023-05,74
92708,Fountain Valley,Orange County,2024-01,74
92708,Fountain Valley,Orange County,2024-02,70
92708,Fountain Valley,Orange County,2024-05,83
92708,Fountain Valley,Orange County,2024-08,79
92708,Fountain Valley,Orange County,2024-12,83
92711,Santa Ana,Orange County,2012-06,72
92711,Santa Ana,Orange County,2013-04,91
92711,Santa Ana,Orange County,2013-06,75
92711,Santa Ana,Orange County,2015-07,74
92711,Santa Ana,Orange County,2016-08,32
92711,Santa Ana,Orange County,2025-05,39
92711,Santa Ana,Orange County,2025-06,44
92780,Tustin,Orange County,2012-08,71
92780,Tustin,Orange County,2013-01,80
92780,Tustin,Orange County,2013-08,83
92780,Tustin,Orange County,2014-10,58
92780,Tustin,Orange County,2016-05,70
92780,Tustin,Orange County,2017-03,63
92780,Tustin,Orange County,2018-10,60
92780,Tustin,Orange County,2021-08,83
92780,Tustin,Orange County,2021-12,91
92780,Tustin,Orange County,2025-01,65
92780,Tustin,Orange County,2025-12,67
92782,Tustin,Orange County,2012-08,70
92782,Tustin,Orange County,2013-12,60
92782,Tustin,Orange County,2014-02,61
92782,Tustin,Orange County,2017-09,58
92782,Tustin,Orange County,2019-06,63
92782,Tustin,Orange County,2019-08,58
92782,Tustin,Orange County,2021-02,71
92782,Tustin,Orange County,2021-05,83
92782,Tustin,Orange County,2021-06,87
92782,Tustin,Orange County,2021-10,89
92782,Tustin,Orange County,2022-09,63
92782,Tustin,Orange County,2022-12,60
92782,Tustin,Orange County,2023-12,79
92782,Tustin,Orange County,2024-05,83
92782,Tustin,Orange County,2025-06,74
92801,Anaheim,Orange County,2013-02,65
92801,Anaheim,Orange County,2014-12,52
92801,Anaheim,Orange County,2015-04,61
92801,Anaheim,Orange County,2015-05,65
92801,Anaheim,Orange County,2016-10,63
92801,Anaheim,Orange County,2018-08,65
92801,Anaheim,Orange County,2018-10,58
92801,Anaheim,Orange County,2019-01,49
92801,Anaheim,Orange County,2019-02,49
92801,Anaheim,Orange County,2020-11,77
92801,Anaheim,Orange County,2021-05,83
92801,Anaheim,Orange County,2022-01,80
92801,Anaheim,Orange County,2022-03,83
92801,Anaheim,Orange County,2023-09,80
92801,Anaheim,Orange County,2025-06,65
92802,Anaheim,Orange County,2013-01,77
92802,Anaheim,Orange County,2013-03,80
92802,Anaheim,Orange County,2013-06,80
92802,Anaheim,Orange County,2015-02,67
92802,Anaheim,Orange County,2015-08,63
92802,Anaheim,Orange County,2015-11,58
92802,Anaheim,Orange County,2016-09,52
92802,Anaheim,Orange County,2017-01,52
92802,Anaheim,Orange County,2017-05,61
92802,Anaheim,Orange County,2018-06,74
92802,Anaheim,Orange County,2019-04,63
92802,Anaheim,Orange County,2019-06,63
92802,Anaheim,Orange County,2019-08,58
92802,Anaheim,Orange County,2020-05,67
92802,Anaheim,Orange County,2020-08,71
92802,Anaheim,Orange County,2021-08,83
92802,Anaheim,Orange County,2022-01,79
92802,Anaheim,Orange County,2023-06,71
92802,Anaheim,Orange County,2024-06,75
92804,Anaheim,Orange County,2013-02,72
92804,Anaheim,Orange County,2014-08,71
92804,Anaheim,Orange County,2015-01,52
92804,Anaheim,Orange County,2015-07,69
92804,Anaheim,Orange County,2016-02,58
92804,Anaheim,Orange County,2016-03,65
92804,Anaheim,Orange County,2017-04,67
92804,Anaheim,Orange County,2017-05,69
92804,Anaheim,Orange County,2019-01,49
92804,Anaheim,Orange County,2020-03,70
92804,Anaheim,Orange County,2020-05,74
92804,Anaheim,Orange County,2020-12,77
92804,Anaheim,Orange County,2021-01,74
92804,Anaheim,Orange County,2022-01,83
92804,Anaheim,Orange County,2024-10,72
92804,Anaheim,Orange County,2025-01,65
92804,Anaheim,Orange County,2025-06,69
92804,Anaheim,Orange County,2025-08,63
92805,Anaheim,Orange County,2013-03,72
92805,Anaheim,Orange County,2013-07,77
92805,Anaheim,Orange County,2013-12,67
92805,Anaheim,Orange County,2014-03,53
92805,Anaheim,Orange County,2014-05,60
92805,Anaheim,Orange County,2015-10,56
92805,Anaheim,Orange County,2016-03,55
92805,Anaheim,Orange County,2017-04,65
92805,Anaheim,Orange County,2017-09,61
92805,Anaheim,Orange County,2018-05,67
92805,Anaheim,Orange County,2019-04,58
92805,Anaheim,Orange County,2020-05,70
92805,Anaheim,Orange County,2021-04,77
92805,Anaheim,Orange County,2021-07,87
92805,Anaheim,Orange County,2023-01,54
92805,Anaheim,Orange County,2023-04,67
92805,Anaheim,Orange County,2025-02,63
92805,Anaheim,Orange County,2025-11,55
92806,Anaheim,Orange County,2013-06,95
92806,Anaheim,Orange County,2015-03,58
92806,Anaheim,Orange County,2015-04,63
92806,Anaheim,Orange County,2015-06,61
92806,Anaheim,Orange County,2015-08,65
92806,Anaheim,Orange County,2016-06,74
92806,Anaheim,Orange County,2017-10,58
92806,Anaheim,Orange County,2019-04,63
92806,Anaheim,Orange County,2019-05,60
92806,Anaheim,Orange County,2020-04,74
92806,Anaheim,Orange County,2020-10,72
92806,Anaheim,Orange County,2020-11,72
92806,Anaheim,Orange County,2021-05,77
92806,Anaheim,Orange County,2022-01,83
92806,Anaheim,Orange County,2024-04,77
92807,Anaheim,Orange County,2014-04,65
92807,Anaheim,Orange County,2015-03,58
92807,Anaheim,Orange County,2016-09,58
92807,Anaheim,Orange County,2017-05,67
92807,Anaheim,Orange County,2017-10,63
92807,Anaheim,Orange County,2017-11,63
92807,Anaheim,Orange County,2018-03,63
92807,Anaheim,Orange County,2018-04,63
92807,Anaheim,Orange County,2018-09,58
92807,Anaheim,Orange County,2019-05,61
92807,Anaheim,Orange County,2020-02,67
92807,Anaheim,Orange County,2020-08,67
92807,Anaheim,Orange County,2020-09,70
92807,Anaheim,Orange County,2021-01,72
92807,Anaheim,Orange County,2021-08,83
92807,Anaheim,Orange County,2021-09,83
92807,Anaheim,Orange County,2024-05,80
92807,Anaheim,Orange County,2025-09,61
92808,Anaheim,Orange County,2012-12,65
92808,Anaheim,Orange County,2013-02,74
92808,Anaheim,Orange County,2015-08,60
92808,Anaheim,Orange County,2018-02,61
92808,Anaheim,Orange County,2018-04,65
92808,Anaheim,Orange County,2018-05,65
92808,Anaheim,Orange County,2020-08,70
92808,Anaheim,Orange County,2020-09,74
92808,Anaheim,Orange County,2020-12,70
92808,Anaheim,Orange County,2022-04,89
92808,Anaheim,Orange County,2023-03,72
92808,Anaheim,Orange County,2023-05,79
92808,Anaheim,Orange County,2023-10,71
92808,Anaheim,Orange County,2024-02,79
92808,Anaheim,Orange County,2024-04,77
92808,Anaheim,Orange County,2024-09,67
92808,Anaheim,Orange County,2025-05,71
92808,Anaheim,Orange County,2025-08,54
92816,Anaheim,Orange County,2015-07,55
92816,Anaheim,Orange County,2016-01,35
92816,Anaheim,Orange County,2016-10,41
92816,Anaheim,Orange County,2016-11,44
92816,Anaheim,Orange County,2021-12,75
92816,Anaheim,Orange County,2025-03,53
92821,Brea,Orange County,2013-01,65
92821,Brea,Orange County,2014-08,65
92821,Brea,Orange County,2015-04,61
92821,Brea,Orange County,2017-04,65
92821,Brea,Orange County,2017-09,61
92821,Brea,Orange County,2018-02,61
92821,Brea,Orange County,2021-01,83
92821,Brea,Orange County,2021-09,87
92821,Brea,Orange County,2022-01,89
92821,Brea,Orange County,2022-05,91
92821,Brea,Orange County,2022-06,89
92821,Brea,Orange County,2023-01,58
92821,Brea,Orange County,2023-12,83
92821,Brea,Orange County,2024-03,80
92821,Brea,Orange County,2024-05,83
92821,Brea,Orange County,2025-03,83
92821,Brea,Orange County,2025-06,83
92821,Brea,Orange County,2025-09,69
92823,Brea,Orange County,2012-07,61
92823,Brea,Orange County,2012-09,63
92823,Brea,Orange County,2013-11,58
92823,Brea,Orange County,2014-01,53
92823,Brea,Orange County,2014-02,52
92823,Brea,Orange County,2014-09,55
92823,Brea,Orange County,2016-12,49
92823,Brea,Orange County,2018-12,39
92823,Brea,Orange County,2019-06,48
92823,Brea,Orange County,2021-01,58
92823,Brea,Orange County,2023-02,65
92823,Brea,Orange County,2023-07,77
92823,Brea,Orange County,2024-05,63
92823,Brea,Orange County,2024-06,60
92825,Anaheim,Orange County,2013-08,55
92831,Fullerton,Orange County,2014-11,56
92831,Fullerton,Orange County,2016-10,63
92831,Fullerton,Orange County,2017-12,61
92831,Fullerton,Orange County,2019-06,63
92831,Fullerton,Orange County,2021-08,83
92831,Fullerton,Orange County,2024-10,69
92831,Fullerton,Orange County,2025-02,63
92831,Fullerton,Orange County,2025-03,63
92831,Fullerton,Orange County,2025-05,72
92831,Fullerton,Orange County,2025-10,61
92831,Fullerton,Orange County,2025-12,58
92832,Fullerton,Orange County,2012-05,71
92832,Fullerton,Orange County,2013-01,58
92832,Fullerton,Orange County,2015-01,52
92832,Fullerton,Orange County,2015-03,58
92832,Fullerton,Orange County,2015-05,63
92832,Fullerton,Orange County,2015-09,63
92832,Fullerton,Orange County,2016-03,56
92832,Fullerton,Orange County,2016-07,63
92832,Fullerton,Orange County,2016-09,63
92832,Fullerton,Orange County,2016-11,52
92832,Fullerton,Orange County,2016-12,49
92832,Fullerton,Orange County,2018-12,63
92832,Fullerton,Orange County,2021-10,77
92832,Fullerton,Orange County,2022-01,80
92832,Fullerton,Orange County,2022-03,83
92832,Fullerton,Orange County,2025-03,50
92833,Fullerton,Orange County,2012-09,71
92833,Fullerton,Orange County,2013-05,80
92833,Fullerton,Orange County,2014-07,69
92833,Fullerton,Orange County,2014-09,67
92833,Fullerton,Orange County,2016-04,65
92833,Fullerton,Orange County,2017-02,54
92833,Fullerton,Orange County,2018-02,63
92833,Fullerton,Orange County,2018-03,67
92833,Fullerton,Orange County,2018-05,74
92833,Fullerton,Orange County,2019-03,58
92833,Fullerton,Orange County,2021-08,83
92833,Fullerton,Orange County,2022-08,74
92833,Fullerton,Orange County,2023-03,69
92833,Fullerton,Orange County,2025-06,69
92834,Fullerton,Orange County,2016-05,50
92834,Fullerton,Orange County,2022-05,79
92834,Fullerton,Orange County,2022-07,40
92834,Fullerton,Orange County,2023-10,79
92835,Fullerton,Orange County,2012-09,61
92835,Fullerton,Orange County,2012-12,56
92835,Fullerton,Orange County,2013-11,67
92835,Fullerton,Orange County,2014-02,63
92835,Fullerton,Orange County,2014-05,70
92835,Fullerton,Orange County,2015-01,50
92835,Fullerton,Orange County,2015-12,48
92835,Fullerton,Orange County,2016-08,58
92835,Fullerton,Orange County,2017-06,71
92835,Fullerton,Orange County,2017-10,58
92835,Fullerton,Orange County,2018-05,65
92835,Fullerton,Orange County,2018-07,55
92835,Fullerton,Orange County,2019-06,58
92835,Fullerton,Orange County,2019-09,55
92835,Fullerton,Orange County,2020-01,55
92835,Fullerton,Orange County,2021-01,77
92835,Fullerton,Orange County,2021-12,83
92835,Fullerton,Orange County,2023-01,61
92835,Fullerton,Orange County,2023-05,79
92835,Fullerton,Orange County,2024-08,72
92835,Fullerton,Orange County,2024-11,71
92835,Fullerton,Orange County,2025-04,74
92835,Fullerton,Orange County,2025-10,67
92840,Garden Grove,Orange County,2013-09,74
92840,Garden Grove,Orange County,2014-09,61
92840,Garden Grove,Orange County,2015-05,65
92840,Garden Grove,Orange County,2015-10,58
92840,Garden Grove,Orange County,2018-01,67
92840,Garden Grove,Orange County,2018-05,74
92840,Garden Grove,Orange County,2018-10,58
92840,Garden Grove,Orange County,2020-02,67
92840,Garden Grove,Orange County,2021-03,89
92840,Garden Grove,Orange County,2021-08,87
92840,Garden Grove,Orange County,2022-11,63
92840,Garden Grove,Orange County,2023-03,65
92840,Garden Grove,Orange County,2023-04,74
92840,Garden Grove,Orange County,2024-07,83
92840,Garden Grove,Orange County,2024-09,83
92840,Garden Grove,Orange County,2025-11,69
92841,Garden Grove,Orange County,2012-05,48
92841,Garden Grove,Orange County,2012-08,72
92841,Garden Grove,Orange County,2013-09,67
92841,Garden Grove,Orange County,2014-03,65
92841,Garden Grove,Orange County,2014-08,67
92841,Garden Grove,Orange County,2016-02,52
92841,Garden Grove,Orange County,2016-06,63
92841,Garden Grove,Orange County,2017-11,65
92841,Garden Grove,Orange County,2021-01,71
92841,Garden Grove,Orange County,2022-01,83
92841,Garden Grove,Orange County,2025-03,58
92843,Garden Grove,Orange County,2012-04,58
92843,Garden Grove,Orange County,2012-11,65
92843,Garden Grove,Orange County,2012-12,69
92843,Garden Grove,Orange County,2013-01,65
92843,Garden Grove,Orange County,2014-05,69
92843,Garden Grove,Orange County,2014-09,65
92843,Garden Grove,Orange County,2014-10,61
92843,Garden Grove,Orange County,2015-02,58
92843,Garden Grove,Orange County,2015-11,58
92843,Garden Grove,Orange County,2017-05,75
92843,Garden Grove,Orange County,2020-05,65
92843,Garden Grove,Orange County,2020-06,63
92843,Garden Grove,Orange County,2020-12,74
92843,Garden Grove,Orange County,2021-02,75
92843,Garden Grove,Orange County,2023-03,58
92843,Garden Grove,Orange County,2023-06,77
92843,Garden Grove,Orange County,2023-08,83
92843,Garden Grove,Orange County,2023-12,77
92843,Garden Grove,Orange County,2024-01,72
92843,Garden Grove,Orange County,2024-12,77
92843,Garden Grove,Orange County,2025-05,65
92843,Garden Grove,Orange County,2025-09,60
92844,Garden Grove,Orange County,2012-10,65
92844,Garden Grove,Orange County,2013-08,77
92844,Garden Grove,Orange County,2013-09,74
92844,Garden Grove,Orange County,2013-12,61
92844,Garden Grove,Orange County,2014-02,55
92844,Garden Grove,Orange County,2014-07,61
92844,Garden Grove,Orange County,2015-01,55
92844,Garden Grove,Orange County,2015-10,55
92844,Garden Grove,Orange County,2017-04,58
92844,Garden Grove,Orange County,2018-02,65
92844,Garden Grove,Orange County,2018-10,67
92844,Garden Grove,Orange County,2019-06,61
92844,Garden Grove,Orange County,2019-09,65
92844,Garden Grove,Orange County,2022-02,72
92844,Garden Grove,Orange County,2022-04,80
92844,Garden Grove,Orange County,2022-05,75
92844,Garden Grove,Orange County,2023-03,61
92844,Garden Grove,Orange County,2023-11,74
92844,Garden Grove,Orange County,2024-06,83
92844,Garden Grove,Orange County,2024-09,69
92844,Garden Grove,Orange County,2025-01,72
92844,Garden Grove,Orange County,2025-03,74
92844,Garden Grove,Orange County,2025-06,63
92844,Garden Grove,Orange County,2025-12,70
92845,Garden Grove,Orange County,2013-02,74
92845,Garden Grove,Orange County,2013-05,79
92845,Garden Grove,Orange County,2016-06,65
92845,Garden Grove,Orange County,2016-07,70
92845,Garden Grove,Orange County,2016-10,61
92845,Garden Grove,Orange County,2017-04,63
92845,Garden Grove,Orange County,2019-05,65
92845,Garden Grove,Orange County,2019-09,69
92845,Garden Grove,Orange County,2021-09,91
92845,Garden Grove,Orange County,2022-02,83
92845,Garden Grove,Orange County,2022-04,89
92845,Garden Grove,Orange County,2024-03,83
92845,Garden Grove,Orange County,2024-05,91
92845,Garden Grove,Orange County,2025-08,67
92859,Orange,Orange County,2012-07,80
92859,Orange,Orange County,2012-08,83
92859,Orange,Orange County,2013-04,60
92859,Orange,Orange County,2015-03,32
92859,Orange,Orange County,2016-08,35
92859,Orange,Orange County,2016-11,35
92859,Orange,Orange County,2017-05,53
92859,Orange,Orange County,2017-12,44
92859,Orange,Orange County,2020-12,44
92859,Orange,Orange County,2021-11,58
92859,Orange,Orange County,2022-02,44
92859,Orange,Orange County,2022-07,50
92860,Norco,Riverside County,2012-06,60
92860,Norco,Riverside County,2013-08,74
92860,Norco,Riverside County,2013-12,61
92860,Norco,Riverside County,2014-01,63
92860,Norco,Riverside County,2014-03,58
92860,Norco,Riverside County,2014-07,61
92860,Norco,Riverside County,2015-02,49
92860,Norco,Riverside County,2016-02,44
92860,Norco,Riverside County,2017-09,53
92860,Norco,Riverside County,2019-10,52
92860,Norco,Riverside County,2019-12,49
92860,Norco,Riverside County,2021-07,77
92860,Norco,Riverside County,2021-08,77
92860,Norco,Riverside County,2021-09,74
92860,Norco,Riverside County,2022-02,77
92860,Norco,Riverside County,2022-03,83
92860,Norco,Riverside County,2022-05,83
92860,Norco,Riverside County,2022-07,75
92860,Norco,Riverside County,2023-06,67
92860,Norco,Riverside County,2024-02,58
92860,Norco,Riverside County,2025-04,65
92861,Villa Park,Orange County,2012-06,63
92861,Villa Park,Orange County,2012-11,40
92861,Villa Park,Orange County,2013-01,49
92861,Villa Park,Orange County,2014-02,37
92861,Villa Park,Orange County,2014-04,41
92861,Villa Park,Orange County,2014-06,47
92861,Villa Park,Orange County,2015-02,50
92861,Villa Park,Orange County,2015-11,39
92861,Villa Park,Orange County,2016-03,44
92861,Villa Park,Orange County,2016-05,46
92861,Villa Park,Orange County,2017-03,40
92861,Villa Park,Orange County,2017-04,46
92861,Villa Park,Orange County,2017-08,50
92861,Villa Park,Orange County,2019-03,40
92861,Villa Park,Orange County,2019-11,44
92861,Villa Park,Orange County,2021-04,65
92861,Villa Park,Orange County,2021-06,74
92861,Villa Park,Orange County,2021-09,72
92861,Villa Park,Orange County,2021-11,74
92861,Villa Park,Orange County,2022-08,63
92861,Villa Park,Orange County,2023-02,49
92861,Villa Park,Orange County,2023-06,54
92861,Villa Park,Orange County,2023-08,69
92861,Villa Park,Orange County,2024-12,55
92862,Orange,Orange County,2012-03,63
92862,Orange,Orange County,2012-11,52
92862,Orange,Orange County,2014-01,50
92862,Orange,Orange County,2014-07,65
92862,Orange,Orange County,2014-09,52
92862,Orange,Orange County,2014-12,39
92862,Orange,Orange County,2015-08,55
92862,Orange,Orange County,2017-06,58
92862,Orange,Orange County,2019-06,63
92862,Orange,Orange County,2019-10,52
92862,Orange,Orange County,2020-06,74
92862,Orange,Orange County,2021-01,61
92862,Orange,Orange County,2021-08,80
92862,Orange,Orange County,2021-09,74
92862,Orange,Orange County,2023-12,74
92862,Orange,Orange County,2024-01,77
92862,Orange,Orange County,2024-07,75
92865,Orange,Orange County,2012-04,52
92865,Orange,Orange County,2012-10,63
92865,Orange,Orange County,2015-03,53
92865,Orange,Orange County,2015-09,58
92865,Orange,Orange County,2016-10,61
92865,Orange,Orange County,2017-08,67
92865,Orange,Orange County,2018-02,63
92865,Orange,Orange County,2018-04,69
92865,Orange,Orange County,2019-03,51
92865,Orange,Orange County,2020-01,58
92865,Orange,Orange County,2020-03,61
92865,Orange,Orange County,2020-05,74
92865,Orange,Orange County,2021-04,83
92865,Orange,Orange County,2022-02,83
92865,Orange,Orange County,2022-09,61
92865,Orange,Orange County,2023-03,58
92865,Orange,Orange County,2023-11,80
92866,Orange,Orange County,2012-05,65
92866,Orange,Orange County,2014-01,50
92866,Orange,Orange County,2014-02,58
92866,Orange,Orange County,2015-02,58
92866,Orange,Orange County,2015-12,49
92866,Orange,Orange County,2016-04,63
92866,Orange,Orange County,2016-06,71
92866,Orange,Orange County,2018-05,65
92866,Orange,Orange County,2019-06,52
92866,Orange,Orange County,2019-08,49
92866,Orange,Orange County,2020-03,65
92866,Orange,Orange County,2020-10,71
92866,Orange,Orange County,2020-12,69
92866,Orange,Orange County,2021-07,77
92866,Orange,Orange County,2022-12,50
92866,Orange,Orange County,2023-01,50
92866,Orange,Orange County,2023-09,63
92866,Orange,Orange County,2025-09,67
92866,Orange,Orange County,2025-12,52
92867,Orange,Orange County,2012-11,61
92867,Orange,Orange County,2013-06,74
92867,Orange,Orange County,2013-07,72
92867,Orange,Orange County,2014-03,63
92867,Orange,Orange County,2014-12,51
92867,Orange,Orange County,2015-10,55
92867,Orange,Orange County,2016-03,58
92867,Orange,Orange County,2016-05,65
92867,Orange,Orange County,2018-05,72
92867,Orange,Orange County,2018-11,53
92867,Orange,Orange County,2019-03,56
92867,Orange,Orange County,2019-08,58
92867,Orange,Orange County,2020-09,71
92867,Orange,Orange County,2021-08,83
92867,Orange,Orange County,2021-11,79
92867,Orange,Orange County,2022-01,83
92867,Orange,Orange County,2022-07,79
92867,Orange,Orange County,2023-02,58
92867,Orange,Orange County,2023-07,80
92867,Orange,Orange County,2023-11,69
92867,Orange,Orange County,2023-12,65
92867,Orange,Orange County,2025-07,67
92868,Orange,Orange County,2012-08,72
92868,Orange,Orange County,2014-04,70
92868,Orange,Orange County,2014-06,69
92868,Orange,Orange County,2015-01,51
92868,Orange,Orange County,2016-03,60
92868,Orange,Orange County,2019-03,51
92868,Orange,Orange County,2019-05,58
92868,Orange,Orange County,2020-04,67
92868,Orange,Orange County,2020-06,74
92868,Orange,Orange County,2020-09,74
92868,Orange,Orange County,2021-03,74
92868,Orange,Orange County,2021-06,77
92868,Orange,Orange County,2023-06,83
92868,Orange,Orange County,2024-07,83
92868,Orange,Orange County,2025-02,67
92868,Orange,Orange County,2025-03,72
92868,Orange,Orange County,2025-08,58
92869,Orange,Orange County,2012-06,65
92869,Orange,Orange County,2013-07,72
92869,Orange,Orange County,2015-08,60
92869,Orange,Orange County,2016-03,61
92869,Orange,Orange County,2016-04,60
92869,Orange,Orange County,2017-03,58
92869,Orange,Orange County,2017-04,61
92869,Orange,Orange County,2017-12,61
92869,Orange,Orange County,2018-09,61
92869,Orange,Orange County,2022-03,91
92869,Orange,Orange County,2024-04,80
92869,Orange,Orange County,2024-05,77
92870,Placentia,Orange County,2012-04,52
92870,Placentia,Orange County,2012-07,65
92870,Placentia,Orange County,2012-09,67
92870,Placentia,Orange County,2013-02,69
92870,Placentia,Orange County,2013-09,77
92870,Placentia,Orange County,2015-07,67
92870,Placentia,Orange County,2015-09,63
92870,Placentia,Orange County,2016-08,65
92870,Placentia,Orange County,2018-03,67
92870,Placentia,Orange County,2018-04,70
92870,Placentia,Orange County,2018-07,67
92870,Placentia,Orange County,2019-11,60
92870,Placentia,Orange County,2020-01,58
92870,Placentia,Orange County,2020-06,74
92870,Placentia,Orange County,2020-11,75
92870,Placentia,Orange County,2021-05,83
92870,Placentia,Orange County,2021-06,83
92870,Placentia,Orange County,2022-05,91
92870,Placentia,Orange County,2022-11,67
92878,Corona,Riverside County,2012-08,65
92878,Corona,Riverside County,2012-09,71
92878,Corona,Riverside County,2013-02,83
92878,Corona,Riverside County,2015-01,46
92878,Corona,Riverside County,2016-04,53
92878,Corona,Riverside County,2016-10,61
92878,Corona,Riverside County,2017-10,61
92878,Corona,Riverside County,2017-12,55
92878,Corona,Riverside County,2020-01,58
92878,Corona,Riverside County,2020-10,80
92878,Corona,Riverside County,2021-05,87
92878,Corona,Riverside County,2021-09,87
92878,Corona,Riverside County,2021-11,80
92878,Corona,Riverside County,2022-09,69
92878,Corona,Riverside County,2022-12,58
92878,Corona,Riverside County,2023-04,67
92879,Corona,Riverside County,2012-11,69
92879,Corona,Riverside County,2013-06,87
92879,Corona,Riverside County,2014-01,67
92879,Corona,Riverside County,2014-03,61
92879,Corona,Riverside County,2014-10,61
92879,Corona,Riverside County,2015-07,61
92879,Corona,Riverside County,2016-04,63
92879,Corona,Riverside County,2016-05,65
92879,Corona,Riverside County,2016-07,69
92879,Corona,Riverside County,2017-07,74
92879,Corona,Riverside County,2018-08,70
92879,Corona,Riverside County,2020-01,52
92879,Corona,Riverside County,2020-03,61
92879,Corona,Riverside County,2022-03,83
92879,Corona,Riverside County,2022-09,71
92879,Corona,Riverside County,2023-01,58
92879,Corona,Riverside County,2023-04,54
92879,Corona,Riverside County,2023-05,65
92879,Corona,Riverside County,2023-09,83
92880,Corona,Riverside County,2012-09,67
92880,Corona,Riverside County,2013-02,80
92880,Corona,Riverside County,2013-10,71
92880,Corona,Riverside County,2013-11,65
92880,Corona,Riverside County,2013-12,63
92880,Corona,Riverside County,2014-01,63
92880,Corona,Riverside County,2014-07,60
92880,Corona,Riverside County,2015-10,55
92880,Corona,Riverside County,2016-03,52
92880,Corona,Riverside County,2016-05,58
92880,Corona,Riverside County,2016-10,58
92880,Corona,Riverside County,2017-03,67
92880,Corona,Riverside County,2017-05,77
92880,Corona,Riverside County,2018-06,67
92880,Corona,Riverside County,2019-01,48
92880,Corona,Riverside County,2019-03,47
92880,Corona,Riverside County,2019-09,56
92880,Corona,Riverside County,2020-06,71
92880,Corona,Riverside County,2021-01,74
92880,Corona,Riverside County,2022-01,80
92880,Corona,Riverside County,2022-05,87
92880,Corona,Riverside County,2024-01,65
92880,Corona,Riverside County,2024-11,58
92880,Corona,Riverside County,2025-12,55
92881,Corona,Riverside County,2013-12,67
92881,Corona,Riverside County,2014-02,61
92881,Corona,Riverside County,2015-06,61
92881,Corona,Riverside County,2015-07,60
92881,Corona,Riverside County,2016-08,58
92881,Corona,Riverside County,2017-04,67
92881,Corona,Riverside County,2017-06,65
92881,Corona,Riverside County,2017-07,63
92881,Corona,Riverside County,2017-12,54
92881,Corona,Riverside County,2018-02,54
92881,Corona,Riverside County,2018-09,54
92881,Corona,Riverside County,2019-10,58
92881,Corona,Riverside County,2021-01,77
92881,Corona,Riverside County,2021-04,83
92881,Corona,Riverside County,2021-07,89
92881,Corona,Riverside County,2022-02,77
92881,Corona,Riverside County,2022-06,83
92881,Corona,Riverside County,2022-10,60
92881,Corona,Riverside County,2022-12,50
92881,Corona,Riverside County,2024-08,74
92881,Corona,Riverside County,2024-11,65
92881,Corona,Riverside County,2025-09,53
92882,Corona,Riverside County,2012-09,74
92882,Corona,Riverside County,2014-04,72
92882,Corona,Riverside County,2015-01,52
92882,Corona,Riverside County,2015-02,53
92882,Corona,Riverside County,2015-04,61
92882,Corona,Riverside County,2015-10,61
92882,Corona,Riverside County,2015-11,60
92882,Corona,Riverside County,2015-12,58
92882,Corona,Riverside County,2016-06,65
92882,Corona,Riverside County,2019-02,58
92882,Corona,Riverside County,2019-09,61
92882,Corona,Riverside County,2021-09,89
92882,Corona,Riverside County,2022-02,89
92882,Corona,Riverside County,2022-08,74
92882,Corona,Riverside County,2023-05,77
92882,Corona,Riverside County,2023-10,80
92882,Corona,Riverside County,2024-03,74
92882,Corona,Riverside County,2024-05,77
92882,Corona,Riverside County,2024-06,80
92882,Corona,Riverside County,2024-10,67
92882,Corona,Riverside County,2025-02,63
92883,Corona,Riverside County,2013-06,91
92883,Corona,Riverside County,2013-10,75
92883,Corona,Riverside County,2014-03,61
92883,Corona,Riverside County,2014-10,55
92883,Corona,Riverside County,2016-03,56
92883,Corona,Riverside County,2016-04,58
92883,Corona,Riverside County,2016-08,56
92883,Corona,Riverside County,2017-03,58
92883,Corona,Riverside County,2017-09,60
92883,Corona,Riverside County,2017-12,58
92883,Corona,Riverside County,2018-04,65
92883,Corona,Riverside County,2018-09,52
92883,Corona,Riverside County,2020-01,50
92883,Corona,Riverside County,2020-02,51
92883,Corona,Riverside County,2020-05,61
92883,Corona,Riverside County,2022-10,58
92883,Corona,Riverside County,2023-05,61
92883,Corona,Riverside County,2024-07,65
92883,Corona,Riverside County,2025-12,48
92886,Yorba Linda,Orange County,2012-10,61
92886,Yorba Linda,Orange County,2013-12,53
92886,Yorba Linda,Orange County,2014-02,55
92886,Yorba Linda,Orange County,2014-05,67
92886,Yorba Linda,Orange County,2014-06,67
92886,Yorba Linda,Orange County,2014-11,56
92886,Yorba Linda,Orange County,2015-03,53
92886,Yorba Linda,Orange County,2017-02,49
92886,Yorba Linda,Orange County,2017-08,58
92886,Yorba Linda,Orange County,2019-05,58
92886,Yorba Linda,Orange County,2019-10,53
92886,Yorba Linda,Orange County,2020-04,72
92886,Yorba Linda,Orange County,2021-07,83
92886,Yorba Linda,Orange County,2021-09,83
92886,Yorba Linda,Orange County,2021-12,83
92886,Yorba Linda,Orange County,2023-05,79
92886,Yorba Linda,Orange County,2023-11,77
92886,Yorba Linda,Orange County,2025-02,54
92887,Yorba Linda,Orange County,2012-03,54
92887,Yorba Linda,Orange County,2013-04,65
92887,Yorba Linda,Orange County,2015-06,52
92887,Yorba Linda,Orange County,2016-01,49
92887,Yorba Linda,Orange County,2017-07,56
92887,Yorba Linda,Orange County,2018-02,50
92887,Yorba Linda,Orange County,2018-08,53
92887,Yorba Linda,Orange County,2018-10,48
92887,Yorba Linda,Orange County,2019-05,55
92887,Yorba Linda,Orange County,2020-03,63
92887,Yorba Linda,Orange County,2020-07,58
92887,Yorba Linda,Orange County,2020-11,67
92887,Yorba Linda,Orange County,2021-01,67
92887,Yorba Linda,Orange County,2021-09,79
92887,Yorba Linda,Orange County,2022-01,83
92887,Yorba Linda,Orange County,2022-03,91
92887,Yorba Linda,Orange County,2023-10,79
93001,Ventura,Ventura County,2012-11,58
93001,Ventura,Ventura County,2013-02,71
93001,Ventura,Ventura County,2013-12,56
93001,Ventura,Ventura County,2014-02,63
93001,Ventura,Ventura County,2014-03,67
93001,Ventura,Ventura County,2015-11,55
93001,Ventura,Ventura County,2016-03,63
93001,Ventura,Ventura County,2016-11,55
93001,Ventura,Ventura County,2017-03,61
93001,Ventura,Ventura County,2017-05,63
93001,Ventura,Ventura County,2021-09,74
93001,Ventura,Ventura County,2022-11,61
93001,Ventura,Ventura County,2023-06,67
93001,Ventura,Ventura County,2024-08,55
93003,Ventura,Ventura County,2013-10,74
93003,Ventura,Ventura County,2014-06,63
93003,Ventura,Ventura County,2016-05,71
93003,Ventura,Ventura County,2016-09,71
93003,Ventura,Ventura County,2018-03,70
93003,Ventura,Ventura County,2018-07,74
93003,Ventura,Ventura County,2019-04,52
93003,Ventura,Ventura County,2019-07,58
93003,Ventura,Ventura County,2022-05,89
93003,Ventura,Ventura County,2022-09,74
93003,Ventura,Ventura County,2022-10,63
93003,Ventura,Ventura County,2023-12,74
93003,Ventura,Ventura County,2024-11,63
93004,Ventura,Ventura County,2012-09,65
93004,Ventura,Ventura County,2013-02,70
93004,Ventura,Ventura County,2013-05,77
93004,Ventura,Ventura County,2015-03,56
93004,Ventura,Ventura County,2015-05,63
93004,Ventura,Ventura County,2015-07,69
93004,Ventura,Ventura County,2017-12,56
93004,Ventura,Ventura County,2019-01,50
93004,Ventura,Ventura County,2019-09,61
93004,Ventura,Ventura County,2020-06,65
93004,Ventura,Ventura County,2020-09,69
93004,Ventura,Ventura County,2021-10,77
93004,Ventura,Ventura County,2022-03,95
93004,Ventura,Ventura County,2023-06,77
93004,Ventura,Ventura County,2025-10,58
93010,Camarillo,Ventura County,2013-01,77
93010,Camarillo,Ventura County,2013-06,80
93010,Camarillo,Ventura County,2013-10,72
93010,Camarillo,Ventura County,2014-06,63
93010,Camarillo,Ventura County,2016-07,65
93010,Camarillo,Ventura County,2017-07,79
93010,Camarillo,Ventura County,2017-10,70
93010,Camarillo,Ventura County,2018-12,58
93010,Camarillo,Ventura County,2020-02,53
93010,Camarillo,Ventura County,2020-07,65
93010,Camarillo,Ventura County,2020-10,67
93010,Camarillo,Ventura County,2020-11,67
93010,Camarillo,Ventura County,2022-01,74
93010,Camarillo,Ventura County,2023-05,77
93010,Camarillo,Ventura County,2023-07,80
93010,Camarillo,Ventura County,2024-12,63
93012,Camarillo,Ventura County,2012-09,61
93012,Camarillo,Ventura County,2013-06,74
93012,Camarillo,Ventura County,2015-07,67
93012,Camarillo,Ventura County,2016-03,60
93012,Camarillo,Ventura County,2018-11,55
93012,Camarillo,Ventura County,2021-05,77
93012,Camarillo,Ventura County,2022-11,53
93012,Camarillo,Ventura County,2023-04,67
93013,Carpinteria,Santa Barbara County,2012-09,47
93013,Carpinteria,Santa Barbara County,2013-02,40
93013,Carpinteria,Santa Barbara County,2014-04,65
93013,Carpinteria,Santa Barbara County,2015-07,58
93013,Carpinteria,Santa Barbara County,2015-10,50
93013,Carpinteria,Santa Barbara County,2017-01,52
93013,Carpinteria,Santa Barbara County,2017-03,48
93013,Carpinteria,Santa Barbara County,2018-04,61
93013,Carpinteria,Santa Barbara County,2019-06,46
93013,Carpinteria,Santa Barbara County,2019-08,48
93013,Carpinteria,Santa Barbara County,2019-09,44
93013,Carpinteria,Santa Barbara County,2020-04,58
93013,Carpinteria,Santa Barbara County,2021-09,75
93013,Carpinteria,Santa Barbara County,2022-02,72
93013,Carpinteria,Santa Barbara County,2022-09,63
93013,Carpinteria,Santa Barbara County,2022-11,65
93013,Carpinteria,Santa Barbara County,2023-10,69
93013,Carpinteria,Santa Barbara County,2024-05,67
93013,Carpinteria,Santa Barbara County,2024-09,60
93013,Carpinteria,Santa Barbara County,2025-01,58
93013,Carpinteria,Santa Barbara County,2025-07,61
93014,Carpinteria,,2013-03,39
93014,Carpinteria,,2014-05,61
93014,Carpinteria,,2014-07,47
93014,Carpinteria,,2015-05,77
93014,Carpinteria,,2017-12,44
93014,Carpinteria,,2018-07,44
93014,Carpinteria,,2019-09,61
93014,Carpinteria,,2019-12,32
93014,Carpinteria,,2020-01,32
93014,Carpinteria,,2020-09,52
93014,Carpinteria,,2021-06,72
93014,Carpinteria,,2021-10,67
93015,Fillmore,Ventura County,2013-03,77
93015,Fillmore,Ventura County,2014-05,65
93015,Fillmore,Ventura County,2015-08,63
93015,Fillmore,Ventura County,2016-03,58
93015,Fillmore,Ventura County,2016-06,63
93015,Fillmore,Ventura County,2017-06,65
93015,Fillmore,Ventura County,2017-08,69
93015,Fillmore,Ventura County,2017-09,70
93015,Fillmore,Ventura County,2017-10,65
93015,Fillmore,Ventura County,2018-07,70
93015,Fillmore,Ventura County,2019-08,52
93015,Fillmore,Ventura County,2022-09,67
93015,Fillmore,Ventura County,2022-10,63
93015,Fillmore,Ventura County,2022-11,53
93015,Fillmore,Ventura County,2024-04,74
93015,Fillmore,Ventura County,2024-07,67
93015,Fillmore,Ventura County,2025-10,44
93021,Moorpark,Ventura County,2013-04,74
93021,Moorpark,Ventura County,2014-11,50
93021,Moorpark,Ventura County,2016-04,58
93021,Moorpark,Ventura County,2016-12,55
93021,Moorpark,Ventura County,2017-03,54
93021,Moorpark,Ventura County,2018-07,61
93021,Moorpark,Ventura County,2019-12,49
93021,Moorpark,Ventura County,2021-01,71
93021,Moorpark,Ventura County,2021-02,74
93021,Moorpark,Ventura County,2022-02,83
93021,Moorpark,Ventura County,2022-09,63
93021,Moorpark,Ventura County,2024-10,55
93022,Oak View,Ventura County,2012-04,63
93022,Oak View,Ventura County,2012-07,56
93022,Oak View,Ventura County,2012-11,55
93022,Oak View,Ventura County,2013-01,44
93022,Oak View,Ventura County,2015-10,47
93022,Oak View,Ventura County,2016-01,46
93022,Oak View,Ventura County,2016-08,51
93022,Oak View,Ventura County,2017-02,44
93022,Oak View,Ventura County,2017-05,52
93022,Oak View,Ventura County,2017-07,49
93022,Oak View,Ventura County,2017-09,60
93022,Oak View,Ventura County,2018-02,44
93022,Oak View,Ventura County,2020-02,41
93022,Oak View,Ventura County,2021-05,60
93022,Oak View,Ventura County,2021-12,72
93022,Oak View,Ventura County,2022-11,48
93022,Oak View,Ventura County,2022-12,48
93022,Oak View,Ventura County,2023-05,58
93022,Oak View,Ventura County,2023-08,67
93022,Oak View,Ventura County,2023-10,58
93022,Oak View,Ventura County,2024-12,49
93022,Oak View,Ventura County,2025-02,44
93023,Ojai,Ventura County,2012-06,55
93023,Ojai,Ventura County,2013-09,50
93023,Ojai,Ventura County,2014-03,47
93023,Ojai,Ventura County,2015-03,44
93023,Ojai,Ventura County,2015-04,44
93023,Ojai,Ventura County,2016-03,44
93023,Ojai,Ventura County,2017-04,44
93023,Ojai,Ventura County,2018-04,46
93023,Ojai,Ventura County,2018-06,44
93023,Ojai,Ventura County,2020-02,47
93023,Ojai,Ventura County,2020-12,53
93023,Ojai,Ventura County,2023-03,58
93023,Ojai,Ventura County,2023-11,52
93023,Ojai,Ventura County,2024-08,50
93023,Ojai,Ventura County,2025-08,44
93030,Oxnard,Ventura County,2012-06,63
93030,Oxnard,Ventura County,2012-10,77
93030,Oxnard,Ventura County,2012-11,77
93030,Oxnard,Ventura County,2013-07,83
93030,Oxnard,Ventura County,2014-01,74
93030,Oxnard,Ventura County,2014-08,63
93030,Oxnard,Ventura County,2015-05,67
93030,Oxnard,Ventura County,2015-08,71
93030,Oxnard,Ventura County,2016-04,67
93030,Oxnard,Ventura County,2016-07,75
93030,Oxnard,Ventura County,2016-09,67
93030,Oxnard,Ventura County,2017-03,58
93030,Oxnard,Ventura County,2020-10,63
93030,Oxnard,Ventura County,2020-12,74
93030,Oxnard,Ventura County,2021-09,83
93030,Oxnard,Ventura County,2021-10,79
93030,Oxnard,Ventura County,2022-06,80
93030,Oxnard,Ventura County,2023-09,79
93030,Oxnard,Ventura County,2024-02,65
93030,Oxnard,Ventura County,2024-03,72
93030,Oxnard,Ventura County,2024-12,60
93031,Oxnard,,2012-10,49
93031,Oxnard,,2015-10,70
93031,Oxnard,,2016-08,93
93031,Oxnard,,2017-12,74
93031,Oxnard,,2019-04,63
93031,Oxnard,,2020-04,22
93031,Oxnard,,2021-12,67
93031,Oxnard,,2022-01,67
93031,Oxnard,,2022-08,71
93031,Oxnard,,2024-07,74
93031,Oxnard,,2024-10,56
93033,Oxnard,Ventura County,2012-05,58
93033,Oxnard,Ventura County,2012-11,72
93033,Oxnard,Ventura County,2013-06,93
93033,Oxnard,Ventura County,2014-01,67
93033,Oxnard,Ventura County,2017-02,67
93033,Oxnard,Ventura County,2017-05,74
93033,Oxnard,Ventura County,2018-06,77
93033,Oxnard,Ventura County,2018-11,63
93033,Oxnard,Ventura County,2019-01,54
93033,Oxnard,Ventura County,2019-06,69
93033,Oxnard,Ventura County,2021-02,74
93033,Oxnard,Ventura County,2021-10,83
93033,Oxnard,Ventura County,2022-05,83
93033,Oxnard,Ventura County,2022-09,72
93033,Oxnard,Ventura County,2023-04,80
93033,Oxnard,Ventura County,2023-09,75
93033,Oxnard,Ventura County,2024-04,69
93033,Oxnard,Ventura County,2024-06,70
93033,Oxnard,Ventura County,2025-09,61
93033,Oxnard,Ventura County,2025-11,70
93033,Oxnard,Ventura County,2025-12,71
93035,Oxnard,Ventura County,2012-06,58
93035,Oxnard,Ventura County,2013-03,70
93035,Oxnard,Ventura County,2014-04,54
93035,Oxnard,Ventura County,2014-10,54
93035,Oxnard,Ventura County,2015-01,58
93035,Oxnard,Ventura County,2015-07,61
93035,Oxnard,Ventura County,2017-04,65
93035,Oxnard,Ventura County,2018-01,61
93035,Oxnard,Ventura County,2018-10,51
93035,Oxnard,Ventura County,2019-06,50
93035,Oxnard,Ventura County,2022-10,55
93035,Oxnard,Ventura County,2022-12,49
93035,Oxnard,Ventura County,2023-08,67
93035,Oxnard,Ventura County,2024-04,61
93036,Oxnard,Ventura County,2012-05,55
93036,Oxnard,Ventura County,2012-10,69
93036,Oxnard,Ventura County,2013-01,67
93036,Oxnard,Ventura County,2013-02,70
93036,Oxnard,Ventura County,2013-08,79
93036,Oxnard,Ventura County,2014-10,61
93036,Oxnard,Ventura County,2015-12,61
93036,Oxnard,Ventura County,2016-08,72
93036,Oxnard,Ventura County,2017-04,71
93036,Oxnard,Ventura County,2017-05,77
93036,Oxnard,Ventura County,2018-11,58
93036,Oxnard,Ventura County,2020-03,58
93036,Oxnard,Ventura County,2021-03,77
93036,Oxnard,Ventura County,2021-11,83
93036,Oxnard,Ventura County,2022-03,77
93036,Oxnard,Ventura County,2022-07,67
93036,Oxnard,Ventura County,2024-01,75
93036,Oxnard,Ventura County,2024-05,72
93036,Oxnard,Ventura County,2024-10,72
93040,Piru,Ventura County,2013-02,47
93040,Piru,Ventura County,2015-10,52
93040,Piru,Ventura County,2017-01,61
93040,Piru,Ventura County,2020-03,46
93040,Piru,Ventura County,2022-09,47
93040,Piru,Ventura County,2022-10,52
93040,Piru,Ventura County,2023-05,40
93041,Port Hueneme,Ventura County,2012-05,52
93041,Port Hueneme,Ventura County,2014-12,61
93041,Port Hueneme,Ventura County,2015-08,61
93041,Port Hueneme,Ventura County,2016-03,61
93041,Port Hueneme,Ventura County,2017-07,74
93041,Port Hueneme,Ventura County,2019-08,54
93041,Port Hueneme,Ventura County,2020-07,52
93041,Port Hueneme,Ventura County,2022-04,83
93041,Port Hueneme,Ventura County,2022-06,77
93041,Port Hueneme,Ventura County,2024-05,71
93041,Port Hueneme,Ventura County,2024-06,67
93041,Port Hueneme,Ventura County,2024-10,56
93041,Port Hueneme,Ventura County,2025-03,53
93044,Port Hueneme,,2015-09,52
93044,Port Hueneme,,2015-11,50
93044,Port Hueneme,,2016-02,49
93044,Port Hueneme,,2017-06,69
93044,Port Hueneme,,2021-09,74
93044,Port Hueneme,,2023-03,32
93060,Santa Paula,Ventura County,2012-05,53
93060,Santa Paula,Ventura County,2012-12,72
93060,Santa Paula,Ventura County,2016-02,44
93060,Santa Paula,Ventura County,2016-10,70
93060,Santa Paula,Ventura County,2017-02,54
93060,Santa Paula,Ventura County,2017-05,61
93060,Santa Paula,Ventura County,2018-12,52
93060,Santa Paula,Ventura County,2019-03,47
93060,Santa Paula,Ventura County,2019-07,55
93060,Santa Paula,Ventura County,2019-09,53
93060,Santa Paula,Ventura County,2020-05,58
93060,Santa Paula,Ventura County,2021-01,67
93060,Santa Paula,Ventura County,2022-07,67
93060,Santa Paula,Ventura County,2022-11,52
93060,Santa Paula,Ventura County,2023-06,77
93060,Santa Paula,Ventura County,2023-07,74
93060,Santa Paula,Ventura County,2023-09,63
93060,Santa Paula,Ventura County,2024-03,72
93060,Santa Paula,Ventura County,2025-06,52
93060,Santa Paula,Ventura County,2025-10,50
93060,Santa Paula,Ventura County,2025-11,49
93062,Simi Valley,,2015-04,40
93062,Simi Valley,,2016-03,67
93062,Simi Valley,,2016-05,52
93062,Simi Valley,,2020-11,87
93062,Simi Valley,,2021-10,74
93062,Simi Valley,,2022-01,83
93062,Simi Valley,,2023-08,75
93063,Simi Valley,Ventura County,2012-04,47
93063,Simi Valley,Ventura County,2012-06,51
93063,Simi Valley,Ventura County,2012-11,58
93063,Simi Valley,Ventura County,2012-12,60
93063,Simi Valley,Ventura County,2014-03,60
93063,Simi Valley,Ventura County,2015-01,53
93063,Simi Valley,Ventura County,2015-02,53
93063,Simi Valley,Ventura County,2015-08,63
93063,Simi Valley,Ventura County,2016-10,58
93063,Simi Valley,Ventura County,2017-04,65
93063,Simi Valley,Ventura County,2018-08,63
93063,Simi Valley,Ventura County,2019-09,58
93063,Simi Valley,Ventura County,2019-10,56
93063,Simi Valley,Ventura County,2020-07,67
93063,Simi Valley,Ventura County,2020-10,71
93063,Simi Valley,Ventura County,2022-10,61
93063,Simi Valley,Ventura County,2023-01,58
93063,Simi Valley,Ventura County,2023-03,71
93063,Simi Valley,Ventura County,2023-05,79
93063,Simi Valley,Ventura County,2023-11,74
93063,Simi Valley,Ventura County,2024-03,67
93065,Simi Valley,Ventura County,2012-10,58
93065,Simi Valley,Ventura County,2013-01,65
93065,Simi Valley,Ventura County,2013-05,70
93065,Simi Valley,Ventura County,2014-11,53
93065,Simi Valley,Ventura County,2016-08,58
93065,Simi Valley,Ventura County,2017-01,55
93065,Simi Valley,Ventura County,2017-08,63
93065,Simi Valley,Ventura County,2017-10,58
93065,Simi Valley,Ventura County,2018-08,60
93065,Simi Valley,Ventura County,2019-02,50
93065,Simi Valley,Ventura County,2020-07,61
93065,Simi Valley,Ventura County,2022-04,89
93065,Simi Valley,Ventura County,2023-05,77
93065,Simi Valley,Ventura County,2024-10,67
93065,Simi Valley,Ventura County,2024-12,63
93065,Simi Valley,Ventura County,2025-07,58
93066,Somis,Ventura County,2015-05,40
93066,Somis,Ventura County,2015-11,51
93066,Somis,Ventura County,2017-06,55
93066,Somis,Ventura County,2017-12,49
93066,Somis,Ventura County,2018-03,37
93066,Somis,Ventura County,2018-09,44
93066,Somis,Ventura County,2019-02,44
93066,Somis,Ventura County,2019-10,35
93066,Somis,Ventura County,2020-02,29
93066,Somis,Ventura County,2020-04,35
93066,Somis,Ventura County,2020-05,46
93066,Somis,Ventura County,2020-06,48
93066,Somis,Ventura County,2020-12,44
93066,Somis,Ventura County,2021-02,47
93066,Somis,Ventura County,2021-12,44
93066,Somis,Ventura County,2022-02,48
93066,Somis,Ventura County,2022-11,44
93066,Somis,Ventura County,2023-01,38
93066,Somis,Ventura County,2023-07,63
93066,Somis,Ventura County,2023-11,51
93066,Somis,Ventura County,2024-04,72
93066,Somis,Ventura County,2024-09,44
93066,Somis,Ventura County,2025-04,50
93066,Somis,Ventura County,2025-06,40
93066,Somis,Ventura County,2025-08,52
93066,Somis,Ventura County,2025-09,44
93067,Summerland,Santa Barbara County,2014-09,29
93067,Summerland,Santa Barbara County,2018-10,39
93067,Summerland,Santa Barbara County,2019-08,29
93067,Summerland,Santa Barbara County,2019-09,29
93067,Summerland,Santa Barbara County,2021-10,65
93067,Summerland,Santa Barbara County,2022-07,58
93067,Summerland,Santa Barbara County,2022-09,56
93101,Santa Barbara,Santa Barbara County,2013-04,51
93101,Santa Barbara,Santa Barbara County,2013-07,50
93101,Santa Barbara,Santa Barbara County,2013-10,53
93101,Santa Barbara,Santa Barbara County,2014-03,65
93101,Santa Barbara,Santa Barbara County,2014-06,55
93101,Santa Barbara,Santa Barbara County,2015-01,47
93101,Santa Barbara,Santa Barbara County,2017-05,58
93101,Santa Barbara,Santa Barbara County,2018-10,49
93101,Santa Barbara,Santa Barbara County,2019-06,55
93101,Santa Barbara,Santa Barbara County,2019-10,55
93101,Santa Barbara,Santa Barbara County,2020-06,63
93101,Santa Barbara,Santa Barbara County,2022-03,83
93101,Santa Barbara,Santa Barbara County,2025-02,49
93103,Santa Barbara,Santa Barbara County,2012-12,44
93103,Santa Barbara,Santa Barbara County,2013-06,47
93103,Santa Barbara,Santa Barbara County,2015-02,50
93103,Santa Barbara,Santa Barbara County,2016-02,44
93103,Santa Barbara,Santa Barbara County,2017-08,49
93103,Santa Barbara,Santa Barbara County,2018-04,63
93103,Santa Barbara,Santa Barbara County,2018-07,58
93103,Santa Barbara,Santa Barbara County,2019-01,46
93103,Santa Barbara,Santa Barbara County,2019-04,49
93103,Santa Barbara,Santa Barbara County,2019-07,49
93103,Santa Barbara,Santa Barbara County,2020-02,60
93103,Santa Barbara,Santa Barbara County,2020-09,52
93103,Santa Barbara,Santa Barbara County,2022-02,80
93103,Santa Barbara,Santa Barbara County,2022-03,80
93103,Santa Barbara,Santa Barbara County,2023-11,67
93103,Santa Barbara,Santa Barbara County,2024-01,63
93103,Santa Barbara,Santa Barbara County,2024-05,74
93103,Santa Barbara,Santa Barbara County,2024-07,77
93103,Santa Barbara,Santa Barbara County,2024-12,58
93105,Santa Barbara,Santa Barbara County,2012-11,44
93105,Santa Barbara,Santa Barbara County,2013-02,44
93105,Santa Barbara,Santa Barbara County,2014-07,65
93105,Santa Barbara,Santa Barbara County,2016-01,44
93105,Santa Barbara,Santa Barbara County,2016-07,61
93105,Santa Barbara,Santa Barbara County,2017-01,44
93105,Santa Barbara,Santa Barbara County,2017-05,55
93105,Santa Barbara,Santa Barbara County,2018-04,61
93105,Santa Barbara,Santa Barbara County,2018-07,55
93105,Santa Barbara,Santa Barbara County,2018-12,52
93105,Santa Barbara,Santa Barbara County,2019-03,65
93105,Santa Barbara,Santa Barbara County,2019-08,61
93105,Santa Barbara,Santa Barbara County,2019-11,52
93105,Santa Barbara,Santa Barbara County,2020-01,47
93105,Santa Barbara,Santa Barbara County,2020-02,47
93105,Santa Barbara,Santa Barbara County,2021-10,80
93105,Santa Barbara,Santa Barbara County,2022-07,80
93105,Santa Barbara,Santa Barbara County,2023-03,67
93105,Santa Barbara,Santa Barbara County,2023-06,77
93105,Santa Barbara,Santa Barbara County,2025-11,55
93108,Santa Barbara,Santa Barbara County,2013-03,39
93108,Santa Barbara,Santa Barbara County,2014-01,41
93108,Santa Barbara,Santa Barbara County,2014-03,44
93108,Santa Barbara,Santa Barbara County,2014-04,44
93108,Santa Barbara,Santa Barbara County,2016-06,41
93108,Santa Barbara,Santa Barbara County,2016-12,41
93108,Santa Barbara,Santa Barbara County,2017-05,44
93108,Santa Barbara,Santa Barbara County,2019-10,38
93108,Santa Barbara,Santa Barbara County,2020-07,44
93108,Santa Barbara,Santa Barbara County,2020-09,48
93108,Santa Barbara,Santa Barbara County,2021-05,63
93108,Santa Barbara,Santa Barbara County,2022-06,77
93108,Santa Barbara,Santa Barbara County,2022-12,49
93108,Santa Barbara,Santa Barbara County,2023-07,65
93108,Santa Barbara,Santa Barbara County,2023-08,55
93108,Santa Barbara,Santa Barbara County,2023-11,51
93108,Santa Barbara,Santa Barbara County,2024-10,53
93108,Santa Barbara,Santa Barbara County,2025-02,40
93108,Santa Barbara,Santa Barbara County,2025-11,41
93109,Santa Barbara,Santa Barbara County,2012-05,40
93109,Santa Barbara,Santa Barbara County,2012-08,38
93109,Santa Barbara,Santa Barbara County,2013-04,50
93109,Santa Barbara,Santa Barbara County,2013-05,52
93109,Santa Barbara,Santa Barbara County,2013-12,49
93109,Santa Barbara,Santa Barbara County,2015-05,63
93109,Santa Barbara,Santa Barbara County,2015-11,65
93109,Santa Barbara,Santa Barbara County,2016-05,61
93109,Santa Barbara,Santa Barbara County,2016-06,58
93109,Santa Barbara,Santa Barbara County,2017-06,58
93109,Santa Barbara,Santa Barbara County,2018-02,61
93109,Santa Barbara,Santa Barbara County,2018-09,60
93109,Santa Barbara,Santa Barbara County,2019-11,52
93109,Santa Barbara,Santa Barbara County,2020-06,58
93109,Santa Barbara,Santa Barbara County,2021-02,67
93109,Santa Barbara,Santa Barbara County,2022-06,83
93109,Santa Barbara,Santa Barbara County,2022-07,91
93109,Santa Barbara,Santa Barbara County,2022-11,63
93109,Santa Barbara,Santa Barbara County,2023-02,55
93109,Santa Barbara,Santa Barbara County,2023-07,72
93109,Santa Barbara,Santa Barbara County,2023-11,67
93109,Santa Barbara,Santa Barbara County,2025-06,61
93110,Santa Barbara,Santa Barbara County,2013-02,44
93110,Santa Barbara,Santa Barbara County,2014-02,50
93110,Santa Barbara,Santa Barbara County,2015-05,56
93110,Santa Barbara,Santa Barbara County,2015-09,58
93110,Santa Barbara,Santa Barbara County,2016-06,56
93110,Santa Barbara,Santa Barbara County,2018-02,49
93110,Santa Barbara,Santa Barbara County,2018-11,55
93110,Santa Barbara,Santa Barbara County,2019-07,58
93110,Santa Barbara,Santa Barbara County,2021-06,75
93110,Santa Barbara,Santa Barbara County,2022-09,69
93110,Santa Barbara,Santa Barbara County,2022-12,67
93110,Santa Barbara,Santa Barbara County,2024-08,69
93110,Santa Barbara,Santa Barbara County,2025-02,58
93110,Santa Barbara,Santa Barbara County,2025-05,63
93111,Santa Barbara,Santa Barbara County,2012-09,40
93111,Santa Barbara,Santa Barbara County,2013-04,52
93111,Santa Barbara,Santa Barbara County,2013-07,55
93111,Santa Barbara,Santa Barbara County,2013-08,56
93111,Santa Barbara,Santa Barbara County,2014-08,65
93111,Santa Barbara,Santa Barbara County,2014-10,63
93111,Santa Barbara,Santa Barbara County,2014-12,51
93111,Santa Barbara,Santa Barbara County,2015-06,60
93111,Santa Barbara,Santa Barbara County,2016-03,54
93111,Santa Barbara,Santa Barbara County,2016-06,58
93111,Santa Barbara,Santa Barbara County,2017-01,53
93111,Santa Barbara,Santa Barbara County,2017-05,61
93111,Santa Barbara,Santa Barbara County,2017-11,60
93111,Santa Barbara,Santa Barbara County,2019-09,55
93111,Santa Barbara,Santa Barbara County,2020-05,60
93111,Santa Barbara,Santa Barbara County,2020-11,71
93111,Santa Barbara,Santa Barbara County,2023-08,75
93111,Santa Barbara,Santa Barbara County,2024-09,63
93111,Santa Barbara,Santa Barbara County,2025-03,65
93111,Santa Barbara,Santa Barbara County,2025-11,58
93117,Goleta,Santa Barbara County,2015-09,65
93117,Goleta,Santa Barbara County,2015-12,61
93117,Goleta,Santa Barbara County,2017-09,58
93117,Goleta,Santa Barbara County,2018-08,65
93117,Goleta,Santa Barbara County,2018-09,63
93117,Goleta,Santa Barbara County,2019-03,54
93117,Goleta,Santa Barbara County,2021-07,83
93117,Goleta,Santa Barbara County,2022-02,79
93117,Goleta,Santa Barbara County,2023-11,65
93117,Goleta,Santa Barbara County,2024-05,77
93117,Goleta,Santa Barbara County,2025-02,67
93130,Santa Barbara,,2012-11,47
93130,Santa Barbara,,2014-01,44
93130,Santa Barbara,,2014-10,50
93130,Santa Barbara,,2015-05,37
93130,Santa Barbara,,2016-09,41
93130,Santa Barbara,,2017-07,44
93130,Santa Barbara,,2018-03,38
93130,Santa Barbara,,2020-01,34
93130,Santa Barbara,,2020-02,29
93130,Santa Barbara,,2020-12,44
93130,Santa Barbara,,2021-10,60
93130,Santa Barbara,,2021-12,74
93130,Santa Barbara,,2022-07,80
93130,Santa Barbara,,2022-08,83
93130,Santa Barbara,,2023-08,77
93130,Santa Barbara,,2024-07,93
93130,Santa Barbara,,2025-03,71
93130,Santa Barbara,,2025-05,98
93130,Santa Barbara,,2025-06,98
93150,Santa Barbara,,2014-09,38
93150,Santa Barbara,,2015-07,46
93150,Santa Barbara,,2018-08,22
93150,Santa Barbara,,2020-02,40
93150,Santa Barbara,,2020-03,40
93150,Santa Barbara,,2023-01,29
93150,Santa Barbara,,2023-06,58
93150,Santa Barbara,,2025-10,46
93150,Santa Barbara,,2025-11,40
93160,Santa Barbara,,2013-01,29
93160,Santa Barbara,,2023-01,41
93252,Maricopa,Kern County,2012-03,40
93252,Maricopa,Kern County,2014-03,72
93252,Maricopa,Kern County,2015-02,33
93252,Maricopa,Kern County,2015-06,35
93252,Maricopa,Kern County,2016-05,53
93252,Maricopa,Kern County,2017-02,22
93252,Maricopa,Kern County,2017-07,70
93252,Maricopa,Kern County,2018-12,58
93252,Maricopa,Kern County,2022-07,55
93252,Maricopa,Kern County,2024-04,54
93252,Maricopa,Kern County,2024-12,35
93252,Maricopa,Kern County,2025-02,40
93252,Maricopa,Kern County,2025-10,65
93427,Buellton,Santa Barbara County,2013-01,44
93427,Buellton,Santa Barbara County,2013-04,39
93427,Buellton,Santa Barbara County,2014-06,49
93427,Buellton,Santa Barbara County,2015-05,44
93427,Buellton,Santa Barbara County,2015-07,44
93427,Buellton,Santa Barbara County,2016-01,34
93427,Buellton,Santa Barbara County,2017-12,40
93427,Buellton,Santa Barbara County,2018-03,33
93427,Buellton,Santa Barbara County,2018-05,47
93427,Buellton,Santa Barbara County,2018-12,52
93427,Buellton,Santa Barbara County,2019-08,52
93427,Buellton,Santa Barbara County,2019-09,54
93427,Buellton,Santa Barbara County,2019-10,50
93427,Buellton,Santa Barbara County,2020-09,55
93427,Buellton,Santa Barbara County,2021-05,65
93427,Buellton,Santa Barbara County,2021-08,74
93427,Buellton,Santa Barbara County,2021-10,75
93427,Buellton,Santa Barbara County,2021-12,61
93427,Buellton,Santa Barbara County,2023-12,58
93427,Buellton,Santa Barbara County,2024-01,52
93427,Buellton,Santa Barbara County,2024-02,48
93427,Buellton,Santa Barbara County,2024-05,67
93427,Buellton,Santa Barbara County,2025-02,44
93427,Buellton,Santa Barbara County,2025-03,44
93427,Buellton,Santa Barbara County,2025-05,60
93429,Casmalia,Santa Barbara County,2013-02,44
93429,Casmalia,Santa Barbara County,2015-06,50
93429,Casmalia,Santa Barbara County,2017-10,65
93429,Casmalia,Santa Barbara County,2021-09,29
93429,Casmalia,Santa Barbara County,2022-04,48
93434,Guadalupe,Santa Barbara County,2012-04,35
93434,Guadalupe,Santa Barbara County,2012-12,29
93434,Guadalupe,Santa Barbara County,2013-06,55
93434,Guadalupe,Santa Barbara County,2015-10,44
93434,Guadalupe,Santa Barbara County,2016-07,35
93434,Guadalupe,Santa Barbara County,2018-03,48
93434,Guadalupe,Santa Barbara County,2018-05,55
93434,Guadalupe,Santa Barbara County,2018-10,63
93434,Guadalupe,Santa Barbara County,2018-12,63
93434,Guadalupe,Santa Barbara County,2019-08,61
93434,Guadalupe,Santa Barbara County,2022-11,51
93434,Guadalupe,Santa Barbara County,2023-04,77
93434,Guadalupe,Santa Barbara County,2023-07,77
93434,Guadalupe,Santa Barbara County,2024-04,61
93434,Guadalupe,Santa Barbara County,2024-06,60
93434,Guadalupe,Santa Barbara County,2024-08,65
93434,Guadalupe,Santa Barbara County,2025-01,50
93434,Guadalupe,Santa Barbara County,2025-04,67
93434,Guadalupe,Santa Barbara County,2025-08,58
93436,Lompoc,Santa Barbara County,2012-07,39
93436,Lompoc,Santa Barbara County,2014-03,44
93436,Lompoc,Santa Barbara County,2014-07,44
93436,Lompoc,Santa Barbara County,2015-04,44
93436,Lompoc,Santa Barbara County,2016-09,48
93436,Lompoc,Santa Barbara County,2017-02,47
93436,Lompoc,Santa Barbara County,2017-04,47
93436,Lompoc,Santa Barbara County,2017-10,65
93436,Lompoc,Santa Barbara County,2018-09,63
93436,Lompoc,Santa Barbara County,2018-12,52
93436,Lompoc,Santa Barbara County,2020-12,77
93436,Lompoc,Santa Barbara County,2021-07,79
93436,Lompoc,Santa Barbara County,2021-10,77
93436,Lompoc,Santa Barbara County,2022-02,77
93436,Lompoc,Santa Barbara County,2022-07,79
93436,Lompoc,Santa Barbara County,2022-08,74
93436,Lompoc,Santa Barbara County,2023-11,63
93436,Lompoc,Santa Barbara County,2024-05,65
93436,Lompoc,Santa Barbara County,2024-07,67
93436,Lompoc,Santa Barbara County,2025-01,58
93436,Lompoc,Santa Barbara County,2025-07,67
93440,Los Alamos,Santa Barbara County,2012-03,33
93440,Los Alamos,Santa Barbara County,2014-12,32
93440,Los Alamos,Santa Barbara County,2015-01,37
93440,Los Alamos,Santa Barbara County,2015-02,35
93440,Los Alamos,Santa Barbara County,2015-08,50
93440,Los Alamos,Santa Barbara County,2021-11,67
93440,Los Alamos,Santa Barbara County,2023-05,60
93441,Los Olivos,Santa Barbara County,2013-08,55
93441,Los Olivos,Santa Barbara County,2013-10,54
93441,Los Olivos,Santa Barbara County,2013-11,44
93441,Los Olivos,Santa Barbara County,2014-08,40
93441,Los Olivos,Santa Barbara County,2015-03,44
93441,Los Olivos,Santa Barbara County,2015-08,33
93441,Los Olivos,Santa Barbara County,2017-07,44
93441,Los Olivos,Santa Barbara County,2017-12,44
93441,Los Olivos,Santa Barbara County,2018-02,51
93441,Los Olivos,Santa Barbara County,2019-02,33
93441,Los Olivos,Santa Barbara County,2019-11,37
93441,Los Olivos,Santa Barbara County,2020-12,44
93441,Los Olivos,Santa Barbara County,2021-07,56
93441,Los Olivos,Santa Barbara County,2024-08,46
93441,Los Olivos,Santa Barbara County,2024-10,48
93441,Los Olivos,Santa Barbara County,2024-11,55
93441,Los Olivos,Santa Barbara County,2025-05,47
93441,Los Olivos,Santa Barbara County,2025-08,33
93454,Santa Maria,Santa Barbara County,2012-05,40
93454,Santa Maria,Santa Barbara County,2012-08,40
93454,Santa Maria,Santa Barbara County,2013-05,48
93454,Santa Maria,Santa Barbara County,2014-02,44
93454,Santa Maria,Santa Barbara County,2014-07,48
93454,Santa Maria,Santa Barbara County,2017-07,60
93454,Santa Maria,Santa Barbara County,2018-03,60
93454,Santa Maria,Santa Barbara County,2020-04,74
93454,Santa Maria,Santa Barbara County,2020-09,71
93454,Santa Maria,Santa Barbara County,2020-11,80
93454,Santa Maria,Santa Barbara County,2021-07,87
93454,Santa Maria,Santa Barbara County,2023-07,83
93454,Santa Maria,Santa Barbara County,2024-01,74
93454,Santa Maria,Santa Barbara County,2024-05,77
93454,Santa Maria,Santa Barbara County,2024-09,71
93455,Santa Maria,Santa Barbara County,2012-07,40
93455,Santa Maria,Santa Barbara County,2013-02,44
93455,Santa Maria,Santa Barbara County,2013-03,47
93455,Santa Maria,Santa Barbara County,2013-06,48
93455,Santa Maria,Santa Barbara County,2013-09,47
93455,Santa Maria,Santa Barbara County,2014-03,47
93455,Santa Maria,Santa Barbara County,2016-01,38
93455,Santa Maria,Santa Barbara County,2016-03,40
93455,Santa Maria,Santa Barbara County,2016-12,44
93455,Santa Maria,Santa Barbara County,2017-04,47
93455,Santa Maria,Santa Barbara County,2017-09,65
93455,Santa Maria,Santa Barbara County,2018-03,61
93455,Santa Maria,Santa Barbara County,2018-09,58
93455,Santa Maria,Santa Barbara County,2019-01,56
93455,Santa Maria,Santa Barbara County,2019-07,67
93455,Santa Maria,Santa Barbara County,2020-07,72
93455,Santa Maria,Santa Barbara County,2022-03,91
93455,Santa Maria,Santa Barbara County,2022-04,95
93455,Santa Maria,Santa Barbara County,2022-05,93
93455,Santa Maria,Santa Barbara County,2023-03,72
93455,Santa Maria,Santa Barbara County,2023-05,80
93455,Santa Maria,Santa Barbara County,2024-02,69
93455,Santa Maria,Santa Barbara County,2025-02,63
93455,Santa Maria,Santa Barbara County,2025-04,74
93455,Santa Maria,Santa Barbara County,2025-06,79
93455,Santa Maria,Santa Barbara County,2025-07,79
93455,Santa Maria,Santa Barbara County,2025-10,67
93458,Santa Maria,Santa Barbara County,2012-10,44
93458,Santa Maria,Santa Barbara County,2013-01,44
93458,Santa Maria,Santa Barbara County,2013-06,49
93458,Santa Maria,Santa Barbara County,2013-07,47
93458,Santa Maria,Santa Barbara County,2014-08,46
93458,Santa Maria,Santa Barbara County,2015-09,44
93458,Santa Maria,Santa Barbara County,2015-12,44
93458,Santa Maria,Santa Barbara County,2016-02,37
93458,Santa Maria,Santa Barbara County,2016-04,41
93458,Santa Maria,Santa Barbara County,2016-07,44
93458,Santa Maria,Santa Barbara County,2017-01,44
93458,Santa Maria,Santa Barbara County,2017-12,63
93458,Santa Maria,Santa Barbara County,2018-10,56
93458,Santa Maria,Santa Barbara County,2020-12,83
93458,Santa Maria,Santa Barbara County,2022-04,87
93458,Santa Maria,Santa Barbara County,2023-03,72
93458,Santa Maria,Santa Barbara County,2023-08,83
93458,Santa Maria,Santa Barbara County,2024-04,69
93458,Santa Maria,Santa Barbara County,2024-06,83
93458,Santa Maria,Santa Barbara County,2025-01,67
93458,Santa Maria,Santa Barbara County,2025-03,61
93458,Santa Maria,Santa Barbara County,2025-05,72
93460,Santa Ynez,Santa Barbara County,2012-10,22
93460,Santa Ynez,Santa Barbara County,2016-02,29
93460,Santa Ynez,Santa Barbara County,2016-09,34
93460,Santa Ynez,Santa Barbara County,2016-12,34
93460,Santa Ynez,Santa Barbara County,2018-01,41
93460,Santa Ynez,Santa Barbara County,2018-07,35
93460,Santa Ynez,Santa Barbara County,2019-10,40
93460,Santa Ynez,Santa Barbara County,2020-03,35
93460,Santa Ynez,Santa Barbara County,2020-06,33
93460,Santa Ynez,Santa Barbara County,2021-06,56
93460,Santa Ynez,Santa Barbara County,2021-09,70
93460,Santa Ynez,Santa Barbara County,2022-05,63
93460,Santa Ynez,Santa Barbara County,2023-01,55
93460,Santa Ynez,Santa Barbara County,2023-02,63
93460,Santa Ynez,Santa Barbara County,2023-06,50
93460,Santa Ynez,Santa Barbara County,2024-10,49
93460,Santa Ynez,Santa Barbara County,2024-12,38
93460,Santa Ynez,Santa Barbara County,2025-04,40
93460,Santa Ynez,Santa Barbara County,2025-12,44
93463,Solvang,Santa Barbara County,2013-09,34
93463,Solvang,Santa Barbara County,2015-06,29
93463,Solvang,Santa Barbara County,2015-12,29
93463,Solvang,Santa Barbara County,2016-09,33
93463,Solvang,Santa Barbara County,2017-03,37
93463,Solvang,Santa Barbara County,2018-05,40
93463,Solvang,Santa Barbara County,2020-01,38
93463,Solvang,Santa Barbara County,2020-10,52
93463,Solvang,Santa Barbara County,2022-07,61
93463,Solvang,Santa Barbara County,2022-08,55
93463,Solvang,Santa Barbara County,2023-05,63
93463,Solvang,Santa Barbara County,2024-06,51
93463,Solvang,Santa Barbara County,2025-12,52
93510,Acton,Los Angeles County,2012-04,39
93510,Acton,Los Angeles County,2012-07,44
93510,Acton,Los Angeles County,2013-08,50
93510,Acton,Los Angeles County,2014-11,46
93510,Acton,Los Angeles County,2015-11,47
93510,Acton,Los Angeles County,2015-12,48
93510,Acton,Los Angeles County,2016-05,48
93510,Acton,Los Angeles County,2016-06,48
93510,Acton,Los Angeles County,2016-09,47
93510,Acton,Los Angeles County,2017-04,44
93510,Acton,Los Angeles County,2017-06,53
93510,Acton,Los Angeles County,2017-12,47
93510,Acton,Los Angeles County,2018-01,39
93510,Acton,Los Angeles County,2018-04,44
93510,Acton,Los Angeles County,2018-07,50
93510,Acton,Los Angeles County,2018-09,49
93510,Acton,Los Angeles County,2019-01,39
93510,Acton,Los Angeles County,2019-09,46
93510,Acton,Los Angeles County,2020-04,46
93510,Acton,Los Angeles County,2020-12,65
93510,Acton,Los Angeles County,2021-12,58
93510,Acton,Los Angeles County,2023-02,47
93510,Acton,Los Angeles County,2023-03,51
93510,Acton,Los Angeles County,2023-09,61
93510,Acton,Los Angeles County,2023-11,51
93510,Acton,Los Angeles County,2024-02,47
93510,Acton,Los Angeles County,2024-12,58
93516,Boron,Kern County,2012-10,55
93516,Boron,Kern County,2013-01,39
93516,Boron,Kern County,2015-03,22
93516,Boron,Kern County,2016-06,48
93516,Boron,Kern County,2017-06,41
93516,Boron,Kern County,2017-11,50
93516,Boron,Kern County,2018-10,58
93516,Boron,Kern County,2018-11,47
93516,Boron,Kern County,2020-10,56
93516,Boron,Kern County,2022-02,54
93516,Boron,Kern County,2023-07,71
93516,Boron,Kern County,2024-05,60
93516,Boron,Kern County,2024-11,53
93516,Boron,Kern County,2025-04,47
93528,Johannesburg,Kern County,2020-11,29
93528,Johannesburg,Kern County,2021-11,32
93528,Johannesburg,Kern County,2022-05,29
93528,Johannesburg,Kern County,2022-06,29
93532,Lake Hughes,Los Angeles County,2012-05,52
93532,Lake Hughes,Los Angeles County,2013-02,40
93532,Lake Hughes,Los Angeles County,2013-10,38
93532,Lake Hughes,Los Angeles County,2015-06,44
93532,Lake Hughes,Los Angeles County,2015-08,40
93532,Lake Hughes,Los Angeles County,2017-12,44
93532,Lake Hughes,Los Angeles County,2020-07,65
93532,Lake Hughes,Los Angeles County,2024-10,50
93532,Lake Hughes,Los Angeles County,2025-06,48
93534,Lancaster,Los Angeles County,2012-11,44
93534,Lancaster,Los Angeles County,2013-07,44
93534,Lancaster,Los Angeles County,2013-09,50
93534,Lancaster,Los Angeles County,2014-05,44
93534,Lancaster,Los Angeles County,2014-06,44
93534,Lancaster,Los Angeles County,2015-07,48
93534,Lancaster,Los Angeles County,2016-02,55
93534,Lancaster,Los Angeles County,2016-11,65
93534,Lancaster,Los Angeles County,2017-02,61
93534,Lancaster,Los Angeles County,2017-12,61
93534,Lancaster,Los Angeles County,2018-02,61
93534,Lancaster,Los Angeles County,2018-03,65
93534,Lancaster,Los Angeles County,2019-05,61
93534,Lancaster,Los Angeles County,2020-10,87
93534,Lancaster,Los Angeles County,2021-07,95
93534,Lancaster,Los Angeles County,2021-10,83
93534,Lancaster,Los Angeles County,2021-12,77
93534,Lancaster,Los Angeles County,2022-06,83
93534,Lancaster,Los Angeles County,2022-10,67
93534,Lancaster,Los Angeles County,2023-08,79
93534,Lancaster,Los Angeles County,2023-10,71
93534,Lancaster,Los Angeles County,2025-10,56
93535,Lancaster,Los Angeles County,2012-07,44
93535,Lancaster,Los Angeles County,2013-05,50
93535,Lancaster,Los Angeles County,2014-06,44
93535,Lancaster,Los Angeles County,2015-08,50
93535,Lancaster,Los Angeles County,2015-10,58
93535,Lancaster,Los Angeles County,2016-06,75
93535,Lancaster,Los Angeles County,2018-06,77
93535,Lancaster,Los Angeles County,2020-08,83
93535,Lancaster,Los Angeles County,2021-06,95
93535,Lancaster,Los Angeles County,2023-05,67
93535,Lancaster,Los Angeles County,2023-09,87
93535,Lancaster,Los Angeles County,2024-02,61
93535,Lancaster,Los Angeles County,2024-05,70
93536,Lancaster,Los Angeles County,2012-12,44
93536,Lancaster,Los Angeles County,2013-01,47
93536,Lancaster,Los Angeles County,2013-04,44
93536,Lancaster,Los Angeles County,2013-07,50
93536,Lancaster,Los Angeles County,2013-09,49
93536,Lancaster,Los Angeles County,2017-06,77
93536,Lancaster,Los Angeles County,2018-08,65
93536,Lancaster,Los Angeles County,2020-06,79
93536,Lancaster,Los Angeles County,2022-01,74
93536,Lancaster,Los Angeles County,2022-05,87
93536,Lancaster,Los Angeles County,2023-10,71
93536,Lancaster,Los Angeles County,2024-07,72
93543,Littlerock,Los Angeles County,2013-12,51
93543,Littlerock,Los Angeles County,2016-03,50
93543,Littlerock,Los Angeles County,2017-02,49
93543,Littlerock,Los Angeles County,2020-01,55
93543,Littlerock,Los Angeles County,2020-04,65
93543,Littlerock,Los Angeles County,2021-01,77
93543,Littlerock,Los Angeles County,2021-02,72
93543,Littlerock,Los Angeles County,2023-05,52
93543,Littlerock,Los Angeles County,2023-12,75
93543,Littlerock,Los Angeles County,2024-01,61
93543,Littlerock,Los Angeles County,2024-10,65
93543,Littlerock,Los Angeles County,2025-03,48
93544,Llano,Los Angeles County,2012-03,35
93544,Llano,Los Angeles County,2012-04,22
93544,Llano,Los Angeles County,2013-01,44
93544,Llano,Los Angeles County,2013-06,35
93544,Llano,Los Angeles County,2013-09,33
93544,Llano,Los Angeles County,2014-11,35
93544,Llano,Los Angeles County,2017-06,47
93544,Llano,Los Angeles County,2017-12,49
93544,Llano,Los Angeles County,2019-03,29
93544,Llano,Los Angeles County,2019-06,50
93544,Llano,Los Angeles County,2021-04,65
93544,Llano,Los Angeles County,2021-08,58
93544,Llano,Los Angeles County,2021-10,74
93544,Llano,Los Angeles County,2023-05,44
93544,Llano,Los Angeles County,2025-08,44
93544,Llano,Los Angeles County,2025-09,60
93550,Palmdale,Los Angeles County,2012-07,44
93550,Palmdale,Los Angeles County,2013-02,48
93550,Palmdale,Los Angeles County,2013-10,54
93550,Palmdale,Los Angeles County,2014-02,47
93550,Palmdale,Los Angeles County,2014-04,47
93550,Palmdale,Los Angeles County,2015-03,44
93550,Palmdale,Los Angeles County,2016-07,74
93550,Palmdale,Los Angeles County,2016-11,67
93550,Palmdale,Los Angeles County,2017-01,65
93550,Palmdale,Los Angeles County,2017-09,75
93550,Palmdale,Los Angeles County,2018-08,69
93550,Palmdale,Los Angeles County,2018-12,61
93550,Palmdale,Los Angeles County,2019-02,55
93550,Palmdale,Los Angeles County,2020-03,65
93550,Palmdale,Los Angeles County,2020-09,83
93550,Palmdale,Los Angeles County,2022-06,91
93550,Palmdale,Los Angeles County,2023-07,83
93550,Palmdale,Los Angeles County,2024-01,67
93550,Palmdale,Los Angeles County,2025-07,61
93550,Palmdale,Los Angeles County,2025-09,61
93551,Palmdale,Los Angeles County,2012-04,41
93551,Palmdale,Los Angeles County,2012-08,44
93551,Palmdale,Los Angeles County,2012-09,44
93551,Palmdale,Los Angeles County,2014-06,46
93551,Palmdale,Los Angeles County,2015-05,47
93551,Palmdale,Los Angeles County,2016-01,53
93551,Palmdale,Los Angeles County,2017-12,67
93551,Palmdale,Los Angeles County,2018-12,55
93551,Palmdale,Los Angeles County,2019-03,48
93551,Palmdale,Los Angeles County,2019-06,65
93551,Palmdale,Los Angeles County,2019-09,61
93551,Palmdale,Los Angeles County,2020-06,83
93551,Palmdale,Los Angeles County,2020-10,83
93551,Palmdale,Los Angeles County,2021-04,89
93551,Palmdale,Los Angeles County,2021-09,93
93551,Palmdale,Los Angeles County,2021-11,77
93551,Palmdale,Los Angeles County,2022-05,79
93551,Palmdale,Los Angeles County,2024-02,60
93551,Palmdale,Los Angeles County,2025-01,55
93551,Palmdale,Los Angeles County,2025-03,55
93552,Palmdale,Los Angeles County,2013-03,49
93552,Palmdale,Los Angeles County,2015-09,55
93552,Palmdale,Los Angeles County,2016-05,77
93552,Palmdale,Los Angeles County,2017-03,63
93552,Palmdale,Los Angeles County,2018-11,65
93552,Palmdale,Los Angeles County,2018-12,61
93552,Palmdale,Los Angeles County,2019-02,53
93552,Palmdale,Los Angeles County,2019-04,54
93552,Palmdale,Los Angeles County,2019-07,67
93552,Palmdale,Los Angeles County,2020-02,67
93552,Palmdale,Los Angeles County,2020-12,98
93552,Palmdale,Los Angeles County,2021-05,93
93552,Palmdale,Los Angeles County,2021-08,87
93552,Palmdale,Los Angeles County,2021-12,77
93552,Palmdale,Los Angeles County,2022-01,77
93552,Palmdale,Los Angeles County,2022-11,58
93552,Palmdale,Los Angeles County,2023-01,58
93552,Palmdale,Los Angeles County,2023-05,70
93552,Palmdale,Los Angeles County,2024-10,65
93552,Palmdale,Los Angeles County,2025-01,65
93552,Palmdale,Los Angeles County,2025-07,58
93553,Pearblossom,Los Angeles County,2013-05,48
93553,Pearblossom,Los Angeles County,2013-06,49
93553,Pearblossom,Los Angeles County,2015-02,38
93553,Pearblossom,Los Angeles County,2015-05,22
93553,Pearblossom,Los Angeles County,2015-08,50
93553,Pearblossom,Los Angeles County,2016-07,41
93553,Pearblossom,Los Angeles County,2016-12,29
93553,Pearblossom,Los Angeles County,2017-04,50
93553,Pearblossom,Los Angeles County,2018-03,44
93553,Pearblossom,Los Angeles County,2019-12,48
93553,Pearblossom,Los Angeles County,2020-01,46
93553,Pearblossom,Los Angeles County,2020-12,80
93553,Pearblossom,Los Angeles County,2021-08,61
93553,Pearblossom,Los Angeles County,2022-12,44
93553,Pearblossom,Los Angeles County,2024-11,52
93553,Pearblossom,Los Angeles County,2025-10,37
93562,Trona,San Bernardino County,2013-04,44
93562,Trona,San Bernardino County,2013-11,22
93562,Trona,San Bernardino County,2014-09,48
93562,Trona,San Bernardino County,2015-02,47
93562,Trona,San Bernardino County,2019-10,44
93562,Trona,San Bernardino County,2020-01,44
93562,Trona,San Bernardino County,2020-05,47
93562,Trona,San Bernardino County,2020-06,44
93562,Trona,San Bernardino County,2022-07,44
93562,Trona,San Bernardino County,2023-04,53
93562,Trona,San Bernardino County,2023-10,52
93562,Trona,San Bernardino County,2024-08,48
93562,Trona,San Bernardino County,2024-11,71
93562,Trona,San Bernardino County,2024-12,46
93562,Trona,San Bernardino County,2025-03,35
93563,Valyermo,Los Angeles County,2013-07,29
93563,Valyermo,Los Angeles County,2013-08,29
93563,Valyermo,Los Angeles County,2022-06,47
93563,Valyermo,Los Angeles County,2025-04,67
93591,Palmdale,Los Angeles County,2012-03,40
93591,Palmdale,Los Angeles County,2012-05,44
93591,Palmdale,Los Angeles County,2013-04,49
93591,Palmdale,Los Angeles County,2013-06,41
93591,Palmdale,Los Angeles County,2014-07,47
93591,Palmdale,Los Angeles County,2016-06,67
93591,Palmdale,Los Angeles County,2016-12,63
93591,Palmdale,Los Angeles County,2020-01,50
93591,Palmdale,Los Angeles County,2020-02,52
93591,Palmdale,Los Angeles County,2020-11,91
93591,Palmdale,Los Angeles County,2021-01,79
93591,Palmdale,Los Angeles County,2021-07,83
93591,Palmdale,Los Angeles County,2023-11,58
93591,Palmdale,Los Angeles County,2023-12,60
93591,Palmdale,Los Angeles County,2024-05,53
93591,Palmdale,Los Angeles County,2024-09,54
93591,Palmdale,Los Angeles County,2024-11,58
93591,Palmdale,Los Angeles County,2025-04,58
93591,Palmdale,Los Angeles County,2025-05,61
