Zip Code,City,County,PERIOD,MarketScore_hat
90001,Los Angeles,Los Angeles County,2012-09,65
90001,Los Angeles,Los Angeles County,2013-01,72
90001,Los Angeles,Los Angeles County,2013-08,74
90001,Los Angeles,Los Angeles County,2017-01,57
90001,Los Angeles,Los Angeles County,2019-02,67
90001,Los Angeles,Los Angeles County,2019-04,76
90001,Los Angeles,Los Angeles County,2020-08,77
90001,Los Angeles,Los Angeles County,2021-09,80
90001,Los Angeles,Los Angeles County,2022-05,77
90001,Los Angeles,Los Angeles County,2024-06,79
90001,Los Angeles,Los Angeles County,2024-08,75
90001,Los Angeles,Los Angeles County,2024-09,68
90001,Los Angeles,Los Angeles County,2025-06,61
90001,Los Angeles,Los Angeles County,2025-08,59
90001,Los Angeles,Los Angeles County,2025-10,58
90001,Los Angeles,Los Angeles County,2025-12,45
90002,Los Angeles,Los Angeles County,2012-04,62
90002,Los Angeles,Los Angeles County,2013-06,77
90002,Los Angeles,Los Angeles County,2013-08,76
90002,Los Angeles,Los Angeles County,2013-12,70
90002,Los Angeles,Los Angeles County,2015-10,67
90002,Los Angeles,Los Angeles County,2016-02,68
90002,Los Angeles,Los Angeles County,2016-09,78
90002,Los Angeles,Los Angeles County,2016-12,75
90002,Los Angeles,Los Angeles County,2017-08,75
90002,Los Angeles,Los Angeles County,2017-12,74
90002,Los Angeles,Los Angeles County,2018-03,71
90002,Los Angeles,Los Angeles County,2020-04,65
90002,Los Angeles,Los Angeles County,2020-08,71
90002,Los Angeles,Los Angeles County,2020-10,76
90002,Los Angeles,Los Angeles County,2021-08,89
90002,Los Angeles,Los Angeles County,2022-06,84
90002,Los Angeles,Los Angeles County,2022-07,83
90002,Los Angeles,Los Angeles County,2022-10,71
90002,Los Angeles,Los Angeles County,2023-01,57
90002,Los Angeles,Los Angeles County,2024-02,72
90002,Los Angeles,Los Angeles County,2025-04,60
90002,Los Angeles,Los Angeles County,2025-06,61
90003,Los Angeles,Los Angeles County,2012-08,63
90003,Los Angeles,Los Angeles County,2012-12,73
90003,Los Angeles,Los Angeles County,2013-04,70
90003,Los Angeles,Los Angeles County,2013-10,71
90003,Los Angeles,Los Angeles County,2014-05,73
90003,Los Angeles,Los Angeles County,2014-06,69
90003,Los Angeles,Los Angeles County,2015-05,68
90003,Los Angeles,Los Angeles County,2015-06,68
90003,Los Angeles,Los Angeles County,2015-07,69
90003,Los Angeles,Los Angeles County,2015-10,60
90003,Los Angeles,Los Angeles County,2016-06,66
90003,Los Angeles,Los Angeles County,2018-06,66
90003,Los Angeles,Los Angeles County,2018-07,71
90003,Los Angeles,Los Angeles County,2018-10,65
90003,Los Angeles,Los Angeles County,2018-12,64
90003,Los Angeles,Los Angeles County,2020-05,66
90003,Los Angeles,Los Angeles County,2020-12,67
90003,Los Angeles,Los Angeles County,2021-03,64
90003,Los Angeles,Los Angeles County,2022-08,69
90003,Los Angeles,Los Angeles County,2023-05,71
90003,Los Angeles,Los Angeles County,2023-09,76
90003,Los Angeles,Los Angeles County,2023-10,71
90003,Los Angeles,Los Angeles County,2024-07,68
90003,Los Angeles,Los Angeles County,2025-03,59
90003,Los Angeles,Los Angeles County,2025-06,66
90003,Los Angeles,Los Angeles County,2025-07,61
90004,Los Angeles,Los Angeles County,2012-07,77
90004,Los Angeles,Los Angeles County,2016-05,71
90004,Los Angeles,Los Angeles County,2017-02,63
90004,Los Angeles,Los Angeles County,2018-12,54
90004,Los Angeles,Los Angeles County,2019-02,57
90004,Los Angeles,Los Angeles County,2019-07,63
90004,Los Angeles,Los Angeles County,2020-01,52
90004,Los Angeles,Los Angeles County,2020-09,75
90004,Los Angeles,Los Angeles County,2020-11,64
90004,Los Angeles,Los Angeles County,2021-05,74
90004,Los Angeles,Los Angeles County,2022-04,77
90004,Los Angeles,Los Angeles County,2022-06,79
90004,Los Angeles,Los Angeles County,2022-10,63
90004,Los Angeles,Los Angeles County,2024-08,71
90004,Los Angeles,Los Angeles County,2024-11,65
90005,Los Angeles,Los Angeles County,2012-07,68
90005,Los Angeles,Los Angeles County,2012-10,73
90005,Los Angeles,Los Angeles County,2013-03,81
90005,Los Angeles,Los Angeles County,2013-06,64
90005,Los Angeles,Los Angeles County,2014-08,62
90005,Los Angeles,Los Angeles County,2014-11,57
90005,Los Angeles,Los Angeles County,2015-08,73
90005,Los Angeles,Los Angeles County,2015-12,60
90005,Los Angeles,Los Angeles County,2016-02,62
90005,Los Angeles,Los Angeles County,2017-05,57
90005,Los Angeles,Los Angeles County,2018-04,73
90005,Los Angeles,Los Angeles County,2019-03,65
90005,Los Angeles,Los Angeles County,2020-10,61
90005,Los Angeles,Los Angeles County,2021-04,51
90005,Los Angeles,Los Angeles County,2021-09,70
90005,Los Angeles,Los Angeles County,2021-11,59
90005,Los Angeles,Los Angeles County,2022-01,48
90005,Los Angeles,Los Angeles County,2024-04,63
90005,Los Angeles,Los Angeles County,2025-07,51
90006,Los Angeles,Los Angeles County,2012-03,64
90006,Los Angeles,Los Angeles County,2013-06,73
90006,Los Angeles,Los Angeles County,2013-10,58
90006,Los Angeles,Los Angeles County,2015-10,60
90006,Los Angeles,Los Angeles County,2016-03,66
90006,Los Angeles,Los Angeles County,2016-06,68
90006,Los Angeles,Los Angeles County,2017-05,75
90006,Los Angeles,Los Angeles County,2018-04,49
90006,Los Angeles,Los Angeles County,2018-07,67
90006,Los Angeles,Los Angeles County,2018-12,67
90006,Los Angeles,Los Angeles County,2019-02,57
90006,Los Angeles,Los Angeles County,2020-05,59
90006,Los Angeles,Los Angeles County,2021-04,48
90006,Los Angeles,Los Angeles County,2023-03,52
90006,Los Angeles,Los Angeles County,2024-10,46
90006,Los Angeles,Los Angeles County,2025-01,55
90007,Los Angeles,Los Angeles County,2013-04,74
90007,Los Angeles,Los Angeles County,2015-09,64
90007,Los Angeles,Los Angeles County,2015-12,68
90007,Los Angeles,Los Angeles County,2016-01,77
90007,Los Angeles,Los Angeles County,2017-02,69
90007,Los Angeles,Los Angeles County,2017-10,53
90007,Los Angeles,Los Angeles County,2017-12,47
90007,Los Angeles,Los Angeles County,2019-07,71
90007,Los Angeles,Los Angeles County,2020-01,72
90007,Los Angeles,Los Angeles County,2020-02,35
90007,Los Angeles,Los Angeles County,2020-08,61
90007,Los Angeles,Los Angeles County,2022-05,69
90007,Los Angeles,Los Angeles County,2022-06,75
90007,Los Angeles,Los Angeles County,2023-04,57
90007,Los Angeles,Los Angeles County,2025-01,44
90007,Los Angeles,Los Angeles County,2025-04,43
90008,Los Angeles,Los Angeles County,2012-12,73
90008,Los Angeles,Los Angeles County,2014-07,74
90008,Los Angeles,Los Angeles County,2015-04,72
90008,Los Angeles,Los Angeles County,2015-05,76
90008,Los Angeles,Los Angeles County,2016-08,81
90008,Los Angeles,Los Angeles County,2016-09,87
90008,Los Angeles,Los Angeles County,2016-12,79
90008,Los Angeles,Los Angeles County,2017-11,90
90008,Los Angeles,Los Angeles County,2019-03,63
90008,Los Angeles,Los Angeles County,2019-12,60
90008,Los Angeles,Los Angeles County,2021-10,78
90008,Los Angeles,Los Angeles County,2021-12,74
90008,Los Angeles,Los Angeles County,2023-04,59
90008,Los Angeles,Los Angeles County,2024-06,67
90008,Los Angeles,Los Angeles County,2024-10,67
90010,Los Angeles,Los Angeles County,2013-11,53
90010,Los Angeles,Los Angeles County,2013-12,51
90010,Los Angeles,Los Angeles County,2014-04,61
90010,Los Angeles,Los Angeles County,2015-02,55
90010,Los Angeles,Los Angeles County,2015-05,75
90010,Los Angeles,Los Angeles County,2015-07,78
90010,Los Angeles,Los Angeles County,2015-12,42
90010,Los Angeles,Los Angeles County,2016-07,72
90010,Los Angeles,Los Angeles County,2016-12,52
90010,Los Angeles,Los Angeles County,2017-03,45
90010,Los Angeles,Los Angeles County,2017-06,56
90010,Los Angeles,Los Angeles County,2018-11,70
90010,Los Angeles,Los Angeles County,2019-08,64
90010,Los Angeles,Los Angeles County,2020-11,50
90010,Los Angeles,Los Angeles County,2021-08,64
90010,Los Angeles,Los Angeles County,2021-12,63
90010,Los Angeles,Los Angeles County,2023-07,63
90010,Los Angeles,Los Angeles County,2023-12,48
90010,Los Angeles,Los Angeles County,2024-02,42
90010,Los Angeles,Los Angeles County,2024-03,48
90010,Los Angeles,Los Angeles County,2024-08,55
90010,Los Angeles,Los Angeles County,2024-09,51
90010,Los Angeles,Los Angeles County,2024-12,44
90010,Los Angeles,Los Angeles County,2025-06,40
90010,Los Angeles,Los Angeles County,2025-07,43
90011,Los Angeles,Los Angeles County,2012-06,74
90011,Los Angeles,Los Angeles County,2015-02,62
90011,Los Angeles,Los Angeles County,2015-10,67
90011,Los Angeles,Los Angeles County,2016-07,70
90011,Los Angeles,Los Angeles County,2016-11,71
90011,Los Angeles,Los Angeles County,2017-01,61
90011,Los Angeles,Los Angeles County,2019-11,68
90011,Los Angeles,Los Angeles County,2020-01,69
90011,Los Angeles,Los Angeles County,2020-02,73
90011,Los Angeles,Los Angeles County,2021-10,75
90011,Los Angeles,Los Angeles County,2024-07,60
90011,Los Angeles,Los Angeles County,2024-08,62
90012,Los Angeles,Los Angeles County,2013-01,57
90012,Los Angeles,Los Angeles County,2013-04,75
90012,Los Angeles,Los Angeles County,2013-05,74
90012,Los Angeles,Los Angeles County,2014-11,53
90012,Los Angeles,Los Angeles County,2016-01,51
90012,Los Angeles,Los Angeles County,2016-04,62
90012,Los Angeles,Los Angeles County,2016-08,56
90012,Los Angeles,Los Angeles County,2016-10,55
90012,Los Angeles,Los Angeles County,2017-02,51
90012,Los Angeles,Los Angeles County,2017-09,63
90012,Los Angeles,Los Angeles County,2017-11,52
90012,Los Angeles,Los Angeles County,2018-05,75
90012,Los Angeles,Los Angeles County,2018-09,64
90012,Los Angeles,Los Angeles County,2019-04,53
90012,Los Angeles,Los Angeles County,2019-07,58
90012,Los Angeles,Los Angeles County,2019-09,57
90012,Los Angeles,Los Angeles County,2019-10,58
90012,Los Angeles,Los Angeles County,2019-12,60
90012,Los Angeles,Los Angeles County,2020-02,39
90012,Los Angeles,Los Angeles County,2020-03,49
90012,Los Angeles,Los Angeles County,2020-11,49
90012,Los Angeles,Los Angeles County,2021-07,59
90012,Los Angeles,Los Angeles County,2022-04,63
90012,Los Angeles,Los Angeles County,2022-07,69
90012,Los Angeles,Los Angeles County,2023-05,34
90012,Los Angeles,Los Angeles County,2023-06,39
90012,Los Angeles,Los Angeles County,2024-04,25
90013,Los Angeles,Los Angeles County,2014-02,65
90013,Los Angeles,Los Angeles County,2015-08,85
90013,Los Angeles,Los Angeles County,2015-12,86
90013,Los Angeles,Los Angeles County,2017-08,72
90013,Los Angeles,Los Angeles County,2017-09,71
90013,Los Angeles,Los Angeles County,2018-09,65
90013,Los Angeles,Los Angeles County,2018-10,69
90013,Los Angeles,Los Angeles County,2019-01,41
90013,Los Angeles,Los Angeles County,2019-10,44
90013,Los Angeles,Los Angeles County,2020-03,58
90013,Los Angeles,Los Angeles County,2020-06,43
90013,Los Angeles,Los Angeles County,2022-02,49
90013,Los Angeles,Los Angeles County,2023-02,32
90014,Los Angeles,Los Angeles County,2012-03,80
90014,Los Angeles,Los Angeles County,2012-05,89
90014,Los Angeles,Los Angeles County,2012-11,91
90014,Los Angeles,Los Angeles County,2013-05,80
90014,Los Angeles,Los Angeles County,2014-02,60
90014,Los Angeles,Los Angeles County,2016-04,61
90014,Los Angeles,Los Angeles County,2016-06,64
90014,Los Angeles,Los Angeles County,2017-01,45
90014,Los Angeles,Los Angeles County,2017-04,64
90014,Los Angeles,Los Angeles County,2017-05,66
90014,Los Angeles,Los Angeles County,2017-08,49
90014,Los Angeles,Los Angeles County,2018-04,65
90014,Los Angeles,Los Angeles County,2019-02,42
90014,Los Angeles,Los Angeles County,2019-03,54
90014,Los Angeles,Los Angeles County,2020-05,60
90014,Los Angeles,Los Angeles County,2021-10,48
90014,Los Angeles,Los Angeles County,2022-05,70
90014,Los Angeles,Los Angeles County,2023-04,46
90014,Los Angeles,Los Angeles County,2023-12,7
90014,Los Angeles,Los Angeles County,2024-07,0
90014,Los Angeles,Los Angeles County,2025-09,26
90015,Los Angeles,Los Angeles County,2012-10,69
90015,Los Angeles,Los Angeles County,2015-02,48
90015,Los Angeles,Los Angeles County,2015-04,65
90015,Los Angeles,Los Angeles County,2015-08,60
90015,Los Angeles,Los Angeles County,2017-04,57
90015,Los Angeles,Los Angeles County,2018-06,58
90015,Los Angeles,Los Angeles County,2018-07,52
90015,Los Angeles,Los Angeles County,2018-09,42
90015,Los Angeles,Los Angeles County,2019-05,32
90015,Los Angeles,Los Angeles County,2019-06,39
90015,Los Angeles,Los Angeles County,2021-01,36
90015,Los Angeles,Los Angeles County,2022-03,49
90015,Los Angeles,Los Angeles County,2022-11,43
90015,Los Angeles,Los Angeles County,2023-06,42
90015,Los Angeles,Los Angeles County,2025-01,22
90015,Los Angeles,Los Angeles County,2025-02,21
90015,Los Angeles,Los Angeles County,2025-03,27
90015,Los Angeles,Los Angeles County,2025-05,25
90016,Los Angeles,Los Angeles County,2012-04,57
90016,Los Angeles,Los Angeles County,2012-11,83
90016,Los Angeles,Los Angeles County,2013-12,79
90016,Los Angeles,Los Angeles County,2014-04,82
90016,Los Angeles,Los Angeles County,2015-02,71
90016,Los Angeles,Los Angeles County,2015-06,79
90016,Los Angeles,Los Angeles County,2018-07,87
90016,Los Angeles,Los Angeles County,2018-10,79
90016,Los Angeles,Los Angeles County,2019-01,71
90016,Los Angeles,Los Angeles County,2019-09,75
90016,Los Angeles,Los Angeles County,2019-11,74
90016,Los Angeles,Los Angeles County,2021-01,77
90016,Los Angeles,Los Angeles County,2021-05,83
90016,Los Angeles,Los Angeles County,2021-06,78
90016,Los Angeles,Los Angeles County,2022-03,88
90016,Los Angeles,Los Angeles County,2022-05,81
90016,Los Angeles,Los Angeles County,2024-03,60
90016,Los Angeles,Los Angeles County,2024-07,68
90016,Los Angeles,Los Angeles County,2025-02,57
90016,Los Angeles,Los Angeles County,2025-07,66
90016,Los Angeles,Los Angeles County,2025-08,66
90017,Los Angeles,Los Angeles County,2012-09,42
90017,Los Angeles,Los Angeles County,2012-10,43
90017,Los Angeles,Los Angeles County,2013-11,59
90017,Los Angeles,Los Angeles County,2014-11,51
90017,Los Angeles,Los Angeles County,2015-01,47
90017,Los Angeles,Los Angeles County,2016-05,39
90017,Los Angeles,Los Angeles County,2016-09,59
90017,Los Angeles,Los Angeles County,2017-12,33
90017,Los Angeles,Los Angeles County,2018-06,61
90017,Los Angeles,Los Angeles County,2019-08,56
90017,Los Angeles,Los Angeles County,2019-11,32
90017,Los Angeles,Los Angeles County,2020-03,52
90017,Los Angeles,Los Angeles County,2020-04,45
90017,Los Angeles,Los Angeles County,2022-03,38
90017,Los Angeles,Los Angeles County,2022-05,54
90017,Los Angeles,Los Angeles County,2023-09,36
90017,Los Angeles,Los Angeles County,2025-06,32
90018,Los Angeles,Los Angeles County,2014-06,75
90018,Los Angeles,Los Angeles County,2014-09,63
90018,Los Angeles,Los Angeles County,2014-11,67
90018,Los Angeles,Los Angeles County,2015-01,69
90018,Los Angeles,Los Angeles County,2015-03,68
90018,Los Angeles,Los Angeles County,2018-09,81
90018,Los Angeles,Los Angeles County,2019-05,75
90018,Los Angeles,Los Angeles County,2019-12,61
90018,Los Angeles,Los Angeles County,2020-05,63
90018,Los Angeles,Los Angeles County,2020-09,67
90018,Los Angeles,Los Angeles County,2021-02,65
90018,Los Angeles,Los Angeles County,2021-05,74
90018,Los Angeles,Los Angeles County,2021-07,82
90018,Los Angeles,Los Angeles County,2021-11,78
90018,Los Angeles,Los Angeles County,2022-07,76
90018,Los Angeles,Los Angeles County,2022-08,68
90018,Los Angeles,Los Angeles County,2022-11,49
90018,Los Angeles,Los Angeles County,2023-08,71
90018,Los Angeles,Los Angeles County,2023-11,68
90019,Los Angeles,Los Angeles County,2012-09,76
90019,Los Angeles,Los Angeles County,2013-05,82
90019,Los Angeles,Los Angeles County,2014-10,68
90019,Los Angeles,Los Angeles County,2014-11,67
90019,Los Angeles,Los Angeles County,2015-02,65
90019,Los Angeles,Los Angeles County,2018-07,74
90019,Los Angeles,Los Angeles County,2018-10,69
90019,Los Angeles,Los Angeles County,2019-09,62
90019,Los Angeles,Los Angeles County,2020-09,63
90019,Los Angeles,Los Angeles County,2022-09,64
90019,Los Angeles,Los Angeles County,2023-02,43
90019,Los Angeles,Los Angeles County,2023-11,57
90019,Los Angeles,Los Angeles County,2025-01,56
90019,Los Angeles,Los Angeles County,2025-08,57
90019,Los Angeles,Los Angeles County,2025-10,56
90020,Los Angeles,Los Angeles County,2012-06,73
90020,Los Angeles,Los Angeles County,2013-06,76
90020,Los Angeles,Los Angeles County,2016-01,63
90020,Los Angeles,Los Angeles County,2017-03,91
90020,Los Angeles,Los Angeles County,2017-07,76
90020,Los Angeles,Los Angeles County,2019-02,54
90020,Los Angeles,Los Angeles County,2019-08,47
90020,Los Angeles,Los Angeles County,2020-12,56
90020,Los Angeles,Los Angeles County,2021-12,62
90020,Los Angeles,Los Angeles County,2023-06,68
90020,Los Angeles,Los Angeles County,2023-09,60
90020,Los Angeles,Los Angeles County,2024-05,70
90020,Los Angeles,Los Angeles County,2025-09,50
90021,Los Angeles,Los Angeles County,2012-03,49
90021,Los Angeles,Los Angeles County,2012-04,60
90021,Los Angeles,Los Angeles County,2013-08,86
90021,Los Angeles,Los Angeles County,2014-05,67
90021,Los Angeles,Los Angeles County,2015-08,84
90021,Los Angeles,Los Angeles County,2015-10,56
90021,Los Angeles,Los Angeles County,2015-12,58
90021,Los Angeles,Los Angeles County,2016-02,35
90021,Los Angeles,Los Angeles County,2018-07,84
90021,Los Angeles,Los Angeles County,2020-01,100
90021,Los Angeles,Los Angeles County,2021-02,0
90021,Los Angeles,Los Angeles County,2022-02,97
90021,Los Angeles,Los Angeles County,2022-05,95
90021,Los Angeles,Los Angeles County,2022-06,90
90022,Los Angeles,Los Angeles County,2012-06,62
90022,Los Angeles,Los Angeles County,2013-03,72
90022,Los Angeles,Los Angeles County,2014-02,73
90022,Los Angeles,Los Angeles County,2014-09,69
90022,Los Angeles,Los Angeles County,2015-04,67
90022,Los Angeles,Los Angeles County,2016-04,68
90022,Los Angeles,Los Angeles County,2017-02,69
90022,Los Angeles,Los Angeles County,2018-04,73
90022,Los Angeles,Los Angeles County,2018-07,74
90022,Los Angeles,Los Angeles County,2018-09,71
90022,Los Angeles,Los Angeles County,2019-10,75
90022,Los Angeles,Los Angeles County,2020-10,80
90022,Los Angeles,Los Angeles County,2021-01,83
90022,Los Angeles,Los Angeles County,2022-08,77
90022,Los Angeles,Los Angeles County,2023-06,78
90022,Los Angeles,Los Angeles County,2023-12,86
90022,Los Angeles,Los Angeles County,2024-07,71
90023,Los Angeles,Los Angeles County,2013-02,79
90023,Los Angeles,Los Angeles County,2014-07,78
90023,Los Angeles,Los Angeles County,2014-10,70
90023,Los Angeles,Los Angeles County,2015-10,67
90023,Los Angeles,Los Angeles County,2016-02,55
90023,Los Angeles,Los Angeles County,2017-07,64
90023,Los Angeles,Los Angeles County,2018-02,61
90023,Los Angeles,Los Angeles County,2019-05,57
90023,Los Angeles,Los Angeles County,2019-10,64
90023,Los Angeles,Los Angeles County,2020-06,72
90023,Los Angeles,Los Angeles County,2021-10,71
90023,Los Angeles,Los Angeles County,2022-04,82
90023,Los Angeles,Los Angeles County,2023-06,67
90023,Los Angeles,Los Angeles County,2023-08,63
90023,Los Angeles,Los Angeles County,2023-10,60
90023,Los Angeles,Los Angeles County,2024-05,61
90023,Los Angeles,Los Angeles County,2024-09,81
90023,Los Angeles,Los Angeles County,2025-08,52
90024,Los Angeles,Los Angeles County,2013-02,60
90024,Los Angeles,Los Angeles County,2013-04,81
90024,Los Angeles,Los Angeles County,2014-02,61
90024,Los Angeles,Los Angeles County,2014-12,61
90024,Los Angeles,Los Angeles County,2015-04,79
90024,Los Angeles,Los Angeles County,2015-05,76
90024,Los Angeles,Los Angeles County,2015-06,76
90024,Los Angeles,Los Angeles County,2016-07,75
90024,Los Angeles,Los Angeles County,2017-06,83
90024,Los Angeles,Los Angeles County,2017-11,77
90024,Los Angeles,Los Angeles County,2018-03,73
90024,Los Angeles,Los Angeles County,2019-02,57
90024,Los Angeles,Los Angeles County,2019-10,56
90024,Los Angeles,Los Angeles County,2019-12,55
90024,Los Angeles,Los Angeles County,2020-05,54
90024,Los Angeles,Los Angeles County,2021-10,68
90024,Los Angeles,Los Angeles County,2022-08,71
90024,Los Angeles,Los Angeles County,2023-04,60
90024,Los Angeles,Los Angeles County,2024-08,53
90024,Los Angeles,Los Angeles County,2025-11,49
90025,Los Angeles,Los Angeles County,2012-06,60
90025,Los Angeles,Los Angeles County,2014-01,78
90025,Los Angeles,Los Angeles County,2014-05,82
90025,Los Angeles,Los Angeles County,2015-02,71
90025,Los Angeles,Los Angeles County,2016-04,88
90025,Los Angeles,Los Angeles County,2016-06,92
90025,Los Angeles,Los Angeles County,2017-03,92
90025,Los Angeles,Los Angeles County,2018-04,95
90025,Los Angeles,Los Angeles County,2019-09,81
90025,Los Angeles,Los Angeles County,2020-02,64
90025,Los Angeles,Los Angeles County,2020-04,80
90025,Los Angeles,Los Angeles County,2021-06,72
90025,Los Angeles,Los Angeles County,2021-09,76
90025,Los Angeles,Los Angeles County,2023-01,58
90025,Los Angeles,Los Angeles County,2023-09,85
90025,Los Angeles,Los Angeles County,2024-09,70
90025,Los Angeles,Los Angeles County,2025-02,61
90025,Los Angeles,Los Angeles County,2025-11,66
90026,Los Angeles,Los Angeles County,2012-03,59
90026,Los Angeles,Los Angeles County,2012-12,74
90026,Los Angeles,Los Angeles County,2013-10,75
90026,Los Angeles,Los Angeles County,2014-04,83
90026,Los Angeles,Los Angeles County,2014-10,79
90026,Los Angeles,Los Angeles County,2015-12,76
90026,Los Angeles,Los Angeles County,2016-05,78
90026,Los Angeles,Los Angeles County,2016-11,79
90026,Los Angeles,Los Angeles County,2017-11,72
90026,Los Angeles,Los Angeles County,2018-04,77
90026,Los Angeles,Los Angeles County,2018-10,70
90026,Los Angeles,Los Angeles County,2019-06,79
90026,Los Angeles,Los Angeles County,2020-10,71
90026,Los Angeles,Los Angeles County,2021-01,63
90026,Los Angeles,Los Angeles County,2021-04,79
90026,Los Angeles,Los Angeles County,2023-04,81
90026,Los Angeles,Los Angeles County,2024-12,58
90027,Los Angeles,Los Angeles County,2012-08,68
90027,Los Angeles,Los Angeles County,2013-10,73
90027,Los Angeles,Los Angeles County,2016-06,72
90027,Los Angeles,Los Angeles County,2016-10,73
90027,Los Angeles,Los Angeles County,2018-06,80
90027,Los Angeles,Los Angeles County,2021-10,70
90027,Los Angeles,Los Angeles County,2022-03,79
90027,Los Angeles,Los Angeles County,2022-04,94
90027,Los Angeles,Los Angeles County,2023-01,68
90027,Los Angeles,Los Angeles County,2023-10,76
90027,Los Angeles,Los Angeles County,2023-11,71
90027,Los Angeles,Los Angeles County,2024-09,72
90027,Los Angeles,Los Angeles County,2025-06,69
90027,Los Angeles,Los Angeles County,2025-07,59
90028,Los Angeles,Los Angeles County,2012-05,51
90028,Los Angeles,Los Angeles County,2012-11,60
90028,Los Angeles,Los Angeles County,2013-04,63
90028,Los Angeles,Los Angeles County,2014-03,63
90028,Los Angeles,Los Angeles County,2014-08,68
90028,Los Angeles,Los Angeles County,2016-03,48
90028,Los Angeles,Los Angeles County,2016-04,51
90028,Los Angeles,Los Angeles County,2016-10,55
90028,Los Angeles,Los Angeles County,2017-09,51
90028,Los Angeles,Los Angeles County,2018-02,57
90028,Los Angeles,Los Angeles County,2018-06,68
90028,Los Angeles,Los Angeles County,2018-10,44
90028,Los Angeles,Los Angeles County,2018-11,45
90028,Los Angeles,Los Angeles County,2019-04,57
90028,Los Angeles,Los Angeles County,2019-05,63
90028,Los Angeles,Los Angeles County,2020-06,62
90028,Los Angeles,Los Angeles County,2022-03,33
90028,Los Angeles,Los Angeles County,2022-05,60
90028,Los Angeles,Los Angeles County,2022-06,63
90028,Los Angeles,Los Angeles County,2023-08,71
90028,Los Angeles,Los Angeles County,2025-01,41
90028,Los Angeles,Los Angeles County,2025-03,56
90028,Los Angeles,Los Angeles County,2025-11,31
90029,Los Angeles,Los Angeles County,2012-06,57
90029,Los Angeles,Los Angeles County,2014-09,88
90029,Los Angeles,Los Angeles County,2015-05,80
90029,Los Angeles,Los Angeles County,2015-08,77
90029,Los Angeles,Los Angeles County,2017-01,61
90029,Los Angeles,Los Angeles County,2017-03,53
90029,Los Angeles,Los Angeles County,2018-05,79
90029,Los Angeles,Los Angeles County,2018-08,77
90029,Los Angeles,Los Angeles County,2019-12,54
90029,Los Angeles,Los Angeles County,2020-05,42
90029,Los Angeles,Los Angeles County,2020-09,79
90029,Los Angeles,Los Angeles County,2020-12,61
90029,Los Angeles,Los Angeles County,2021-11,68
90029,Los Angeles,Los Angeles County,2022-10,75
90029,Los Angeles,Los Angeles County,2023-12,62
90029,Los Angeles,Los Angeles County,2024-03,57
90029,Los Angeles,Los Angeles County,2024-04,57
90029,Los Angeles,Los Angeles County,2024-11,73
90031,Los Angeles,Los Angeles County,2012-05,59
90031,Los Angeles,Los Angeles County,2012-07,68
90031,Los Angeles,Los Angeles County,2012-12,85
90031,Los Angeles,Los Angeles County,2013-08,77
90031,Los Angeles,Los Angeles County,2014-07,81
90031,Los Angeles,Los Angeles County,2014-10,66
90031,Los Angeles,Los Angeles County,2015-06,80
90031,Los Angeles,Los Angeles County,2015-07,71
90031,Los Angeles,Los Angeles County,2015-08,69
90031,Los Angeles,Los Angeles County,2015-09,68
90031,Los Angeles,Los Angeles County,2015-12,64
90031,Los Angeles,Los Angeles County,2016-01,67
90031,Los Angeles,Los Angeles County,2016-05,80
90031,Los Angeles,Los Angeles County,2016-09,84
90031,Los Angeles,Los Angeles County,2016-12,62
90031,Los Angeles,Los Angeles County,2018-02,67
90031,Los Angeles,Los Angeles County,2019-04,70
90031,Los Angeles,Los Angeles County,2019-05,74
90031,Los Angeles,Los Angeles County,2020-08,67
90031,Los Angeles,Los Angeles County,2020-10,73
90032,Los Angeles,Los Angeles County,2012-08,67
90032,Los Angeles,Los Angeles County,2013-09,84
90032,Los Angeles,Los Angeles County,2014-02,75
90032,Los Angeles,Los Angeles County,2014-06,72
90032,Los Angeles,Los Angeles County,2015-03,65
90032,Los Angeles,Los Angeles County,2015-10,77
90032,Los Angeles,Los Angeles County,2016-01,73
90032,Los Angeles,Los Angeles County,2016-07,80
90032,Los Angeles,Los Angeles County,2017-02,68
90032,Los Angeles,Los Angeles County,2017-04,74
90032,Los Angeles,Los Angeles County,2017-06,82
90032,Los Angeles,Los Angeles County,2019-07,68
90032,Los Angeles,Los Angeles County,2020-01,62
90032,Los Angeles,Los Angeles County,2020-07,83
90032,Los Angeles,Los Angeles County,2021-04,83
90032,Los Angeles,Los Angeles County,2022-06,95
90032,Los Angeles,Los Angeles County,2023-12,75
90032,Los Angeles,Los Angeles County,2024-07,77
90032,Los Angeles,Los Angeles County,2024-08,75
90032,Los Angeles,Los Angeles County,2025-09,64
90033,Los Angeles,Los Angeles County,2012-04,65
90033,Los Angeles,Los Angeles County,2012-08,65
90033,Los Angeles,Los Angeles County,2013-04,82
90033,Los Angeles,Los Angeles County,2013-05,77
90033,Los Angeles,Los Angeles County,2013-09,67
90033,Los Angeles,Los Angeles County,2016-06,72
90033,Los Angeles,Los Angeles County,2016-10,75
90033,Los Angeles,Los Angeles County,2017-04,67
90033,Los Angeles,Los Angeles County,2017-05,64
90033,Los Angeles,Los Angeles County,2017-08,68
90033,Los Angeles,Los Angeles County,2018-02,44
90033,Los Angeles,Los Angeles County,2019-10,42
90033,Los Angeles,Los Angeles County,2021-06,86
90033,Los Angeles,Los Angeles County,2021-10,71
90033,Los Angeles,Los Angeles County,2023-08,60
90033,Los Angeles,Los Angeles County,2024-02,50
90033,Los Angeles,Los Angeles County,2024-03,56
90033,Los Angeles,Los Angeles County,2024-04,55
90033,Los Angeles,Los Angeles County,2024-10,58
90033,Los Angeles,Los Angeles County,2025-01,52
90033,Los Angeles,Los Angeles County,2025-03,67
90033,Los Angeles,Los Angeles County,2025-05,53
90034,Los Angeles,Los Angeles County,2012-04,59
90034,Los Angeles,Los Angeles County,2012-10,74
90034,Los Angeles,Los Angeles County,2016-11,80
90034,Los Angeles,Los Angeles County,2017-07,88
90034,Los Angeles,Los Angeles County,2017-11,86
90034,Los Angeles,Los Angeles County,2018-11,74
90034,Los Angeles,Los Angeles County,2019-07,75
90034,Los Angeles,Los Angeles County,2020-03,85
90034,Los Angeles,Los Angeles County,2021-03,71
90034,Los Angeles,Los Angeles County,2021-07,75
90034,Los Angeles,Los Angeles County,2023-11,72
90034,Los Angeles,Los Angeles County,2024-04,76
90035,Los Angeles,Los Angeles County,2012-07,71
90035,Los Angeles,Los Angeles County,2012-08,68
90035,Los Angeles,Los Angeles County,2012-11,73
90035,Los Angeles,Los Angeles County,2013-09,80
90035,Los Angeles,Los Angeles County,2014-11,68
90035,Los Angeles,Los Angeles County,2014-12,62
90035,Los Angeles,Los Angeles County,2015-04,64
90035,Los Angeles,Los Angeles County,2016-10,80
90035,Los Angeles,Los Angeles County,2017-05,81
90035,Los Angeles,Los Angeles County,2017-07,79
90035,Los Angeles,Los Angeles County,2017-10,84
90035,Los Angeles,Los Angeles County,2018-03,69
90035,Los Angeles,Los Angeles County,2020-04,70
90035,Los Angeles,Los Angeles County,2020-06,64
90035,Los Angeles,Los Angeles County,2020-08,44
90035,Los Angeles,Los Angeles County,2020-09,54
90035,Los Angeles,Los Angeles County,2021-05,63
90035,Los Angeles,Los Angeles County,2021-12,66
90035,Los Angeles,Los Angeles County,2023-09,78
90035,Los Angeles,Los Angeles County,2023-12,64
90035,Los Angeles,Los Angeles County,2024-03,61
90035,Los Angeles,Los Angeles County,2024-07,72
90035,Los Angeles,Los Angeles County,2024-09,53
90035,Los Angeles,Los Angeles County,2025-07,68
90035,Los Angeles,Los Angeles County,2025-10,43
90036,Los Angeles,Los Angeles County,2012-03,61
90036,Los Angeles,Los Angeles County,2012-04,72
90036,Los Angeles,Los Angeles County,2012-06,70
90036,Los Angeles,Los Angeles County,2012-12,71
90036,Los Angeles,Los Angeles County,2014-08,79
90036,Los Angeles,Los Angeles County,2015-09,83
90036,Los Angeles,Los Angeles County,2015-12,65
90036,Los Angeles,Los Angeles County,2016-02,53
90036,Los Angeles,Los Angeles County,2017-01,64
90036,Los Angeles,Los Angeles County,2018-03,71
90036,Los Angeles,Los Angeles County,2018-06,76
90036,Los Angeles,Los Angeles County,2018-11,69
90036,Los Angeles,Los Angeles County,2018-12,66
90036,Los Angeles,Los Angeles County,2020-02,40
90036,Los Angeles,Los Angeles County,2021-05,62
90036,Los Angeles,Los Angeles County,2021-07,75
90036,Los Angeles,Los Angeles County,2022-03,79
90036,Los Angeles,Los Angeles County,2022-06,80
90036,Los Angeles,Los Angeles County,2023-03,53
90036,Los Angeles,Los Angeles County,2023-12,65
90036,Los Angeles,Los Angeles County,2024-08,53
90036,Los Angeles,Los Angeles County,2024-10,54
90036,Los Angeles,Los Angeles County,2025-01,65
90036,Los Angeles,Los Angeles County,2025-12,53
90037,Los Angeles,Los Angeles County,2012-06,63
90037,Los Angeles,Los Angeles County,2013-02,72
90037,Los Angeles,Los Angeles County,2014-05,68
90037,Los Angeles,Los Angeles County,2014-12,66
90037,Los Angeles,Los Angeles County,2015-06,68
90037,Los Angeles,Los Angeles County,2016-04,72
90037,Los Angeles,Los Angeles County,2016-08,69
90037,Los Angeles,Los Angeles County,2017-05,62
90037,Los Angeles,Los Angeles County,2017-09,62
90037,Los Angeles,Los Angeles County,2018-01,67
90037,Los Angeles,Los Angeles County,2018-07,76
90037,Los Angeles,Los Angeles County,2018-12,69
90037,Los Angeles,Los Angeles County,2019-07,56
90037,Los Angeles,Los Angeles County,2021-06,77
90037,Los Angeles,Los Angeles County,2022-06,74
90038,Los Angeles,Los Angeles County,2012-03,44
90038,Los Angeles,Los Angeles County,2012-08,48
90038,Los Angeles,Los Angeles County,2013-02,41
90038,Los Angeles,Los Angeles County,2013-10,57
90038,Los Angeles,Los Angeles County,2014-12,75
90038,Los Angeles,Los Angeles County,2015-06,68
90038,Los Angeles,Los Angeles County,2016-02,68
90038,Los Angeles,Los Angeles County,2016-04,74
90038,Los Angeles,Los Angeles County,2017-11,62
90038,Los Angeles,Los Angeles County,2019-08,60
90038,Los Angeles,Los Angeles County,2019-12,48
90038,Los Angeles,Los Angeles County,2020-11,47
90038,Los Angeles,Los Angeles County,2021-06,68
90038,Los Angeles,Los Angeles County,2021-08,69
90038,Los Angeles,Los Angeles County,2023-05,79
90038,Los Angeles,Los Angeles County,2023-07,62
90038,Los Angeles,Los Angeles County,2024-11,46
90039,Los Angeles,Los Angeles County,2012-05,68
90039,Los Angeles,Los Angeles County,2013-03,88
90039,Los Angeles,Los Angeles County,2014-05,90
90039,Los Angeles,Los Angeles County,2015-02,74
90039,Los Angeles,Los Angeles County,2015-03,80
90039,Los Angeles,Los Angeles County,2015-04,79
90039,Los Angeles,Los Angeles County,2015-08,86
90039,Los Angeles,Los Angeles County,2016-02,71
90039,Los Angeles,Los Angeles County,2016-06,86
90039,Los Angeles,Los Angeles County,2016-08,83
90039,Los Angeles,Los Angeles County,2018-02,83
90039,Los Angeles,Los Angeles County,2018-09,75
90039,Los Angeles,Los Angeles County,2019-11,70
90039,Los Angeles,Los Angeles County,2020-07,65
90039,Los Angeles,Los Angeles County,2020-11,71
90039,Los Angeles,Los Angeles County,2021-03,78
90039,Los Angeles,Los Angeles County,2021-07,85
90039,Los Angeles,Los Angeles County,2022-09,71
90039,Los Angeles,Los Angeles County,2022-12,66
90039,Los Angeles,Los Angeles County,2023-12,86
90039,Los Angeles,Los Angeles County,2025-02,61
90039,Los Angeles,Los Angeles County,2025-04,79
90040,Los Angeles,Los Angeles County,2012-06,54
90040,Los Angeles,Los Angeles County,2012-11,67
90040,Los Angeles,Los Angeles County,2013-07,87
90040,Los Angeles,Los Angeles County,2016-02,75
90040,Los Angeles,Los Angeles County,2016-08,86
90040,Los Angeles,Los Angeles County,2017-01,78
90040,Los Angeles,Los Angeles County,2018-02,78
90040,Los Angeles,Los Angeles County,2018-11,66
90040,Los Angeles,Los Angeles County,2020-11,69
90040,Los Angeles,Los Angeles County,2022-05,82
90040,Los Angeles,Los Angeles County,2023-02,77
90040,Los Angeles,Los Angeles County,2025-03,81
90040,Los Angeles,Los Angeles County,2025-07,75
90041,Los Angeles,Los Angeles County,2012-05,70
90041,Los Angeles,Los Angeles County,2012-12,69
90041,Los Angeles,Los Angeles County,2013-12,82
90041,Los Angeles,Los Angeles County,2014-03,75
90041,Los Angeles,Los Angeles County,2015-01,81
90041,Los Angeles,Los Angeles County,2015-11,75
90041,Los Angeles,Los Angeles County,2016-08,77
90041,Los Angeles,Los Angeles County,2018-05,83
90041,Los Angeles,Los Angeles County,2018-12,67
90041,Los Angeles,Los Angeles County,2020-03,78
90041,Los Angeles,Los Angeles County,2020-09,79
90041,Los Angeles,Los Angeles County,2021-10,94
90041,Los Angeles,Los Angeles County,2022-04,94
90041,Los Angeles,Los Angeles County,2023-04,85
90041,Los Angeles,Los Angeles County,2023-06,79
90041,Los Angeles,Los Angeles County,2023-08,83
90041,Los Angeles,Los Angeles County,2023-09,89
90041,Los Angeles,Los Angeles County,2024-09,74
90041,Los Angeles,Los Angeles County,2025-05,92
90041,Los Angeles,Los Angeles County,2025-10,77
90042,Los Angeles,Los Angeles County,2013-10,85
90042,Los Angeles,Los Angeles County,2013-12,77
90042,Los Angeles,Los Angeles County,2015-05,77
90042,Los Angeles,Los Angeles County,2016-06,83
90042,Los Angeles,Los Angeles County,2018-06,86
90042,Los Angeles,Los Angeles County,2019-06,82
90042,Los Angeles,Los Angeles County,2020-06,77
90042,Los Angeles,Los Angeles County,2021-11,93
90042,Los Angeles,Los Angeles County,2022-10,80
90042,Los Angeles,Los Angeles County,2023-01,75
90042,Los Angeles,Los Angeles County,2023-05,78
90042,Los Angeles,Los Angeles County,2023-08,84
90042,Los Angeles,Los Angeles County,2023-09,78
90042,Los Angeles,Los Angeles County,2025-10,66
90043,Los Angeles,Los Angeles County,2012-03,59
90043,Los Angeles,Los Angeles County,2012-04,61
90043,Los Angeles,Los Angeles County,2012-07,56
90043,Los Angeles,Los Angeles County,2012-10,64
90043,Los Angeles,Los Angeles County,2013-01,64
90043,Los Angeles,Los Angeles County,2013-06,81
90043,Los Angeles,Los Angeles County,2015-05,75
90043,Los Angeles,Los Angeles County,2015-08,81
90043,Los Angeles,Los Angeles County,2017-01,72
90043,Los Angeles,Los Angeles County,2017-02,75
90043,Los Angeles,Los Angeles County,2017-08,73
90043,Los Angeles,Los Angeles County,2017-10,78
90043,Los Angeles,Los Angeles County,2018-01,67
90043,Los Angeles,Los Angeles County,2018-03,75
90043,Los Angeles,Los Angeles County,2019-07,65
90043,Los Angeles,Los Angeles County,2019-08,64
90043,Los Angeles,Los Angeles County,2019-11,65
90043,Los Angeles,Los Angeles County,2020-09,76
90043,Los Angeles,Los Angeles County,2020-12,80
90043,Los Angeles,Los Angeles County,2021-07,80
90043,Los Angeles,Los Angeles County,2023-01,53
90044,Los Angeles,Los Angeles County,2012-03,58
90044,Los Angeles,Los Angeles County,2012-08,64
90044,Los Angeles,Los Angeles County,2012-09,66
90044,Los Angeles,Los Angeles County,2015-03,64
90044,Los Angeles,Los Angeles County,2015-11,70
90044,Los Angeles,Los Angeles County,2016-12,67
90044,Los Angeles,Los Angeles County,2017-09,71
90044,Los Angeles,Los Angeles County,2018-01,65
90044,Los Angeles,Los Angeles County,2019-02,66
90044,Los Angeles,Los Angeles County,2020-02,68
90044,Los Angeles,Los Angeles County,2020-03,73
90044,Los Angeles,Los Angeles County,2020-05,73
90044,Los Angeles,Los Angeles County,2020-07,69
90044,Los Angeles,Los Angeles County,2020-09,78
90044,Los Angeles,Los Angeles County,2022-02,69
90044,Los Angeles,Los Angeles County,2022-07,78
90044,Los Angeles,Los Angeles County,2023-08,72
90044,Los Angeles,Los Angeles County,2024-02,65
90044,Los Angeles,Los Angeles County,2024-08,67
90044,Los Angeles,Los Angeles County,2025-05,57
90045,Los Angeles,Los Angeles County,2012-12,83
90045,Los Angeles,Los Angeles County,2013-12,81
90045,Los Angeles,Los Angeles County,2014-03,88
90045,Los Angeles,Los Angeles County,2015-05,96
90045,Los Angeles,Los Angeles County,2015-10,86
90045,Los Angeles,Los Angeles County,2016-03,86
90045,Los Angeles,Los Angeles County,2017-07,89
90045,Los Angeles,Los Angeles County,2017-09,84
90045,Los Angeles,Los Angeles County,2018-04,87
90045,Los Angeles,Los Angeles County,2019-09,71
90045,Los Angeles,Los Angeles County,2020-01,63
90045,Los Angeles,Los Angeles County,2021-08,90
90045,Los Angeles,Los Angeles County,2021-09,86
90045,Los Angeles,Los Angeles County,2021-10,83
90045,Los Angeles,Los Angeles County,2024-01,63
90045,Los Angeles,Los Angeles County,2024-06,76
90045,Los Angeles,Los Angeles County,2024-11,69
90045,Los Angeles,Los Angeles County,2024-12,67
90045,Los Angeles,Los Angeles County,2025-08,64
90046,Los Angeles,Los Angeles County,2012-11,69
90046,Los Angeles,Los Angeles County,2014-03,76
90046,Los Angeles,Los Angeles County,2018-03,69
90046,Los Angeles,Los Angeles County,2018-09,68
90046,Los Angeles,Los Angeles County,2018-10,68
90046,Los Angeles,Los Angeles County,2019-02,68
90046,Los Angeles,Los Angeles County,2019-11,64
90046,Los Angeles,Los Angeles County,2020-04,72
90047,Los Angeles,Los Angeles County,2012-10,65
90047,Los Angeles,Los Angeles County,2012-11,59
90047,Los Angeles,Los Angeles County,2013-08,81
90047,Los Angeles,Los Angeles County,2014-06,72
90047,Los Angeles,Los Angeles County,2015-01,73
90047,Los Angeles,Los Angeles County,2015-09,73
90047,Los Angeles,Los Angeles County,2015-10,73
90047,Los Angeles,Los Angeles County,2015-11,72
90047,Los Angeles,Los Angeles County,2017-05,79
90047,Los Angeles,Los Angeles County,2017-10,78
90047,Los Angeles,Los Angeles County,2019-05,71
90047,Los Angeles,Los Angeles County,2020-02,70
90047,Los Angeles,Los Angeles County,2020-07,67
90047,Los Angeles,Los Angeles County,2020-09,72
90047,Los Angeles,Los Angeles County,2022-01,74
90047,Los Angeles,Los Angeles County,2022-06,82
90047,Los Angeles,Los Angeles County,2023-05,71
90047,Los Angeles,Los Angeles County,2024-01,71
90047,Los Angeles,Los Angeles County,2024-03,72
90048,Los Angeles,Los Angeles County,2012-04,67
90048,Los Angeles,Los Angeles County,2012-07,67
90048,Los Angeles,Los Angeles County,2012-08,65
90048,Los Angeles,Los Angeles County,2012-09,65
90048,Los Angeles,Los Angeles County,2014-01,63
90048,Los Angeles,Los Angeles County,2016-01,68
90048,Los Angeles,Los Angeles County,2016-05,74
90048,Los Angeles,Los Angeles County,2016-09,64
90048,Los Angeles,Los Angeles County,2017-09,71
90048,Los Angeles,Los Angeles County,2020-02,61
90048,Los Angeles,Los Angeles County,2021-03,51
90048,Los Angeles,Los Angeles County,2021-07,66
90048,Los Angeles,Los Angeles County,2022-07,78
90048,Los Angeles,Los Angeles County,2024-11,55
90048,Los Angeles,Los Angeles County,2024-12,47
90048,Los Angeles,Los Angeles County,2025-03,38
90048,Los Angeles,Los Angeles County,2025-11,43
90049,Los Angeles,Los Angeles County,2012-05,58
90049,Los Angeles,Los Angeles County,2013-08,79
90049,Los Angeles,Los Angeles County,2014-01,67
90049,Los Angeles,Los Angeles County,2014-06,80
90049,Los Angeles,Los Angeles County,2014-10,76
90049,Los Angeles,Los Angeles County,2015-03,73
90049,Los Angeles,Los Angeles County,2016-06,75
90049,Los Angeles,Los Angeles County,2017-05,79
90049,Los Angeles,Los Angeles County,2018-06,82
90049,Los Angeles,Los Angeles County,2019-09,51
90049,Los Angeles,Los Angeles County,2020-02,48
90049,Los Angeles,Los Angeles County,2020-07,65
90049,Los Angeles,Los Angeles County,2020-11,64
90049,Los Angeles,Los Angeles County,2020-12,59
90049,Los Angeles,Los Angeles County,2022-01,64
90049,Los Angeles,Los Angeles County,2023-03,65
90049,Los Angeles,Los Angeles County,2025-11,52
90050,Los Angeles,Los Angeles County,2012-03,71
90050,Los Angeles,Los Angeles County,2016-07,80
90056,Los Angeles,Los Angeles County,2013-05,89
90056,Los Angeles,Los Angeles County,2016-04,79
90056,Los Angeles,Los Angeles County,2018-02,74
90056,Los Angeles,Los Angeles County,2018-03,80
90056,Los Angeles,Los Angeles County,2019-03,79
90056,Los Angeles,Los Angeles County,2019-07,70
90056,Los Angeles,Los Angeles County,2019-11,59
90056,Los Angeles,Los Angeles County,2022-07,73
90056,Los Angeles,Los Angeles County,2022-08,71
90056,Los Angeles,Los Angeles County,2022-10,63
90056,Los Angeles,Los Angeles County,2023-04,82
90056,Los Angeles,Los Angeles County,2023-05,84
90056,Los Angeles,Los Angeles County,2023-11,56
90056,Los Angeles,Los Angeles County,2024-03,57
90056,Los Angeles,Los Angeles County,2024-06,59
90056,Los Angeles,Los Angeles County,2024-08,66
90056,Los Angeles,Los Angeles County,2024-09,50
90056,Los Angeles,Los Angeles County,2025-01,44
90056,Los Angeles,Los Angeles County,2025-03,41
90057,Los Angeles,Los Angeles County,2013-03,86
90057,Los Angeles,Los Angeles County,2013-04,83
90057,Los Angeles,Los Angeles County,2013-10,56
90057,Los Angeles,Los Angeles County,2017-02,39
90057,Los Angeles,Los Angeles County,2017-08,71
90057,Los Angeles,Los Angeles County,2017-09,63
90057,Los Angeles,Los Angeles County,2017-10,75
90057,Los Angeles,Los Angeles County,2018-04,65
90057,Los Angeles,Los Angeles County,2019-01,82
90057,Los Angeles,Los Angeles County,2020-04,54
90057,Los Angeles,Los Angeles County,2020-09,59
90057,Los Angeles,Los Angeles County,2021-02,49
90057,Los Angeles,Los Angeles County,2021-11,63
90057,Los Angeles,Los Angeles County,2024-01,47
90057,Los Angeles,Los Angeles County,2024-10,39
90057,Los Angeles,Los Angeles County,2024-11,55
90057,Los Angeles,Los Angeles County,2025-12,64
90058,Los Angeles,Los Angeles County,2015-08,45
90058,Los Angeles,Los Angeles County,2016-09,19
90058,Los Angeles,Los Angeles County,2018-05,60
90058,Los Angeles,Los Angeles County,2018-09,31
90058,Los Angeles,Los Angeles County,2020-10,12
90058,Los Angeles,Los Angeles County,2021-04,49
90058,Los Angeles,Los Angeles County,2021-12,60
90058,Los Angeles,Los Angeles County,2023-10,46
90058,Los Angeles,Los Angeles County,2023-11,59
90058,Los Angeles,Los Angeles County,2025-12,15
90059,Los Angeles,Los Angeles County,2012-09,61
90059,Los Angeles,Los Angeles County,2013-10,80
90059,Los Angeles,Los Angeles County,2014-02,69
90059,Los Angeles,Los Angeles County,2014-03,71
90059,Los Angeles,Los Angeles County,2015-01,70
90059,Los Angeles,Los Angeles County,2015-04,73
90059,Los Angeles,Los Angeles County,2015-11,77
90059,Los Angeles,Los Angeles County,2016-05,69
90059,Los Angeles,Los Angeles County,2017-10,78
90059,Los Angeles,Los Angeles County,2019-02,69
90059,Los Angeles,Los Angeles County,2021-06,81
90059,Los Angeles,Los Angeles County,2022-08,75
90059,Los Angeles,Los Angeles County,2022-10,74
90059,Los Angeles,Los Angeles County,2022-11,81
90059,Los Angeles,Los Angeles County,2023-05,83
90059,Los Angeles,Los Angeles County,2023-08,82
90059,Los Angeles,Los Angeles County,2024-05,79
90059,Los Angeles,Los Angeles County,2024-09,80
90059,Los Angeles,Los Angeles County,2025-02,56
90059,Los Angeles,Los Angeles County,2025-05,58
90059,Los Angeles,Los Angeles County,2025-07,74
90061,Los Angeles,Los Angeles County,2014-07,88
90061,Los Angeles,Los Angeles County,2015-01,65
90061,Los Angeles,Los Angeles County,2015-04,71
90061,Los Angeles,Los Angeles County,2015-05,66
90061,Los Angeles,Los Angeles County,2015-07,66
90061,Los Angeles,Los Angeles County,2015-08,67
90061,Los Angeles,Los Angeles County,2016-04,82
90061,Los Angeles,Los Angeles County,2017-02,75
90061,Los Angeles,Los Angeles County,2017-06,75
90061,Los Angeles,Los Angeles County,2019-04,78
90061,Los Angeles,Los Angeles County,2020-03,76
90061,Los Angeles,Los Angeles County,2021-08,75
90061,Los Angeles,Los Angeles County,2021-10,81
90061,Los Angeles,Los Angeles County,2021-11,85
90061,Los Angeles,Los Angeles County,2023-02,63
90061,Los Angeles,Los Angeles County,2023-04,71
90061,Los Angeles,Los Angeles County,2023-12,62
90061,Los Angeles,Los Angeles County,2024-02,68
90061,Los Angeles,Los Angeles County,2024-05,74
90061,Los Angeles,Los Angeles County,2025-08,74
90062,Los Angeles,Los Angeles County,2013-05,78
90062,Los Angeles,Los Angeles County,2014-10,65
90062,Los Angeles,Los Angeles County,2015-11,68
90062,Los Angeles,Los Angeles County,2017-09,72
90062,Los Angeles,Los Angeles County,2017-10,79
90062,Los Angeles,Los Angeles County,2018-07,70
90062,Los Angeles,Los Angeles County,2018-11,65
90062,Los Angeles,Los Angeles County,2019-02,54
90062,Los Angeles,Los Angeles County,2020-01,43
90062,Los Angeles,Los Angeles County,2020-11,77
90062,Los Angeles,Los Angeles County,2020-12,77
90062,Los Angeles,Los Angeles County,2021-02,73
90062,Los Angeles,Los Angeles County,2021-11,77
90062,Los Angeles,Los Angeles County,2023-02,37
90062,Los Angeles,Los Angeles County,2023-03,44
90062,Los Angeles,Los Angeles County,2023-07,73
90062,Los Angeles,Los Angeles County,2023-12,54
90062,Los Angeles,Los Angeles County,2024-02,58
90062,Los Angeles,Los Angeles County,2025-02,54
90062,Los Angeles,Los Angeles County,2025-08,57
90062,Los Angeles,Los Angeles County,2025-11,49
90063,Los Angeles,Los Angeles County,2013-02,70
90063,Los Angeles,Los Angeles County,2014-01,84
90063,Los Angeles,Los Angeles County,2014-04,65
90063,Los Angeles,Los Angeles County,2014-12,74
90063,Los Angeles,Los Angeles County,2015-10,76
90063,Los Angeles,Los Angeles County,2016-02,65
90063,Los Angeles,Los Angeles County,2016-11,71
90063,Los Angeles,Los Angeles County,2017-04,74
90063,Los Angeles,Los Angeles County,2018-02,64
90063,Los Angeles,Los Angeles County,2018-04,68
90063,Los Angeles,Los Angeles County,2019-02,70
90063,Los Angeles,Los Angeles County,2019-05,54
90063,Los Angeles,Los Angeles County,2019-06,58
90063,Los Angeles,Los Angeles County,2019-12,66
90063,Los Angeles,Los Angeles County,2020-04,61
90063,Los Angeles,Los Angeles County,2021-01,79
90063,Los Angeles,Los Angeles County,2021-09,77
90063,Los Angeles,Los Angeles County,2021-12,80
90063,Los Angeles,Los Angeles County,2022-01,76
90063,Los Angeles,Los Angeles County,2023-06,77
90063,Los Angeles,Los Angeles County,2024-01,61
90064,Los Angeles,Los Angeles County,2012-10,74
90064,Los Angeles,Los Angeles County,2013-11,82
90064,Los Angeles,Los Angeles County,2014-09,82
90064,Los Angeles,Los Angeles County,2015-01,75
90064,Los Angeles,Los Angeles County,2015-02,69
90064,Los Angeles,Los Angeles County,2016-02,73
90064,Los Angeles,Los Angeles County,2016-05,85
90064,Los Angeles,Los Angeles County,2016-08,85
90064,Los Angeles,Los Angeles County,2016-09,85
90064,Los Angeles,Los Angeles County,2017-08,87
90064,Los Angeles,Los Angeles County,2017-12,83
90064,Los Angeles,Los Angeles County,2018-02,84
90064,Los Angeles,Los Angeles County,2018-05,91
90064,Los Angeles,Los Angeles County,2020-02,73
90064,Los Angeles,Los Angeles County,2020-08,78
90064,Los Angeles,Los Angeles County,2020-11,70
90064,Los Angeles,Los Angeles County,2021-05,77
90064,Los Angeles,Los Angeles County,2022-08,75
90064,Los Angeles,Los Angeles County,2023-10,70
90064,Los Angeles,Los Angeles County,2024-02,70
90064,Los Angeles,Los Angeles County,2025-02,74
90064,Los Angeles,Los Angeles County,2025-06,71
90064,Los Angeles,Los Angeles County,2025-07,76
90065,Los Angeles,Los Angeles County,2012-05,59
90065,Los Angeles,Los Angeles County,2012-06,60
90065,Los Angeles,Los Angeles County,2012-09,80
90065,Los Angeles,Los Angeles County,2012-10,82
90065,Los Angeles,Los Angeles County,2013-03,80
90065,Los Angeles,Los Angeles County,2014-01,75
90065,Los Angeles,Los Angeles County,2015-01,71
90065,Los Angeles,Los Angeles County,2015-03,68
90065,Los Angeles,Los Angeles County,2017-02,61
90065,Los Angeles,Los Angeles County,2017-05,75
90065,Los Angeles,Los Angeles County,2017-09,83
90065,Los Angeles,Los Angeles County,2019-02,71
90065,Los Angeles,Los Angeles County,2019-04,71
90065,Los Angeles,Los Angeles County,2019-07,67
90065,Los Angeles,Los Angeles County,2020-01,72
90065,Los Angeles,Los Angeles County,2020-11,80
90065,Los Angeles,Los Angeles County,2021-04,85
90065,Los Angeles,Los Angeles County,2024-06,84
90065,Los Angeles,Los Angeles County,2024-11,77
90065,Los Angeles,Los Angeles County,2024-12,66
90065,Los Angeles,Los Angeles County,2025-02,69
90065,Los Angeles,Los Angeles County,2025-06,84
90065,Los Angeles,Los Angeles County,2025-10,63
90066,Los Angeles,Los Angeles County,2013-06,97
90066,Los Angeles,Los Angeles County,2014-05,90
90066,Los Angeles,Los Angeles County,2014-11,79
90066,Los Angeles,Los Angeles County,2017-06,87
90066,Los Angeles,Los Angeles County,2017-09,89
90066,Los Angeles,Los Angeles County,2017-11,84
90066,Los Angeles,Los Angeles County,2018-01,76
90066,Los Angeles,Los Angeles County,2021-08,85
90066,Los Angeles,Los Angeles County,2023-05,72
90066,Los Angeles,Los Angeles County,2023-11,79
90066,Los Angeles,Los Angeles County,2025-01,60
90067,Los Angeles,Los Angeles County,2012-04,34
90067,Los Angeles,Los Angeles County,2014-02,42
90067,Los Angeles,Los Angeles County,2014-03,26
90067,Los Angeles,Los Angeles County,2015-02,44
90067,Los Angeles,Los Angeles County,2016-05,63
90067,Los Angeles,Los Angeles County,2017-03,63
90067,Los Angeles,Los Angeles County,2017-12,63
90067,Los Angeles,Los Angeles County,2018-02,44
90067,Los Angeles,Los Angeles County,2019-03,29
90067,Los Angeles,Los Angeles County,2019-08,50
90067,Los Angeles,Los Angeles County,2020-08,54
90067,Los Angeles,Los Angeles County,2020-12,30
90067,Los Angeles,Los Angeles County,2021-05,42
90067,Los Angeles,Los Angeles County,2022-11,47
90067,Los Angeles,Los Angeles County,2025-12,45
90068,Los Angeles,Los Angeles County,2012-04,55
90068,Los Angeles,Los Angeles County,2012-06,66
90068,Los Angeles,Los Angeles County,2013-12,71
90068,Los Angeles,Los Angeles County,2015-02,70
90068,Los Angeles,Los Angeles County,2015-03,64
90068,Los Angeles,Los Angeles County,2015-11,72
90068,Los Angeles,Los Angeles County,2016-08,74
90068,Los Angeles,Los Angeles County,2016-09,78
90068,Los Angeles,Los Angeles County,2017-06,77
90068,Los Angeles,Los Angeles County,2017-12,62
90068,Los Angeles,Los Angeles County,2018-03,73
90068,Los Angeles,Los Angeles County,2018-04,73
90068,Los Angeles,Los Angeles County,2019-03,57
90068,Los Angeles,Los Angeles County,2021-07,82
90068,Los Angeles,Los Angeles County,2022-02,78
90068,Los Angeles,Los Angeles County,2022-08,77
90068,Los Angeles,Los Angeles County,2023-12,65
90068,Los Angeles,Los Angeles County,2024-03,57
90068,Los Angeles,Los Angeles County,2025-02,48
90068,Los Angeles,Los Angeles County,2025-03,48
90069,West Hollywood,Los Angeles County,2013-03,75
90069,West Hollywood,Los Angeles County,2013-09,75
90069,West Hollywood,Los Angeles County,2015-01,60
90069,West Hollywood,Los Angeles County,2015-05,83
90069,West Hollywood,Los Angeles County,2015-06,81
90069,West Hollywood,Los Angeles County,2018-04,78
90069,West Hollywood,Los Angeles County,2018-09,74
90069,West Hollywood,Los Angeles County,2019-06,61
90069,West Hollywood,Los Angeles County,2020-11,62
90069,West Hollywood,Los Angeles County,2022-05,77
90069,West Hollywood,Los Angeles County,2022-07,77
90069,West Hollywood,Los Angeles County,2023-06,63
90069,West Hollywood,Los Angeles County,2025-02,43
90069,West Hollywood,Los Angeles County,2025-04,48
90076,Los Angeles,Los Angeles County,2015-07,80
90076,Los Angeles,Los Angeles County,2017-10,100
90076,Los Angeles,Los Angeles County,2020-10,100
90077,Los Angeles,Los Angeles County,2012-09,58
90077,Los Angeles,Los Angeles County,2013-03,52
90077,Los Angeles,Los Angeles County,2015-12,48
90077,Los Angeles,Los Angeles County,2016-11,51
90077,Los Angeles,Los Angeles County,2017-06,71
90077,Los Angeles,Los Angeles County,2019-10,55
90077,Los Angeles,Los Angeles County,2022-08,51
90077,Los Angeles,Los Angeles County,2022-09,55
90077,Los Angeles,Los Angeles County,2023-04,52
90077,Los Angeles,Los Angeles County,2023-06,49
90077,Los Angeles,Los Angeles County,2023-10,69
90077,Los Angeles,Los Angeles County,2025-01,33
90077,Los Angeles,Los Angeles County,2025-09,40
90081,Los Angeles,Los Angeles County,2015-09,63
90081,Los Angeles,Los Angeles County,2019-01,100
90081,Los Angeles,Los Angeles County,2019-02,100
90081,Los Angeles,Los Angeles County,2019-03,82
90082,Los Angeles,Los Angeles County,2012-04,90
90082,Los Angeles,Los Angeles County,2013-10,37
90082,Los Angeles,Los Angeles County,2017-10,71
90082,Los Angeles,Los Angeles County,2018-11,47
90082,Los Angeles,Los Angeles County,2022-07,91
90082,Los Angeles,Los Angeles County,2023-01,92
90093,Los Angeles,Los Angeles County,2013-01,99
90093,Los Angeles,Los Angeles County,2013-02,99
90093,Los Angeles,Los Angeles County,2014-06,100
90093,Los Angeles,Los Angeles County,2015-07,90
90094,Los Angeles,Los Angeles County,2012-06,70
90094,Los Angeles,Los Angeles County,2012-10,79
90094,Los Angeles,Los Angeles County,2013-01,92
90094,Los Angeles,Los Angeles County,2013-03,93
90094,Los Angeles,Los Angeles County,2013-05,95
90094,Los Angeles,Los Angeles County,2013-10,82
90094,Los Angeles,Los Angeles County,2014-07,81
90094,Los Angeles,Los Angeles County,2015-03,81
90094,Los Angeles,Los Angeles County,2015-05,91
90094,Los Angeles,Los Angeles County,2016-09,75
90094,Los Angeles,Los Angeles County,2016-12,77
90094,Los Angeles,Los Angeles County,2018-07,77
90094,Los Angeles,Los Angeles County,2019-06,60
90094,Los Angeles,Los Angeles County,2019-07,64
90094,Los Angeles,Los Angeles County,2021-01,56
90094,Los Angeles,Los Angeles County,2021-04,66
90094,Los Angeles,Los Angeles County,2021-08,76
90094,Los Angeles,Los Angeles County,2022-10,81
90094,Los Angeles,Los Angeles County,2023-04,74
90094,Los Angeles,Los Angeles County,2024-03,61
90094,Los Angeles,Los Angeles County,2024-06,64
90094,Los Angeles,Los Angeles County,2025-02,63
90099,Los Angeles,Los Angeles County,2013-02,55
90099,Los Angeles,Los Angeles County,2014-05,21
90099,Los Angeles,Los Angeles County,2016-05,46
90099,Los Angeles,Los Angeles County,2016-07,30
90099,Los Angeles,Los Angeles County,2018-06,91
90099,Los Angeles,Los Angeles County,2019-07,22
90099,Los Angeles,Los Angeles County,2021-07,88
90099,Los Angeles,Los Angeles County,2022-12,41
90099,Los Angeles,Los Angeles County,2024-09,74
90101,Los Angeles,Los Angeles County,2012-04,18
90101,Los Angeles,Los Angeles County,2012-11,48
90101,Los Angeles,Los Angeles County,2014-09,60
90101,Los Angeles,Los Angeles County,2015-04,46
90101,Los Angeles,Los Angeles County,2016-06,7
90101,Los Angeles,Los Angeles County,2016-10,100
90101,Los Angeles,Los Angeles County,2017-12,55
90101,Los Angeles,Los Angeles County,2018-05,83
90101,Los Angeles,Los Angeles County,2019-08,64
90101,Los Angeles,Los Angeles County,2020-05,49
90101,Los Angeles,Los Angeles County,2020-06,39
90201,Bell,Los Angeles County,2012-10,80
90201,Bell,Los Angeles County,2014-11,77
90201,Bell,Los Angeles County,2015-07,65
90201,Bell,Los Angeles County,2015-10,67
90201,Bell,Los Angeles County,2016-02,55
90201,Bell,Los Angeles County,2016-08,60
90201,Bell,Los Angeles County,2019-04,66
90201,Bell,Los Angeles County,2020-01,62
90201,Bell,Los Angeles County,2020-03,69
90201,Bell,Los Angeles County,2020-04,71
90201,Bell,Los Angeles County,2021-02,79
90201,Bell,Los Angeles County,2021-04,89
90201,Bell,Los Angeles County,2025-02,68
90201,Bell,Los Angeles County,2025-04,66
90210,Beverly Hills,Los Angeles County,2012-08,53
90210,Beverly Hills,Los Angeles County,2014-01,67
90210,Beverly Hills,Los Angeles County,2015-09,56
90210,Beverly Hills,Los Angeles County,2016-09,59
90210,Beverly Hills,Los Angeles County,2017-05,53
90210,Beverly Hills,Los Angeles County,2017-11,43
90210,Beverly Hills,Los Angeles County,2018-12,40
90210,Beverly Hills,Los Angeles County,2019-04,45
90210,Beverly Hills,Los Angeles County,2020-04,34
90210,Beverly Hills,Los Angeles County,2020-05,41
90210,Beverly Hills,Los Angeles County,2021-05,51
90210,Beverly Hills,Los Angeles County,2022-05,62
90210,Beverly Hills,Los Angeles County,2023-01,41
90210,Beverly Hills,Los Angeles County,2023-07,56
90210,Beverly Hills,Los Angeles County,2025-06,41
90210,Beverly Hills,Los Angeles County,2025-12,35
90211,Beverly Hills,Los Angeles County,2015-01,47
90211,Beverly Hills,Los Angeles County,2015-06,65
90211,Beverly Hills,Los Angeles County,2015-11,57
90211,Beverly Hills,Los Angeles County,2017-04,58
90211,Beverly Hills,Los Angeles County,2018-09,92
90211,Beverly Hills,Los Angeles County,2018-11,61
90211,Beverly Hills,Los Angeles County,2019-09,40
90211,Beverly Hills,Los Angeles County,2020-01,40
90211,Beverly Hills,Los Angeles County,2020-05,35
90211,Beverly Hills,Los Angeles County,2020-07,48
90211,Beverly Hills,Los Angeles County,2020-08,56
90211,Beverly Hills,Los Angeles County,2020-12,38
90211,Beverly Hills,Los Angeles County,2021-02,51
90211,Beverly Hills,Los Angeles County,2021-05,48
90211,Beverly Hills,Los Angeles County,2021-06,57
90211,Beverly Hills,Los Angeles County,2021-07,50
90211,Beverly Hills,Los Angeles County,2021-10,68
90211,Beverly Hills,Los Angeles County,2022-01,69
90211,Beverly Hills,Los Angeles County,2023-01,41
90211,Beverly Hills,Los Angeles County,2023-10,54
90211,Beverly Hills,Los Angeles County,2024-02,48
90211,Beverly Hills,Los Angeles County,2024-10,60
90211,Beverly Hills,Los Angeles County,2025-09,68
90212,Beverly Hills,Los Angeles County,2012-07,69
90212,Beverly Hills,Los Angeles County,2013-03,79
90212,Beverly Hills,Los Angeles County,2013-07,67
90212,Beverly Hills,Los Angeles County,2014-01,73
90212,Beverly Hills,Los Angeles County,2014-09,56
90212,Beverly Hills,Los Angeles County,2015-08,82
90212,Beverly Hills,Los Angeles County,2016-04,61
90212,Beverly Hills,Los Angeles County,2016-07,61
90212,Beverly Hills,Los Angeles County,2016-10,73
90212,Beverly Hills,Los Angeles County,2017-09,85
90212,Beverly Hills,Los Angeles County,2018-03,73
90212,Beverly Hills,Los Angeles County,2018-06,77
90212,Beverly Hills,Los Angeles County,2018-10,85
90212,Beverly Hills,Los Angeles County,2018-11,75
90212,Beverly Hills,Los Angeles County,2019-05,43
90212,Beverly Hills,Los Angeles County,2020-09,57
90212,Beverly Hills,Los Angeles County,2021-05,61
90212,Beverly Hills,Los Angeles County,2021-06,61
90212,Beverly Hills,Los Angeles County,2021-12,77
90212,Beverly Hills,Los Angeles County,2022-02,64
90212,Beverly Hills,Los Angeles County,2022-08,60
90212,Beverly Hills,Los Angeles County,2023-02,62
90212,Beverly Hills,Los Angeles County,2023-04,41
90212,Beverly Hills,Los Angeles County,2023-09,59
90212,Beverly Hills,Los Angeles County,2024-12,47
90212,Beverly Hills,Los Angeles County,2025-08,62
90213,Beverly Hills,Los Angeles County,2012-05,50
90213,Beverly Hills,Los Angeles County,2013-06,0
90213,Beverly Hills,Los Angeles County,2014-11,34
90213,Beverly Hills,Los Angeles County,2015-05,57
90213,Beverly Hills,Los Angeles County,2015-06,79
90213,Beverly Hills,Los Angeles County,2015-07,43
90213,Beverly Hills,Los Angeles County,2018-08,33
90213,Beverly Hills,Los Angeles County,2019-04,3
90213,Beverly Hills,Los Angeles County,2021-10,26
90213,Beverly Hills,Los Angeles County,2022-05,100
90213,Beverly Hills,Los Angeles County,2025-04,9
90220,Compton,Los Angeles County,2012-11,73
90220,Compton,Los Angeles County,2014-11,84
90220,Compton,Los Angeles County,2017-05,78
90220,Compton,Los Angeles County,2017-06,73
90220,Compton,Los Angeles County,2017-10,84
90220,Compton,Los Angeles County,2017-11,73
90220,Compton,Los Angeles County,2018-04,80
90220,Compton,Los Angeles County,2018-09,74
90220,Compton,Los Angeles County,2019-09,70
90220,Compton,Los Angeles County,2019-11,75
90220,Compton,Los Angeles County,2020-08,79
90220,Compton,Los Angeles County,2022-01,85
90220,Compton,Los Angeles County,2022-02,88
90220,Compton,Los Angeles County,2023-04,70
90220,Compton,Los Angeles County,2023-11,78
90220,Compton,Los Angeles County,2025-06,73
90220,Compton,Los Angeles County,2025-07,66
90221,Compton,Los Angeles County,2012-03,62
90221,Compton,Los Angeles County,2012-05,61
90221,Compton,Los Angeles County,2012-09,76
90221,Compton,Los Angeles County,2013-08,82
90221,Compton,Los Angeles County,2014-10,74
90221,Compton,Los Angeles County,2016-04,76
90221,Compton,Los Angeles County,2019-03,64
90221,Compton,Los Angeles County,2019-12,78
90221,Compton,Los Angeles County,2021-05,88
90221,Compton,Los Angeles County,2021-09,89
90221,Compton,Los Angeles County,2023-03,61
90221,Compton,Los Angeles County,2023-10,77
90221,Compton,Los Angeles County,2024-04,77
90222,Compton,Los Angeles County,2013-07,76
90222,Compton,Los Angeles County,2014-08,76
90222,Compton,Los Angeles County,2015-05,77
90222,Compton,Los Angeles County,2016-01,67
90222,Compton,Los Angeles County,2017-11,69
90222,Compton,Los Angeles County,2018-02,75
90222,Compton,Los Angeles County,2018-11,68
90222,Compton,Los Angeles County,2019-09,77
90222,Compton,Los Angeles County,2020-08,80
90222,Compton,Los Angeles County,2020-12,79
90222,Compton,Los Angeles County,2021-05,84
90222,Compton,Los Angeles County,2021-08,90
90222,Compton,Los Angeles County,2023-01,43
90222,Compton,Los Angeles County,2024-08,75
90222,Compton,Los Angeles County,2025-01,65
90230,Culver City,Los Angeles County,2013-09,93
90230,Culver City,Los Angeles County,2015-09,93
90230,Culver City,Los Angeles County,2019-03,73
90230,Culver City,Los Angeles County,2019-10,79
90230,Culver City,Los Angeles County,2020-02,77
90230,Culver City,Los Angeles County,2020-07,65
90230,Culver City,Los Angeles County,2020-12,79
90230,Culver City,Los Angeles County,2021-03,82
90230,Culver City,Los Angeles County,2021-08,85
90230,Culver City,Los Angeles County,2022-01,82
90230,Culver City,Los Angeles County,2022-05,100
90230,Culver City,Los Angeles County,2022-06,90
90230,Culver City,Los Angeles County,2022-11,77
90230,Culver City,Los Angeles County,2022-12,76
90230,Culver City,Los Angeles County,2023-02,66
90230,Culver City,Los Angeles County,2023-09,84
90230,Culver City,Los Angeles County,2024-09,71
90232,Culver City,Los Angeles County,2014-05,96
90232,Culver City,Los Angeles County,2014-08,88
90232,Culver City,Los Angeles County,2014-09,80
90232,Culver City,Los Angeles County,2014-11,73
90232,Culver City,Los Angeles County,2016-09,90
90232,Culver City,Los Angeles County,2017-06,79
90232,Culver City,Los Angeles County,2017-10,92
90232,Culver City,Los Angeles County,2018-10,72
90232,Culver City,Los Angeles County,2023-08,61
90232,Culver City,Los Angeles County,2024-07,62
90232,Culver City,Los Angeles County,2024-08,49
90232,Culver City,Los Angeles County,2025-02,71
90232,Culver City,Los Angeles County,2025-04,78
90232,Culver City,Los Angeles County,2025-09,65
90240,Downey,Los Angeles County,2012-09,71
90240,Downey,Los Angeles County,2012-11,79
90240,Downey,Los Angeles County,2013-04,78
90240,Downey,Los Angeles County,2013-07,91
90240,Downey,Los Angeles County,2016-12,65
90240,Downey,Los Angeles County,2017-03,66
90240,Downey,Los Angeles County,2017-04,70
90240,Downey,Los Angeles County,2018-10,55
90240,Downey,Los Angeles County,2019-08,69
90240,Downey,Los Angeles County,2020-09,83
90240,Downey,Los Angeles County,2021-02,91
90240,Downey,Los Angeles County,2024-02,72
90240,Downey,Los Angeles County,2024-09,87
90240,Downey,Los Angeles County,2024-10,80
90240,Downey,Los Angeles County,2025-01,60
90241,Downey,Los Angeles County,2012-10,68
90241,Downey,Los Angeles County,2013-11,74
90241,Downey,Los Angeles County,2014-06,79
90241,Downey,Los Angeles County,2014-10,63
90241,Downey,Los Angeles County,2015-08,74
90241,Downey,Los Angeles County,2016-05,67
90241,Downey,Los Angeles County,2016-08,72
90241,Downey,Los Angeles County,2016-09,69
90241,Downey,Los Angeles County,2017-12,68
90241,Downey,Los Angeles County,2018-01,66
90241,Downey,Los Angeles County,2019-06,66
90241,Downey,Los Angeles County,2019-08,69
90241,Downey,Los Angeles County,2019-11,65
90241,Downey,Los Angeles County,2020-02,76
90241,Downey,Los Angeles County,2022-08,81
90241,Downey,Los Angeles County,2022-09,75
90241,Downey,Los Angeles County,2022-12,71
90241,Downey,Los Angeles County,2023-03,75
90241,Downey,Los Angeles County,2023-04,87
90241,Downey,Los Angeles County,2024-04,79
90241,Downey,Los Angeles County,2025-08,77
90242,Downey,Los Angeles County,2013-06,85
90242,Downey,Los Angeles County,2014-04,75
90242,Downey,Los Angeles County,2014-06,80
90242,Downey,Los Angeles County,2014-12,60
90242,Downey,Los Angeles County,2015-01,61
90242,Downey,Los Angeles County,2016-05,82
90242,Downey,Los Angeles County,2016-07,87
90242,Downey,Los Angeles County,2017-01,61
90242,Downey,Los Angeles County,2017-06,69
90242,Downey,Los Angeles County,2017-09,67
90242,Downey,Los Angeles County,2018-02,62
90242,Downey,Los Angeles County,2018-09,70
90242,Downey,Los Angeles County,2019-10,80
90242,Downey,Los Angeles County,2020-03,80
90242,Downey,Los Angeles County,2020-04,85
90242,Downey,Los Angeles County,2020-10,90
90242,Downey,Los Angeles County,2023-07,87
90242,Downey,Los Angeles County,2025-03,62
90242,Downey,Los Angeles County,2025-07,80
90242,Downey,Los Angeles County,2025-08,83
90245,El Segundo,Los Angeles County,2013-05,87
90245,El Segundo,Los Angeles County,2016-02,57
90245,El Segundo,Los Angeles County,2017-05,77
90245,El Segundo,Los Angeles County,2017-06,78
90245,El Segundo,Los Angeles County,2017-12,70
90245,El Segundo,Los Angeles County,2019-01,59
90245,El Segundo,Los Angeles County,2020-05,65
90245,El Segundo,Los Angeles County,2021-12,70
90245,El Segundo,Los Angeles County,2022-10,68
90245,El Segundo,Los Angeles County,2023-08,78
90245,El Segundo,Los Angeles County,2023-10,78
90245,El Segundo,Los Angeles County,2024-03,72
90245,El Segundo,Los Angeles County,2025-12,62
90247,Gardena,Los Angeles County,2012-09,78
90247,Gardena,Los Angeles County,2014-02,78
90247,Gardena,Los Angeles County,2014-10,76
90247,Gardena,Los Angeles County,2015-07,86
90247,Gardena,Los Angeles County,2015-10,75
90247,Gardena,Los Angeles County,2016-02,74
90247,Gardena,Los Angeles County,2016-05,73
90247,Gardena,Los Angeles County,2016-10,80
90247,Gardena,Los Angeles County,2018-11,80
90247,Gardena,Los Angeles County,2020-03,80
90247,Gardena,Los Angeles County,2021-02,89
90247,Gardena,Los Angeles County,2021-05,91
90247,Gardena,Los Angeles County,2021-09,100
90247,Gardena,Los Angeles County,2023-03,65
90247,Gardena,Los Angeles County,2024-05,89
90247,Gardena,Los Angeles County,2024-07,87
90247,Gardena,Los Angeles County,2024-10,69
90247,Gardena,Los Angeles County,2025-05,74
90247,Gardena,Los Angeles County,2025-08,74
90248,Gardena,Los Angeles County,2012-10,70
90248,Gardena,Los Angeles County,2014-07,99
90248,Gardena,Los Angeles County,2016-04,70
90248,Gardena,Los Angeles County,2017-07,93
90248,Gardena,Los Angeles County,2018-10,91
90248,Gardena,Los Angeles County,2018-12,69
90248,Gardena,Los Angeles County,2019-06,89
90248,Gardena,Los Angeles County,2019-07,87
90248,Gardena,Los Angeles County,2020-09,93
90248,Gardena,Los Angeles County,2022-09,73
90248,Gardena,Los Angeles County,2023-03,53
90248,Gardena,Los Angeles County,2024-02,71
90248,Gardena,Los Angeles County,2024-05,76
90248,Gardena,Los Angeles County,2024-11,78
90248,Gardena,Los Angeles County,2025-05,85
90248,Gardena,Los Angeles County,2025-09,72
90248,Gardena,Los Angeles County,2025-10,76
90249,Gardena,Los Angeles County,2013-07,91
90249,Gardena,Los Angeles County,2013-08,93
90249,Gardena,Los Angeles County,2014-08,82
90249,Gardena,Los Angeles County,2014-10,74
90249,Gardena,Los Angeles County,2015-03,77
90249,Gardena,Los Angeles County,2015-11,74
90249,Gardena,Los Angeles County,2016-11,80
90249,Gardena,Los Angeles County,2017-01,77
90249,Gardena,Los Angeles County,2017-02,80
90249,Gardena,Los Angeles County,2019-12,79
90249,Gardena,Los Angeles County,2021-01,95
90249,Gardena,Los Angeles County,2021-11,97
90249,Gardena,Los Angeles County,2022-05,100
90249,Gardena,Los Angeles County,2022-06,100
90249,Gardena,Los Angeles County,2022-08,88
90249,Gardena,Los Angeles County,2022-11,71
90249,Gardena,Los Angeles County,2023-08,86
90249,Gardena,Los Angeles County,2024-01,67
90249,Gardena,Los Angeles County,2024-02,51
90249,Gardena,Los Angeles County,2024-12,78
90249,Gardena,Los Angeles County,2025-02,72
90250,Hawthorne,Los Angeles County,2012-07,73
90250,Hawthorne,Los Angeles County,2013-05,89
90250,Hawthorne,Los Angeles County,2013-12,76
90250,Hawthorne,Los Angeles County,2014-06,78
90250,Hawthorne,Los Angeles County,2018-02,82
90250,Hawthorne,Los Angeles County,2018-08,91
90250,Hawthorne,Los Angeles County,2018-09,91
90250,Hawthorne,Los Angeles County,2018-10,84
90250,Hawthorne,Los Angeles County,2020-03,87
90250,Hawthorne,Los Angeles County,2022-02,90
90250,Hawthorne,Los Angeles County,2022-07,92
90250,Hawthorne,Los Angeles County,2024-03,79
90250,Hawthorne,Los Angeles County,2024-10,74
90250,Hawthorne,Los Angeles County,2025-09,62
90250,Hawthorne,Los Angeles County,2025-12,69
90251,Hawthorne,Los Angeles County,2015-09,36
90254,Hermosa Beach,Los Angeles County,2012-03,59
90254,Hermosa Beach,Los Angeles County,2012-07,69
90254,Hermosa Beach,Los Angeles County,2013-09,81
90254,Hermosa Beach,Los Angeles County,2014-03,80
90254,Hermosa Beach,Los Angeles County,2014-07,84
90254,Hermosa Beach,Los Angeles County,2014-09,81
90254,Hermosa Beach,Los Angeles County,2015-05,83
90254,Hermosa Beach,Los Angeles County,2015-06,82
90254,Hermosa Beach,Los Angeles County,2016-09,64
90254,Hermosa Beach,Los Angeles County,2016-11,61
90254,Hermosa Beach,Los Angeles County,2018-05,72
90254,Hermosa Beach,Los Angeles County,2018-08,65
90254,Hermosa Beach,Los Angeles County,2019-02,37
90254,Hermosa Beach,Los Angeles County,2021-02,74
90254,Hermosa Beach,Los Angeles County,2021-08,84
90254,Hermosa Beach,Los Angeles County,2021-10,83
90254,Hermosa Beach,Los Angeles County,2022-05,96
90254,Hermosa Beach,Los Angeles County,2022-08,84
90254,Hermosa Beach,Los Angeles County,2024-05,80
90254,Hermosa Beach,Los Angeles County,2025-04,78
90254,Hermosa Beach,Los Angeles County,2025-10,54
90255,Huntington Park,Los Angeles County,2012-12,75
90255,Huntington Park,Los Angeles County,2014-10,75
90255,Huntington Park,Los Angeles County,2015-07,74
90255,Huntington Park,Los Angeles County,2017-02,75
90255,Huntington Park,Los Angeles County,2017-06,69
90255,Huntington Park,Los Angeles County,2018-12,64
90255,Huntington Park,Los Angeles County,2022-09,72
90255,Huntington Park,Los Angeles County,2022-11,63
90255,Huntington Park,Los Angeles County,2025-08,67
90260,Lawndale,Los Angeles County,2013-10,80
90260,Lawndale,Los Angeles County,2015-02,59
90260,Lawndale,Los Angeles County,2015-11,69
90260,Lawndale,Los Angeles County,2016-09,88
90260,Lawndale,Los Angeles County,2016-11,76
90260,Lawndale,Los Angeles County,2017-10,68
90260,Lawndale,Los Angeles County,2018-01,70
90260,Lawndale,Los Angeles County,2018-04,80
90260,Lawndale,Los Angeles County,2018-09,69
90260,Lawndale,Los Angeles County,2019-06,74
90260,Lawndale,Los Angeles County,2024-01,71
90260,Lawndale,Los Angeles County,2025-01,62
90260,Lawndale,Los Angeles County,2025-02,65
90260,Lawndale,Los Angeles County,2025-07,70
90262,Lynwood,Los Angeles County,2012-03,58
90262,Lynwood,Los Angeles County,2013-01,72
90262,Lynwood,Los Angeles County,2014-08,88
90262,Lynwood,Los Angeles County,2014-10,79
90262,Lynwood,Los Angeles County,2016-10,78
90262,Lynwood,Los Angeles County,2019-08,74
90262,Lynwood,Los Angeles County,2019-09,70
90262,Lynwood,Los Angeles County,2020-05,89
90262,Lynwood,Los Angeles County,2020-07,79
90262,Lynwood,Los Angeles County,2020-11,93
90262,Lynwood,Los Angeles County,2022-04,93
90262,Lynwood,Los Angeles County,2022-09,77
90262,Lynwood,Los Angeles County,2022-11,74
90262,Lynwood,Los Angeles County,2025-04,73
90264,Malibu,Los Angeles County,2014-08,42
90264,Malibu,Los Angeles County,2017-06,32
90264,Malibu,Los Angeles County,2019-10,1
90264,Malibu,Los Angeles County,2021-06,53
90264,Malibu,Los Angeles County,2023-12,100
90264,Malibu,Los Angeles County,2024-08,50
90265,Malibu,Los Angeles County,2012-03,20
90265,Malibu,Los Angeles County,2012-10,29
90265,Malibu,Los Angeles County,2013-02,18
90265,Malibu,Los Angeles County,2013-06,45
90265,Malibu,Los Angeles County,2014-06,43
90265,Malibu,Los Angeles County,2015-08,51
90265,Malibu,Los Angeles County,2015-10,49
90265,Malibu,Los Angeles County,2016-07,41
90265,Malibu,Los Angeles County,2017-02,33
90265,Malibu,Los Angeles County,2017-11,32
90265,Malibu,Los Angeles County,2018-02,38
90265,Malibu,Los Angeles County,2018-04,49
90265,Malibu,Los Angeles County,2020-08,31
90265,Malibu,Los Angeles County,2020-09,31
90265,Malibu,Los Angeles County,2022-02,53
90265,Malibu,Los Angeles County,2022-11,38
90265,Malibu,Los Angeles County,2023-03,57
90265,Malibu,Los Angeles County,2023-04,58
90265,Malibu,Los Angeles County,2023-10,59
90265,Malibu,Los Angeles County,2024-05,30
90265,Malibu,Los Angeles County,2024-07,30
90265,Malibu,Los Angeles County,2025-05,36
90266,Manhattan Beach,Los Angeles County,2012-06,79
90266,Manhattan Beach,Los Angeles County,2013-02,81
90266,Manhattan Beach,Los Angeles County,2013-11,84
90266,Manhattan Beach,Los Angeles County,2015-05,87
90266,Manhattan Beach,Los Angeles County,2015-12,63
90266,Manhattan Beach,Los Angeles County,2016-01,67
90266,Manhattan Beach,Los Angeles County,2016-03,71
90266,Manhattan Beach,Los Angeles County,2017-08,70
90266,Manhattan Beach,Los Angeles County,2017-10,64
90266,Manhattan Beach,Los Angeles County,2018-03,67
90266,Manhattan Beach,Los Angeles County,2018-06,74
90266,Manhattan Beach,Los Angeles County,2018-08,73
90266,Manhattan Beach,Los Angeles County,2018-11,61
90266,Manhattan Beach,Los Angeles County,2020-02,55
90266,Manhattan Beach,Los Angeles County,2020-05,71
90266,Manhattan Beach,Los Angeles County,2020-08,63
90266,Manhattan Beach,Los Angeles County,2020-10,65
90266,Manhattan Beach,Los Angeles County,2020-12,64
90266,Manhattan Beach,Los Angeles County,2021-02,69
90266,Manhattan Beach,Los Angeles County,2022-11,74
90266,Manhattan Beach,Los Angeles County,2023-02,64
90266,Manhattan Beach,Los Angeles County,2024-06,73
90266,Manhattan Beach,Los Angeles County,2024-09,67
90266,Manhattan Beach,Los Angeles County,2024-11,63
90266,Manhattan Beach,Los Angeles County,2025-01,64
90266,Manhattan Beach,Los Angeles County,2025-03,75
90266,Manhattan Beach,Los Angeles County,2025-08,73
90266,Manhattan Beach,Los Angeles County,2025-12,62
90267,Manhattan Beach,Los Angeles County,2023-05,46
90270,Maywood,Los Angeles County,2013-02,74
90270,Maywood,Los Angeles County,2014-05,80
90270,Maywood,Los Angeles County,2015-11,61
90270,Maywood,Los Angeles County,2016-01,67
90270,Maywood,Los Angeles County,2016-07,50
90270,Maywood,Los Angeles County,2017-09,69
90270,Maywood,Los Angeles County,2017-10,75
90270,Maywood,Los Angeles County,2018-04,64
90270,Maywood,Los Angeles County,2019-06,54
90270,Maywood,Los Angeles County,2021-03,90
90270,Maywood,Los Angeles County,2021-06,63
90270,Maywood,Los Angeles County,2021-11,78
90270,Maywood,Los Angeles County,2023-03,32
90270,Maywood,Los Angeles County,2025-12,66
90272,Pacific Palisades,Los Angeles County,2012-07,72
90272,Pacific Palisades,Los Angeles County,2013-01,64
90272,Pacific Palisades,Los Angeles County,2013-05,77
90272,Pacific Palisades,Los Angeles County,2013-07,80
90272,Pacific Palisades,Los Angeles County,2013-12,66
90272,Pacific Palisades,Los Angeles County,2015-05,80
90272,Pacific Palisades,Los Angeles County,2016-02,70
90272,Pacific Palisades,Los Angeles County,2016-10,71
90272,Pacific Palisades,Los Angeles County,2017-04,72
90272,Pacific Palisades,Los Angeles County,2017-08,69
90272,Pacific Palisades,Los Angeles County,2018-01,72
90272,Pacific Palisades,Los Angeles County,2018-03,74
90272,Pacific Palisades,Los Angeles County,2019-08,58
90272,Pacific Palisades,Los Angeles County,2020-07,58
90272,Pacific Palisades,Los Angeles County,2020-12,57
90272,Pacific Palisades,Los Angeles County,2021-03,64
90272,Pacific Palisades,Los Angeles County,2022-11,61
90272,Pacific Palisades,Los Angeles County,2023-04,70
90272,Pacific Palisades,Los Angeles County,2025-12,54
90274,Palos Verdes Peninsula,Los Angeles County,2012-05,65
90274,Palos Verdes Peninsula,Los Angeles County,2013-03,78
90274,Palos Verdes Peninsula,Los Angeles County,2013-08,73
90274,Palos Verdes Peninsula,Los Angeles County,2013-12,68
90274,Palos Verdes Peninsula,Los Angeles County,2015-04,62
90274,Palos Verdes Peninsula,Los Angeles County,2015-06,71
90274,Palos Verdes Peninsula,Los Angeles County,2016-03,69
90274,Palos Verdes Peninsula,Los Angeles County,2016-09,59
90274,Palos Verdes Peninsula,Los Angeles County,2018-01,58
90274,Palos Verdes Peninsula,Los Angeles County,2019-02,55
90274,Palos Verdes Peninsula,Los Angeles County,2019-07,64
90274,Palos Verdes Peninsula,Los Angeles County,2020-06,65
90274,Palos Verdes Peninsula,Los Angeles County,2021-01,73
90274,Palos Verdes Peninsula,Los Angeles County,2021-12,89
90274,Palos Verdes Peninsula,Los Angeles County,2022-02,91
90274,Palos Verdes Peninsula,Los Angeles County,2022-05,100
90274,Palos Verdes Peninsula,Los Angeles County,2022-06,100
90274,Palos Verdes Peninsula,Los Angeles County,2025-03,71
90275,Rancho Palos Verdes,Los Angeles County,2012-04,64
90275,Rancho Palos Verdes,Los Angeles County,2016-03,66
90275,Rancho Palos Verdes,Los Angeles County,2016-06,76
90275,Rancho Palos Verdes,Los Angeles County,2016-11,68
90275,Rancho Palos Verdes,Los Angeles County,2018-03,77
90275,Rancho Palos Verdes,Los Angeles County,2018-08,78
90275,Rancho Palos Verdes,Los Angeles County,2020-07,75
90275,Rancho Palos Verdes,Los Angeles County,2022-05,100
90275,Rancho Palos Verdes,Los Angeles County,2022-07,100
90275,Rancho Palos Verdes,Los Angeles County,2023-03,75
90275,Rancho Palos Verdes,Los Angeles County,2023-08,90
90275,Rancho Palos Verdes,Los Angeles County,2024-10,71
90275,Rancho Palos Verdes,Los Angeles County,2025-09,68
90275,Rancho Palos Verdes,Los Angeles County,2025-12,57
90277,Redondo Beach,Los Angeles County,2013-09,81
90277,Redondo Beach,Los Angeles County,2013-11,73
90277,Redondo Beach,Los Angeles County,2014-05,86
90277,Redondo Beach,Los Angeles County,2014-08,84
90277,Redondo Beach,Los Angeles County,2014-09,79
90277,Redondo Beach,Los Angeles County,2014-12,72
90277,Redondo Beach,Los Angeles County,2018-02,69
90277,Redondo Beach,Los Angeles County,2019-03,64
90277,Redondo Beach,Los Angeles County,2020-06,72
90277,Redondo Beach,Los Angeles County,2021-02,79
90277,Redondo Beach,Los Angeles County,2023-02,67
90277,Redondo Beach,Los Angeles County,2023-04,85
90277,Redondo Beach,Los Angeles County,2023-07,95
90277,Redondo Beach,Los Angeles County,2024-12,69
90277,Redondo Beach,Los Angeles County,2025-01,70
90277,Redondo Beach,Los Angeles County,2025-02,76
90278,Redondo Beach,Los Angeles County,2012-10,75
90278,Redondo Beach,Los Angeles County,2013-03,88
90278,Redondo Beach,Los Angeles County,2013-04,95
90278,Redondo Beach,Los Angeles County,2015-05,86
90278,Redondo Beach,Los Angeles County,2015-06,85
90278,Redondo Beach,Los Angeles County,2016-09,88
90278,Redondo Beach,Los Angeles County,2017-01,79
90278,Redondo Beach,Los Angeles County,2017-11,84
90278,Redondo Beach,Los Angeles County,2020-04,86
90278,Redondo Beach,Los Angeles County,2020-12,91
90278,Redondo Beach,Los Angeles County,2021-12,97
90278,Redondo Beach,Los Angeles County,2023-10,83
90278,Redondo Beach,Los Angeles County,2024-11,69
90278,Redondo Beach,Los Angeles County,2024-12,67
90280,South Gate,Los Angeles County,2012-04,52
90280,South Gate,Los Angeles County,2012-09,73
90280,South Gate,Los Angeles County,2013-07,88
90280,South Gate,Los Angeles County,2016-01,71
90280,South Gate,Los Angeles County,2017-02,67
90280,South Gate,Los Angeles County,2017-05,64
90280,South Gate,Los Angeles County,2018-01,67
90280,South Gate,Los Angeles County,2018-03,71
90280,South Gate,Los Angeles County,2019-08,73
90280,South Gate,Los Angeles County,2020-01,75
90280,South Gate,Los Angeles County,2020-04,74
90280,South Gate,Los Angeles County,2021-08,89
90280,South Gate,Los Angeles County,2021-12,80
90280,South Gate,Los Angeles County,2022-10,71
90280,South Gate,Los Angeles County,2022-12,66
90280,South Gate,Los Angeles County,2023-03,75
90280,South Gate,Los Angeles County,2024-08,78
90280,South Gate,Los Angeles County,2025-04,79
90290,Topanga,Los Angeles County,2012-11,64
90290,Topanga,Los Angeles County,2014-03,62
90290,Topanga,Los Angeles County,2014-07,56
90290,Topanga,Los Angeles County,2014-08,59
90290,Topanga,Los Angeles County,2015-09,50
90290,Topanga,Los Angeles County,2015-12,33
90290,Topanga,Los Angeles County,2017-03,62
90290,Topanga,Los Angeles County,2018-04,60
90290,Topanga,Los Angeles County,2018-09,71
90290,Topanga,Los Angeles County,2018-10,64
90290,Topanga,Los Angeles County,2019-07,51
90290,Topanga,Los Angeles County,2021-02,49
90290,Topanga,Los Angeles County,2021-10,77
90290,Topanga,Los Angeles County,2022-07,76
90290,Topanga,Los Angeles County,2023-03,75
90290,Topanga,Los Angeles County,2023-05,71
90290,Topanga,Los Angeles County,2023-07,72
90290,Topanga,Los Angeles County,2024-02,54
90290,Topanga,Los Angeles County,2024-11,42
90290,Topanga,Los Angeles County,2025-12,30
90291,Venice,Los Angeles County,2012-07,66
90291,Venice,Los Angeles County,2015-05,79
90291,Venice,Los Angeles County,2016-02,73
90291,Venice,Los Angeles County,2016-12,67
90291,Venice,Los Angeles County,2018-05,65
90291,Venice,Los Angeles County,2019-07,55
90291,Venice,Los Angeles County,2020-06,42
90291,Venice,Los Angeles County,2023-03,59
90292,Marina Del Rey,Los Angeles County,2013-03,84
90292,Marina Del Rey,Los Angeles County,2013-10,63
90292,Marina Del Rey,Los Angeles County,2013-12,60
90292,Marina Del Rey,Los Angeles County,2014-11,66
90292,Marina Del Rey,Los Angeles County,2015-12,77
90292,Marina Del Rey,Los Angeles County,2018-07,77
90292,Marina Del Rey,Los Angeles County,2019-01,60
90292,Marina Del Rey,Los Angeles County,2020-06,60
90292,Marina Del Rey,Los Angeles County,2020-08,58
90292,Marina Del Rey,Los Angeles County,2020-09,58
90292,Marina Del Rey,Los Angeles County,2020-10,68
90292,Marina Del Rey,Los Angeles County,2021-04,69
90292,Marina Del Rey,Los Angeles County,2021-08,68
90292,Marina Del Rey,Los Angeles County,2021-12,71
90292,Marina Del Rey,Los Angeles County,2022-02,72
90292,Marina Del Rey,Los Angeles County,2022-07,77
90292,Marina Del Rey,Los Angeles County,2025-02,46
90293,Playa Del Rey,Los Angeles County,2012-04,47
90293,Playa Del Rey,Los Angeles County,2012-05,47
90293,Playa Del Rey,Los Angeles County,2012-08,61
90293,Playa Del Rey,Los Angeles County,2012-11,76
90293,Playa Del Rey,Los Angeles County,2013-12,71
90293,Playa Del Rey,Los Angeles County,2014-06,73
90293,Playa Del Rey,Los Angeles County,2015-05,92
90293,Playa Del Rey,Los Angeles County,2015-07,95
90293,Playa Del Rey,Los Angeles County,2016-02,80
90293,Playa Del Rey,Los Angeles County,2016-03,81
90293,Playa Del Rey,Los Angeles County,2017-04,72
90293,Playa Del Rey,Los Angeles County,2017-07,98
90293,Playa Del Rey,Los Angeles County,2017-12,93
90293,Playa Del Rey,Los Angeles County,2019-12,62
90293,Playa Del Rey,Los Angeles County,2021-01,66
90293,Playa Del Rey,Los Angeles County,2022-04,99
90293,Playa Del Rey,Los Angeles County,2022-12,57
90293,Playa Del Rey,Los Angeles County,2023-04,84
90293,Playa Del Rey,Los Angeles County,2023-06,83
90293,Playa Del Rey,Los Angeles County,2024-01,61
90293,Playa Del Rey,Los Angeles County,2024-05,53
90301,Inglewood,Los Angeles County,2013-04,89
90301,Inglewood,Los Angeles County,2013-09,76
90301,Inglewood,Los Angeles County,2014-11,66
90301,Inglewood,Los Angeles County,2015-07,87
90301,Inglewood,Los Angeles County,2015-08,88
90301,Inglewood,Los Angeles County,2016-08,99
90301,Inglewood,Los Angeles County,2017-02,71
90301,Inglewood,Los Angeles County,2017-04,81
90301,Inglewood,Los Angeles County,2017-12,70
90301,Inglewood,Los Angeles County,2018-02,75
90301,Inglewood,Los Angeles County,2018-06,83
90301,Inglewood,Los Angeles County,2019-07,52
90301,Inglewood,Los Angeles County,2021-01,68
90301,Inglewood,Los Angeles County,2021-03,65
90301,Inglewood,Los Angeles County,2022-01,70
90301,Inglewood,Los Angeles County,2022-11,65
90301,Inglewood,Los Angeles County,2023-01,54
90301,Inglewood,Los Angeles County,2023-03,50
90301,Inglewood,Los Angeles County,2023-04,51
90301,Inglewood,Los Angeles County,2023-06,72
90301,Inglewood,Los Angeles County,2023-09,71
90301,Inglewood,Los Angeles County,2024-03,40
90302,Inglewood,Los Angeles County,2013-04,92
90302,Inglewood,Los Angeles County,2013-11,86
90302,Inglewood,Los Angeles County,2014-05,69
90302,Inglewood,Los Angeles County,2014-06,74
90302,Inglewood,Los Angeles County,2014-12,60
90302,Inglewood,Los Angeles County,2016-09,83
90302,Inglewood,Los Angeles County,2016-10,90
90302,Inglewood,Los Angeles County,2016-11,76
90302,Inglewood,Los Angeles County,2017-11,74
90302,Inglewood,Los Angeles County,2018-05,79
90302,Inglewood,Los Angeles County,2021-02,75
90302,Inglewood,Los Angeles County,2022-05,92
90302,Inglewood,Los Angeles County,2024-01,66
90302,Inglewood,Los Angeles County,2024-04,70
90302,Inglewood,Los Angeles County,2024-10,54
90303,Inglewood,Los Angeles County,2012-08,69
90303,Inglewood,Los Angeles County,2013-05,83
90303,Inglewood,Los Angeles County,2014-07,88
90303,Inglewood,Los Angeles County,2015-07,73
90303,Inglewood,Los Angeles County,2016-03,81
90303,Inglewood,Los Angeles County,2017-04,66
90303,Inglewood,Los Angeles County,2017-06,79
90303,Inglewood,Los Angeles County,2017-11,64
90303,Inglewood,Los Angeles County,2017-12,62
90303,Inglewood,Los Angeles County,2018-08,67
90303,Inglewood,Los Angeles County,2020-02,65
90303,Inglewood,Los Angeles County,2022-03,71
90303,Inglewood,Los Angeles County,2025-05,51
90303,Inglewood,Los Angeles County,2025-07,60
90303,Inglewood,Los Angeles County,2025-08,63
90304,Inglewood,Los Angeles County,2013-09,81
90304,Inglewood,Los Angeles County,2014-02,55
90304,Inglewood,Los Angeles County,2014-06,88
90304,Inglewood,Los Angeles County,2015-05,72
90304,Inglewood,Los Angeles County,2015-06,62
90304,Inglewood,Los Angeles County,2015-12,61
90304,Inglewood,Los Angeles County,2016-01,59
90304,Inglewood,Los Angeles County,2018-02,71
90304,Inglewood,Los Angeles County,2018-11,59
90304,Inglewood,Los Angeles County,2019-04,66
90304,Inglewood,Los Angeles County,2019-09,74
90304,Inglewood,Los Angeles County,2019-11,68
90304,Inglewood,Los Angeles County,2021-01,72
90304,Inglewood,Los Angeles County,2021-04,87
90304,Inglewood,Los Angeles County,2021-05,71
90304,Inglewood,Los Angeles County,2024-02,45
90304,Inglewood,Los Angeles County,2024-04,56
90304,Inglewood,Los Angeles County,2025-11,59
90305,Inglewood,Los Angeles County,2013-06,80
90305,Inglewood,Los Angeles County,2013-12,80
90305,Inglewood,Los Angeles County,2014-10,79
90305,Inglewood,Los Angeles County,2016-05,90
90305,Inglewood,Los Angeles County,2017-06,90
90305,Inglewood,Los Angeles County,2018-03,82
90305,Inglewood,Los Angeles County,2018-09,72
90305,Inglewood,Los Angeles County,2019-07,78
90305,Inglewood,Los Angeles County,2020-04,72
90305,Inglewood,Los Angeles County,2020-07,73
90305,Inglewood,Los Angeles County,2021-01,83
90305,Inglewood,Los Angeles County,2022-06,81
90305,Inglewood,Los Angeles County,2023-01,61
90305,Inglewood,Los Angeles County,2023-10,58
90305,Inglewood,Los Angeles County,2024-01,57
90305,Inglewood,Los Angeles County,2024-05,68
90305,Inglewood,Los Angeles County,2024-07,69
90305,Inglewood,Los Angeles County,2024-09,58
90305,Inglewood,Los Angeles County,2025-08,65
90401,Santa Monica,Los Angeles County,2012-07,62
90401,Santa Monica,Los Angeles County,2012-09,59
90401,Santa Monica,Los Angeles County,2012-12,68
90401,Santa Monica,Los Angeles County,2013-01,69
90401,Santa Monica,Los Angeles County,2014-02,56
90401,Santa Monica,Los Angeles County,2014-08,31
90401,Santa Monica,Los Angeles County,2016-05,36
90401,Santa Monica,Los Angeles County,2016-10,85
90401,Santa Monica,Los Angeles County,2017-02,56
90401,Santa Monica,Los Angeles County,2017-03,71
90401,Santa Monica,Los Angeles County,2019-04,60
90401,Santa Monica,Los Angeles County,2019-07,82
90401,Santa Monica,Los Angeles County,2020-02,17
90401,Santa Monica,Los Angeles County,2022-06,70
90401,Santa Monica,Los Angeles County,2022-07,64
90401,Santa Monica,Los Angeles County,2023-02,34
90401,Santa Monica,Los Angeles County,2023-06,63
90401,Santa Monica,Los Angeles County,2024-02,27
90401,Santa Monica,Los Angeles County,2025-01,43
90401,Santa Monica,Los Angeles County,2025-05,41
90401,Santa Monica,Los Angeles County,2025-11,44
90401,Santa Monica,Los Angeles County,2025-12,49
90402,Santa Monica,Los Angeles County,2013-04,73
90402,Santa Monica,Los Angeles County,2013-05,69
90402,Santa Monica,Los Angeles County,2014-02,57
90402,Santa Monica,Los Angeles County,2014-09,70
90402,Santa Monica,Los Angeles County,2017-10,71
90402,Santa Monica,Los Angeles County,2017-12,73
90402,Santa Monica,Los Angeles County,2019-01,51
90402,Santa Monica,Los Angeles County,2019-05,72
90402,Santa Monica,Los Angeles County,2020-06,69
90402,Santa Monica,Los Angeles County,2020-08,61
90402,Santa Monica,Los Angeles County,2021-09,74
90402,Santa Monica,Los Angeles County,2022-01,68
90402,Santa Monica,Los Angeles County,2022-10,60
90402,Santa Monica,Los Angeles County,2023-05,65
90402,Santa Monica,Los Angeles County,2024-12,59
90402,Santa Monica,Los Angeles County,2025-08,59
90403,Santa Monica,Los Angeles County,2012-03,49
90403,Santa Monica,Los Angeles County,2012-08,75
90403,Santa Monica,Los Angeles County,2013-05,89
90403,Santa Monica,Los Angeles County,2013-06,87
90403,Santa Monica,Los Angeles County,2013-07,92
90403,Santa Monica,Los Angeles County,2013-08,92
90403,Santa Monica,Los Angeles County,2013-12,94
90403,Santa Monica,Los Angeles County,2015-01,83
90403,Santa Monica,Los Angeles County,2016-06,83
90403,Santa Monica,Los Angeles County,2016-07,83
90403,Santa Monica,Los Angeles County,2017-04,92
90403,Santa Monica,Los Angeles County,2017-12,80
90403,Santa Monica,Los Angeles County,2018-11,72
90403,Santa Monica,Los Angeles County,2019-01,75
90403,Santa Monica,Los Angeles County,2020-02,63
90403,Santa Monica,Los Angeles County,2020-06,72
90403,Santa Monica,Los Angeles County,2021-02,57
90403,Santa Monica,Los Angeles County,2021-12,72
90403,Santa Monica,Los Angeles County,2022-08,74
90403,Santa Monica,Los Angeles County,2022-12,69
90403,Santa Monica,Los Angeles County,2024-08,58
90403,Santa Monica,Los Angeles County,2025-03,57
90403,Santa Monica,Los Angeles County,2025-05,72
90404,Santa Monica,Los Angeles County,2012-11,76
90404,Santa Monica,Los Angeles County,2013-03,82
90404,Santa Monica,Los Angeles County,2013-11,76
90404,Santa Monica,Los Angeles County,2013-12,75
90404,Santa Monica,Los Angeles County,2014-07,83
90404,Santa Monica,Los Angeles County,2015-03,87
90404,Santa Monica,Los Angeles County,2015-06,86
90404,Santa Monica,Los Angeles County,2015-07,83
90404,Santa Monica,Los Angeles County,2016-03,89
90404,Santa Monica,Los Angeles County,2016-05,93
90404,Santa Monica,Los Angeles County,2016-11,70
90404,Santa Monica,Los Angeles County,2016-12,72
90404,Santa Monica,Los Angeles County,2018-04,81
90404,Santa Monica,Los Angeles County,2019-01,63
90404,Santa Monica,Los Angeles County,2019-03,73
90404,Santa Monica,Los Angeles County,2019-06,65
90404,Santa Monica,Los Angeles County,2019-08,68
90404,Santa Monica,Los Angeles County,2020-05,78
90404,Santa Monica,Los Angeles County,2021-10,68
90404,Santa Monica,Los Angeles County,2022-11,68
90404,Santa Monica,Los Angeles County,2022-12,64
90404,Santa Monica,Los Angeles County,2023-08,69
90404,Santa Monica,Los Angeles County,2024-02,60
90404,Santa Monica,Los Angeles County,2024-06,69
90404,Santa Monica,Los Angeles County,2024-07,65
90405,Santa Monica,Los Angeles County,2012-11,73
90405,Santa Monica,Los Angeles County,2014-03,81
90405,Santa Monica,Los Angeles County,2014-09,85
90405,Santa Monica,Los Angeles County,2015-05,89
90405,Santa Monica,Los Angeles County,2015-08,87
90405,Santa Monica,Los Angeles County,2015-11,88
90405,Santa Monica,Los Angeles County,2015-12,87
90405,Santa Monica,Los Angeles County,2016-03,83
90405,Santa Monica,Los Angeles County,2016-12,76
90405,Santa Monica,Los Angeles County,2017-07,86
90405,Santa Monica,Los Angeles County,2019-08,63
90405,Santa Monica,Los Angeles County,2019-11,66
90405,Santa Monica,Los Angeles County,2022-06,92
90405,Santa Monica,Los Angeles County,2022-10,73
90405,Santa Monica,Los Angeles County,2022-12,66
90405,Santa Monica,Los Angeles County,2023-03,64
90405,Santa Monica,Los Angeles County,2024-09,71
90405,Santa Monica,Los Angeles County,2025-04,73
90405,Santa Monica,Los Angeles County,2025-12,48
90408,Santa Monica,Los Angeles County,2012-10,90
90408,Santa Monica,Los Angeles County,2013-04,6
90408,Santa Monica,Los Angeles County,2017-11,83
90408,Santa Monica,Los Angeles County,2019-12,76
90408,Santa Monica,Los Angeles County,2021-01,85
90408,Santa Monica,Los Angeles County,2025-11,85
90501,Torrance,Los Angeles County,2012-06,72
90501,Torrance,Los Angeles County,2013-12,70
90501,Torrance,Los Angeles County,2014-12,62
90501,Torrance,Los Angeles County,2016-06,77
90501,Torrance,Los Angeles County,2017-02,75
90501,Torrance,Los Angeles County,2017-10,79
90501,Torrance,Los Angeles County,2017-12,69
90501,Torrance,Los Angeles County,2019-04,67
90501,Torrance,Los Angeles County,2019-11,77
90501,Torrance,Los Angeles County,2020-06,84
90501,Torrance,Los Angeles County,2020-10,90
90501,Torrance,Los Angeles County,2021-02,82
90501,Torrance,Los Angeles County,2021-05,95
90501,Torrance,Los Angeles County,2023-03,81
90501,Torrance,Los Angeles County,2023-05,81
90501,Torrance,Los Angeles County,2024-09,77
90501,Torrance,Los Angeles County,2024-12,71
90502,Torrance,Los Angeles County,2012-03,68
90502,Torrance,Los Angeles County,2013-11,85
90502,Torrance,Los Angeles County,2014-05,87
90502,Torrance,Los Angeles County,2014-06,84
90502,Torrance,Los Angeles County,2014-12,79
90502,Torrance,Los Angeles County,2015-11,76
90502,Torrance,Los Angeles County,2016-10,82
90502,Torrance,Los Angeles County,2017-07,82
90502,Torrance,Los Angeles County,2017-09,81
90502,Torrance,Los Angeles County,2019-04,64
90502,Torrance,Los Angeles County,2020-02,66
90502,Torrance,Los Angeles County,2020-04,78
90502,Torrance,Los Angeles County,2020-12,96
90502,Torrance,Los Angeles County,2021-05,100
90502,Torrance,Los Angeles County,2021-10,97
90502,Torrance,Los Angeles County,2022-07,100
90502,Torrance,Los Angeles County,2022-08,86
90502,Torrance,Los Angeles County,2023-02,71
90502,Torrance,Los Angeles County,2023-12,74
90502,Torrance,Los Angeles County,2024-03,84
90502,Torrance,Los Angeles County,2024-08,71
90502,Torrance,Los Angeles County,2024-11,71
90502,Torrance,Los Angeles County,2025-02,78
90502,Torrance,Los Angeles County,2025-08,77
90502,Torrance,Los Angeles County,2025-10,66
90503,Torrance,Los Angeles County,2012-06,73
90503,Torrance,Los Angeles County,2015-01,73
90503,Torrance,Los Angeles County,2015-11,79
90503,Torrance,Los Angeles County,2017-02,95
90503,Torrance,Los Angeles County,2017-03,95
90503,Torrance,Los Angeles County,2019-08,84
90503,Torrance,Los Angeles County,2020-10,100
90503,Torrance,Los Angeles County,2022-02,100
90503,Torrance,Los Angeles County,2024-08,96
90503,Torrance,Los Angeles County,2024-10,85
90503,Torrance,Los Angeles County,2025-02,86
90503,Torrance,Los Angeles County,2025-05,82
90503,Torrance,Los Angeles County,2025-10,79
90504,Torrance,Los Angeles County,2012-10,84
90504,Torrance,Los Angeles County,2014-01,85
90504,Torrance,Los Angeles County,2014-05,86
90504,Torrance,Los Angeles County,2016-03,70
90504,Torrance,Los Angeles County,2016-11,85
90504,Torrance,Los Angeles County,2017-01,83
90504,Torrance,Los Angeles County,2018-01,84
90504,Torrance,Los Angeles County,2018-10,76
90504,Torrance,Los Angeles County,2022-09,88
90504,Torrance,Los Angeles County,2022-12,79
90504,Torrance,Los Angeles County,2024-05,95
90504,Torrance,Los Angeles County,2025-02,92
90504,Torrance,Los Angeles County,2025-04,100
90505,Torrance,Los Angeles County,2012-08,78
90505,Torrance,Los Angeles County,2013-01,75
90505,Torrance,Los Angeles County,2013-02,80
90505,Torrance,Los Angeles County,2015-07,79
90505,Torrance,Los Angeles County,2016-02,72
90505,Torrance,Los Angeles County,2016-06,80
90505,Torrance,Los Angeles County,2017-04,86
90505,Torrance,Los Angeles County,2017-06,89
90505,Torrance,Los Angeles County,2017-07,85
90505,Torrance,Los Angeles County,2017-10,78
90505,Torrance,Los Angeles County,2017-11,67
90505,Torrance,Los Angeles County,2018-03,84
90505,Torrance,Los Angeles County,2018-12,70
90505,Torrance,Los Angeles County,2019-05,81
90505,Torrance,Los Angeles County,2020-06,76
90505,Torrance,Los Angeles County,2020-12,89
90505,Torrance,Los Angeles County,2021-02,89
90505,Torrance,Los Angeles County,2021-11,96
90505,Torrance,Los Angeles County,2022-02,100
90505,Torrance,Los Angeles County,2022-08,90
90505,Torrance,Los Angeles County,2024-08,89
90505,Torrance,Los Angeles County,2024-09,83
90505,Torrance,Los Angeles County,2024-10,81
90505,Torrance,Los Angeles County,2025-02,75
90505,Torrance,Los Angeles County,2025-03,79
90505,Torrance,Los Angeles County,2025-05,79
90601,Whittier,Los Angeles County,2012-04,54
90601,Whittier,Los Angeles County,2013-08,87
90601,Whittier,Los Angeles County,2013-09,85
90601,Whittier,Los Angeles County,2014-01,79
90601,Whittier,Los Angeles County,2014-04,85
90601,Whittier,Los Angeles County,2015-01,74
90601,Whittier,Los Angeles County,2015-04,68
90601,Whittier,Los Angeles County,2015-11,74
90601,Whittier,Los Angeles County,2017-02,64
90601,Whittier,Los Angeles County,2018-01,68
90601,Whittier,Los Angeles County,2018-07,76
90601,Whittier,Los Angeles County,2018-11,65
90601,Whittier,Los Angeles County,2019-08,67
90601,Whittier,Los Angeles County,2019-09,70
90601,Whittier,Los Angeles County,2020-02,66
90601,Whittier,Los Angeles County,2022-01,96
90601,Whittier,Los Angeles County,2024-02,68
90601,Whittier,Los Angeles County,2025-01,71
90601,Whittier,Los Angeles County,2025-08,81
90602,Whittier,Los Angeles County,2012-07,62
90602,Whittier,Los Angeles County,2015-01,46
90602,Whittier,Los Angeles County,2015-05,71
90602,Whittier,Los Angeles County,2015-06,74
90602,Whittier,Los Angeles County,2016-11,59
90602,Whittier,Los Angeles County,2018-04,62
90602,Whittier,Los Angeles County,2018-08,78
90602,Whittier,Los Angeles County,2019-02,51
90602,Whittier,Los Angeles County,2019-11,71
90602,Whittier,Los Angeles County,2020-05,70
90602,Whittier,Los Angeles County,2020-12,85
90602,Whittier,Los Angeles County,2021-03,91
90602,Whittier,Los Angeles County,2022-06,90
90602,Whittier,Los Angeles County,2022-09,80
90602,Whittier,Los Angeles County,2023-08,87
90602,Whittier,Los Angeles County,2024-08,81
90602,Whittier,Los Angeles County,2025-01,61
90603,Whittier,Los Angeles County,2014-12,65
90603,Whittier,Los Angeles County,2015-01,60
90603,Whittier,Los Angeles County,2015-04,63
90603,Whittier,Los Angeles County,2017-03,76
90603,Whittier,Los Angeles County,2017-07,71
90603,Whittier,Los Angeles County,2018-03,72
90603,Whittier,Los Angeles County,2018-04,78
90603,Whittier,Los Angeles County,2020-11,95
90603,Whittier,Los Angeles County,2020-12,96
90603,Whittier,Los Angeles County,2021-10,94
90603,Whittier,Los Angeles County,2022-04,100
90603,Whittier,Los Angeles County,2022-09,88
90603,Whittier,Los Angeles County,2023-07,93
90603,Whittier,Los Angeles County,2024-01,77
90603,Whittier,Los Angeles County,2025-03,73
90604,Whittier,Los Angeles County,2013-06,90
90604,Whittier,Los Angeles County,2013-09,85
90604,Whittier,Los Angeles County,2013-12,76
90604,Whittier,Los Angeles County,2015-11,76
90604,Whittier,Los Angeles County,2017-02,69
90604,Whittier,Los Angeles County,2017-11,75
90604,Whittier,Los Angeles County,2018-08,73
90604,Whittier,Los Angeles County,2019-02,60
90604,Whittier,Los Angeles County,2022-01,100
90604,Whittier,Los Angeles County,2022-02,99
90604,Whittier,Los Angeles County,2024-03,91
90605,Whittier,Los Angeles County,2012-10,73
90605,Whittier,Los Angeles County,2013-06,84
90605,Whittier,Los Angeles County,2013-11,83
90605,Whittier,Los Angeles County,2015-09,73
90605,Whittier,Los Angeles County,2016-01,62
90605,Whittier,Los Angeles County,2018-02,71
90605,Whittier,Los Angeles County,2018-10,66
90605,Whittier,Los Angeles County,2018-11,66
90605,Whittier,Los Angeles County,2018-12,71
90605,Whittier,Los Angeles County,2020-02,83
90605,Whittier,Los Angeles County,2021-10,96
90605,Whittier,Los Angeles County,2022-02,95
90605,Whittier,Los Angeles County,2022-06,100
90605,Whittier,Los Angeles County,2023-02,63
90605,Whittier,Los Angeles County,2023-12,79
90605,Whittier,Los Angeles County,2024-01,67
90605,Whittier,Los Angeles County,2024-06,85
90605,Whittier,Los Angeles County,2025-08,71
90606,Whittier,Los Angeles County,2012-11,67
90606,Whittier,Los Angeles County,2012-12,72
90606,Whittier,Los Angeles County,2015-12,73
90606,Whittier,Los Angeles County,2018-05,95
90606,Whittier,Los Angeles County,2019-05,70
90606,Whittier,Los Angeles County,2019-10,82
90606,Whittier,Los Angeles County,2020-06,93
90606,Whittier,Los Angeles County,2021-01,83
90606,Whittier,Los Angeles County,2021-09,93
90606,Whittier,Los Angeles County,2022-01,89
90606,Whittier,Los Angeles County,2022-11,77
90606,Whittier,Los Angeles County,2023-08,82
90606,Whittier,Los Angeles County,2024-09,90
90607,Whittier,Los Angeles County,2013-05,89
90607,Whittier,Los Angeles County,2019-06,100
90607,Whittier,Los Angeles County,2020-10,100
90607,Whittier,Los Angeles County,2023-10,95
90620,Buena Park,Orange County,2013-08,83
90620,Buena Park,Orange County,2015-01,71
90620,Buena Park,Orange County,2015-09,78
90620,Buena Park,Orange County,2016-04,79
90620,Buena Park,Orange County,2017-03,75
90620,Buena Park,Orange County,2019-01,60
90620,Buena Park,Orange County,2019-05,77
90620,Buena Park,Orange County,2019-08,78
90620,Buena Park,Orange County,2019-12,79
90620,Buena Park,Orange County,2020-02,80
90620,Buena Park,Orange County,2020-12,96
90620,Buena Park,Orange County,2022-06,91
90620,Buena Park,Orange County,2024-07,89
90620,Buena Park,Orange County,2025-04,82
90620,Buena Park,Orange County,2025-06,80
90620,Buena Park,Orange County,2025-07,84
90620,Buena Park,Orange County,2025-10,76
90621,Buena Park,Orange County,2015-06,66
90621,Buena Park,Orange County,2016-07,74
90621,Buena Park,Orange County,2017-01,54
90621,Buena Park,Orange County,2018-08,67
90621,Buena Park,Orange County,2019-02,58
90621,Buena Park,Orange County,2019-09,73
90621,Buena Park,Orange County,2020-05,74
90621,Buena Park,Orange County,2021-04,91
90621,Buena Park,Orange County,2021-09,100
90621,Buena Park,Orange County,2022-05,100
90621,Buena Park,Orange County,2022-12,57
90621,Buena Park,Orange County,2023-10,84
90621,Buena Park,Orange County,2023-11,88
90621,Buena Park,Orange County,2023-12,74
90621,Buena Park,Orange County,2024-03,81
90621,Buena Park,Orange County,2024-07,88
90621,Buena Park,Orange County,2024-11,75
90621,Buena Park,Orange County,2025-07,74
90623,La Palma,Orange County,2012-04,69
90623,La Palma,Orange County,2015-02,60
90623,La Palma,Orange County,2015-08,71
90623,La Palma,Orange County,2016-05,71
90623,La Palma,Orange County,2017-06,82
90623,La Palma,Orange County,2018-06,82
90623,La Palma,Orange County,2018-12,59
90623,La Palma,Orange County,2019-07,78
90623,La Palma,Orange County,2019-09,72
90623,La Palma,Orange County,2020-08,88
90623,La Palma,Orange County,2020-10,99
90623,La Palma,Orange County,2021-10,96
90623,La Palma,Orange County,2021-11,92
90623,La Palma,Orange County,2023-10,97
90623,La Palma,Orange County,2024-07,96
90623,La Palma,Orange County,2024-09,97
90623,La Palma,Orange County,2025-09,80
90630,Cypress,Orange County,2012-07,73
90630,Cypress,Orange County,2012-10,75
90630,Cypress,Orange County,2013-06,89
90630,Cypress,Orange County,2013-08,82
90630,Cypress,Orange County,2013-09,81
90630,Cypress,Orange County,2014-03,74
90630,Cypress,Orange County,2014-05,79
90630,Cypress,Orange County,2014-06,78
90630,Cypress,Orange County,2015-03,73
90630,Cypress,Orange County,2015-06,80
90630,Cypress,Orange County,2016-01,64
90630,Cypress,Orange County,2017-01,70
90630,Cypress,Orange County,2017-02,73
90630,Cypress,Orange County,2017-08,75
90630,Cypress,Orange County,2017-11,68
90630,Cypress,Orange County,2019-02,57
90630,Cypress,Orange County,2019-05,72
90630,Cypress,Orange County,2020-07,89
90630,Cypress,Orange County,2023-01,70
90630,Cypress,Orange County,2023-03,78
90630,Cypress,Orange County,2023-08,97
90630,Cypress,Orange County,2025-01,83
90631,La Habra,Orange County,2012-04,53
90631,La Habra,Orange County,2012-08,72
90631,La Habra,Orange County,2012-09,67
90631,La Habra,Orange County,2013-03,83
90631,La Habra,Orange County,2013-11,80
90631,La Habra,Orange County,2016-03,74
90631,La Habra,Orange County,2016-04,76
90631,La Habra,Orange County,2016-12,70
90631,La Habra,Orange County,2018-12,63
90631,La Habra,Orange County,2019-07,67
90631,La Habra,Orange County,2020-01,69
90631,La Habra,Orange County,2020-05,84
90631,La Habra,Orange County,2020-06,86
90631,La Habra,Orange County,2022-09,78
90631,La Habra,Orange County,2023-03,77
90631,La Habra,Orange County,2023-04,88
90631,La Habra,Orange County,2023-05,94
90631,La Habra,Orange County,2024-08,84
90631,La Habra,Orange County,2025-05,78
90631,La Habra,Orange County,2025-10,71
90631,La Habra,Orange County,2025-11,71
90633,La Habra,Orange County,2019-12,87
90633,La Habra,Orange County,2020-10,37
90633,La Habra,Orange County,2023-11,43
90638,La Mirada,Los Angeles County,2013-09,90
90638,La Mirada,Los Angeles County,2014-03,80
90638,La Mirada,Los Angeles County,2014-04,81
90638,La Mirada,Los Angeles County,2014-09,80
90638,La Mirada,Los Angeles County,2015-12,67
90638,La Mirada,Los Angeles County,2016-02,73
90638,La Mirada,Los Angeles County,2017-09,80
90638,La Mirada,Los Angeles County,2018-08,77
90638,La Mirada,Los Angeles County,2018-12,61
90638,La Mirada,Los Angeles County,2019-04,73
90638,La Mirada,Los Angeles County,2020-02,82
90638,La Mirada,Los Angeles County,2020-05,89
90638,La Mirada,Los Angeles County,2020-08,92
90638,La Mirada,Los Angeles County,2020-10,99
90638,La Mirada,Los Angeles County,2022-02,100
90638,La Mirada,Los Angeles County,2022-05,100
90638,La Mirada,Los Angeles County,2022-09,84
90638,La Mirada,Los Angeles County,2022-11,72
90638,La Mirada,Los Angeles County,2024-03,83
90638,La Mirada,Los Angeles County,2024-11,83
90640,Montebello,Los Angeles County,2012-05,55
90640,Montebello,Los Angeles County,2012-08,67
90640,Montebello,Los Angeles County,2012-10,70
90640,Montebello,Los Angeles County,2013-11,75
90640,Montebello,Los Angeles County,2014-04,76
90640,Montebello,Los Angeles County,2014-11,74
90640,Montebello,Los Angeles County,2015-12,73
90640,Montebello,Los Angeles County,2016-03,70
90640,Montebello,Los Angeles County,2016-09,77
90640,Montebello,Los Angeles County,2017-01,72
90640,Montebello,Los Angeles County,2017-02,65
90640,Montebello,Los Angeles County,2017-08,73
90640,Montebello,Los Angeles County,2018-02,67
90640,Montebello,Los Angeles County,2019-04,72
90640,Montebello,Los Angeles County,2020-08,89
90640,Montebello,Los Angeles County,2020-12,80
90640,Montebello,Los Angeles County,2021-01,78
90640,Montebello,Los Angeles County,2021-07,95
90640,Montebello,Los Angeles County,2022-01,87
90640,Montebello,Los Angeles County,2022-04,100
90640,Montebello,Los Angeles County,2024-08,76
90640,Montebello,Los Angeles County,2024-12,66
90650,Norwalk,Los Angeles County,2014-07,87
90650,Norwalk,Los Angeles County,2014-10,81
90650,Norwalk,Los Angeles County,2014-12,75
90650,Norwalk,Los Angeles County,2017-02,76
90650,Norwalk,Los Angeles County,2017-04,78
90650,Norwalk,Los Angeles County,2017-07,87
90650,Norwalk,Los Angeles County,2017-09,85
90650,Norwalk,Los Angeles County,2017-12,80
90650,Norwalk,Los Angeles County,2019-07,82
90650,Norwalk,Los Angeles County,2019-08,85
90650,Norwalk,Los Angeles County,2020-05,92
90650,Norwalk,Los Angeles County,2020-12,95
90650,Norwalk,Los Angeles County,2023-06,98
90650,Norwalk,Los Angeles County,2024-08,93
90650,Norwalk,Los Angeles County,2024-09,91
90660,Pico Rivera,Los Angeles County,2014-11,73
90660,Pico Rivera,Los Angeles County,2015-01,77
90660,Pico Rivera,Los Angeles County,2017-01,73
90660,Pico Rivera,Los Angeles County,2018-04,82
90660,Pico Rivera,Los Angeles County,2018-06,82
90660,Pico Rivera,Los Angeles County,2019-08,79
90660,Pico Rivera,Los Angeles County,2020-01,72
90660,Pico Rivera,Los Angeles County,2020-04,84
90660,Pico Rivera,Los Angeles County,2020-06,83
90660,Pico Rivera,Los Angeles County,2021-03,94
90660,Pico Rivera,Los Angeles County,2021-04,97
90660,Pico Rivera,Los Angeles County,2021-09,96
90660,Pico Rivera,Los Angeles County,2022-02,100
90660,Pico Rivera,Los Angeles County,2023-02,65
90660,Pico Rivera,Los Angeles County,2023-10,88
90660,Pico Rivera,Los Angeles County,2024-09,83
90660,Pico Rivera,Los Angeles County,2025-01,78
90660,Pico Rivera,Los Angeles County,2025-02,76
90660,Pico Rivera,Los Angeles County,2025-10,74
90670,Santa Fe Springs,Los Angeles County,2013-08,93
90670,Santa Fe Springs,Los Angeles County,2013-12,91
90670,Santa Fe Springs,Los Angeles County,2014-08,75
90670,Santa Fe Springs,Los Angeles County,2015-09,74
90670,Santa Fe Springs,Los Angeles County,2016-09,82
90670,Santa Fe Springs,Los Angeles County,2016-11,79
90670,Santa Fe Springs,Los Angeles County,2017-02,61
90670,Santa Fe Springs,Los Angeles County,2019-11,77
90670,Santa Fe Springs,Los Angeles County,2020-01,89
90670,Santa Fe Springs,Los Angeles County,2020-06,80
90670,Santa Fe Springs,Los Angeles County,2021-09,94
90670,Santa Fe Springs,Los Angeles County,2021-11,93
90670,Santa Fe Springs,Los Angeles County,2022-02,100
90670,Santa Fe Springs,Los Angeles County,2022-04,100
90670,Santa Fe Springs,Los Angeles County,2022-09,75
90670,Santa Fe Springs,Los Angeles County,2024-11,66
90670,Santa Fe Springs,Los Angeles County,2025-02,81
90670,Santa Fe Springs,Los Angeles County,2025-05,90
90670,Santa Fe Springs,Los Angeles County,2025-09,66
90680,Stanton,Orange County,2013-06,87
90680,Stanton,Orange County,2014-02,69
90680,Stanton,Orange County,2014-09,65
90680,Stanton,Orange County,2014-12,55
90680,Stanton,Orange County,2015-03,70
90680,Stanton,Orange County,2015-07,73
90680,Stanton,Orange County,2015-11,72
90680,Stanton,Orange County,2017-05,90
90680,Stanton,Orange County,2019-07,74
90680,Stanton,Orange County,2019-09,75
90680,Stanton,Orange County,2020-07,87
90680,Stanton,Orange County,2021-04,99
90680,Stanton,Orange County,2022-11,68
90680,Stanton,Orange County,2023-09,95
90680,Stanton,Orange County,2025-06,84
90680,Stanton,Orange County,2025-11,76
90701,Artesia,Los Angeles County,2012-05,73
90701,Artesia,Los Angeles County,2012-11,77
90701,Artesia,Los Angeles County,2013-01,72
90701,Artesia,Los Angeles County,2013-02,69
90701,Artesia,Los Angeles County,2013-12,81
90701,Artesia,Los Angeles County,2014-06,71
90701,Artesia,Los Angeles County,2015-11,66
90701,Artesia,Los Angeles County,2017-02,60
90701,Artesia,Los Angeles County,2017-04,70
90701,Artesia,Los Angeles County,2017-08,69
90701,Artesia,Los Angeles County,2018-02,60
90701,Artesia,Los Angeles County,2019-04,51
90701,Artesia,Los Angeles County,2019-05,63
90701,Artesia,Los Angeles County,2020-02,55
90701,Artesia,Los Angeles County,2021-06,89
90701,Artesia,Los Angeles County,2021-11,84
90701,Artesia,Los Angeles County,2022-04,89
90701,Artesia,Los Angeles County,2023-11,82
90701,Artesia,Los Angeles County,2024-03,73
90701,Artesia,Los Angeles County,2024-07,77
90701,Artesia,Los Angeles County,2024-12,73
90701,Artesia,Los Angeles County,2025-07,67
90702,Artesia,Los Angeles County,2012-06,0
90702,Artesia,Los Angeles County,2016-08,71
90702,Artesia,Los Angeles County,2016-10,100
90702,Artesia,Los Angeles County,2016-11,86
90702,Artesia,Los Angeles County,2018-05,22
90702,Artesia,Los Angeles County,2021-04,75
90702,Artesia,Los Angeles County,2022-05,59
90702,Artesia,Los Angeles County,2022-08,70
90702,Artesia,Los Angeles County,2023-09,84
90702,Artesia,Los Angeles County,2024-01,71
90703,Cerritos,Los Angeles County,2013-08,81
90703,Cerritos,Los Angeles County,2014-08,82
90703,Cerritos,Los Angeles County,2014-09,79
90703,Cerritos,Los Angeles County,2014-12,63
90703,Cerritos,Los Angeles County,2015-03,69
90703,Cerritos,Los Angeles County,2015-12,64
90703,Cerritos,Los Angeles County,2016-05,72
90703,Cerritos,Los Angeles County,2017-07,74
90703,Cerritos,Los Angeles County,2017-09,75
90703,Cerritos,Los Angeles County,2018-01,67
90703,Cerritos,Los Angeles County,2019-01,62
90703,Cerritos,Los Angeles County,2019-03,62
90703,Cerritos,Los Angeles County,2019-11,68
90703,Cerritos,Los Angeles County,2022-10,80
90703,Cerritos,Los Angeles County,2024-03,100
90703,Cerritos,Los Angeles County,2024-04,97
90703,Cerritos,Los Angeles County,2024-10,84
90703,Cerritos,Los Angeles County,2025-07,81
90704,Avalon,Los Angeles County,2013-03,0
90704,Avalon,Los Angeles County,2013-10,31
90704,Avalon,Los Angeles County,2018-03,70
90704,Avalon,Los Angeles County,2018-06,67
90704,Avalon,Los Angeles County,2018-07,42
90704,Avalon,Los Angeles County,2019-02,60
90704,Avalon,Los Angeles County,2019-09,48
90704,Avalon,Los Angeles County,2020-06,31
90704,Avalon,Los Angeles County,2021-10,61
90704,Avalon,Los Angeles County,2022-04,100
90706,Bellflower,Los Angeles County,2012-10,76
90706,Bellflower,Los Angeles County,2012-11,79
90706,Bellflower,Los Angeles County,2013-01,79
90706,Bellflower,Los Angeles County,2014-03,76
90706,Bellflower,Los Angeles County,2014-07,78
90706,Bellflower,Los Angeles County,2017-07,72
90706,Bellflower,Los Angeles County,2019-09,69
90706,Bellflower,Los Angeles County,2020-11,85
90706,Bellflower,Los Angeles County,2020-12,87
90706,Bellflower,Los Angeles County,2021-01,84
90706,Bellflower,Los Angeles County,2021-03,88
90706,Bellflower,Los Angeles County,2021-06,96
90706,Bellflower,Los Angeles County,2022-03,94
90706,Bellflower,Los Angeles County,2022-04,93
90706,Bellflower,Los Angeles County,2023-02,72
90706,Bellflower,Los Angeles County,2024-08,77
90706,Bellflower,Los Angeles County,2025-04,77
90706,Bellflower,Los Angeles County,2025-09,77
90710,Harbor City,Los Angeles County,2012-12,76
90710,Harbor City,Los Angeles County,2013-10,81
90710,Harbor City,Los Angeles County,2014-08,76
90710,Harbor City,Los Angeles County,2016-12,73
90710,Harbor City,Los Angeles County,2017-01,66
90710,Harbor City,Los Angeles County,2017-09,70
90710,Harbor City,Los Angeles County,2018-02,69
90710,Harbor City,Los Angeles County,2018-05,83
90710,Harbor City,Los Angeles County,2018-07,77
90710,Harbor City,Los Angeles County,2019-03,76
90710,Harbor City,Los Angeles County,2019-05,66
90710,Harbor City,Los Angeles County,2019-06,74
90710,Harbor City,Los Angeles County,2019-08,77
90710,Harbor City,Los Angeles County,2019-11,62
90710,Harbor City,Los Angeles County,2020-01,64
90710,Harbor City,Los Angeles County,2020-04,73
90710,Harbor City,Los Angeles County,2021-10,93
90710,Harbor City,Los Angeles County,2023-08,87
90710,Harbor City,Los Angeles County,2025-06,73
90712,Lakewood,Los Angeles County,2014-09,78
90712,Lakewood,Los Angeles County,2017-06,89
90712,Lakewood,Los Angeles County,2018-03,87
90712,Lakewood,Los Angeles County,2020-08,97
90712,Lakewood,Los Angeles County,2020-10,100
90712,Lakewood,Los Angeles County,2021-10,95
90712,Lakewood,Los Angeles County,2022-06,100
90712,Lakewood,Los Angeles County,2023-01,87
90712,Lakewood,Los Angeles County,2023-06,100
90712,Lakewood,Los Angeles County,2023-11,97
90712,Lakewood,Los Angeles County,2024-08,86
90713,Lakewood,Los Angeles County,2012-03,67
90713,Lakewood,Los Angeles County,2014-01,82
90713,Lakewood,Los Angeles County,2014-02,79
90713,Lakewood,Los Angeles County,2014-03,83
90713,Lakewood,Los Angeles County,2014-05,82
90713,Lakewood,Los Angeles County,2015-02,76
90713,Lakewood,Los Angeles County,2015-10,75
90713,Lakewood,Los Angeles County,2015-12,85
90713,Lakewood,Los Angeles County,2016-07,88
90713,Lakewood,Los Angeles County,2018-09,74
90713,Lakewood,Los Angeles County,2019-11,82
90713,Lakewood,Los Angeles County,2020-04,98
90713,Lakewood,Los Angeles County,2021-06,100
90713,Lakewood,Los Angeles County,2022-05,100
90713,Lakewood,Los Angeles County,2022-07,90
90713,Lakewood,Los Angeles County,2024-06,96
90713,Lakewood,Los Angeles County,2024-08,93
90715,Lakewood,Los Angeles County,2012-12,94
90715,Lakewood,Los Angeles County,2013-02,96
90715,Lakewood,Los Angeles County,2016-01,72
90715,Lakewood,Los Angeles County,2016-06,78
90715,Lakewood,Los Angeles County,2016-10,75
90715,Lakewood,Los Angeles County,2017-04,77
90715,Lakewood,Los Angeles County,2017-05,77
90715,Lakewood,Los Angeles County,2019-01,70
90715,Lakewood,Los Angeles County,2020-02,79
90715,Lakewood,Los Angeles County,2020-04,86
90715,Lakewood,Los Angeles County,2021-02,94
90715,Lakewood,Los Angeles County,2021-03,99
90715,Lakewood,Los Angeles County,2022-09,81
90715,Lakewood,Los Angeles County,2023-06,95
90715,Lakewood,Los Angeles County,2023-08,97
90715,Lakewood,Los Angeles County,2023-10,96
90715,Lakewood,Los Angeles County,2023-11,89
90715,Lakewood,Los Angeles County,2025-09,62
90716,Hawaiian Gardens,Los Angeles County,2013-12,81
90716,Hawaiian Gardens,Los Angeles County,2014-04,76
90716,Hawaiian Gardens,Los Angeles County,2014-07,72
90716,Hawaiian Gardens,Los Angeles County,2014-11,77
90716,Hawaiian Gardens,Los Angeles County,2015-08,80
90716,Hawaiian Gardens,Los Angeles County,2015-12,54
90716,Hawaiian Gardens,Los Angeles County,2017-03,76
90716,Hawaiian Gardens,Los Angeles County,2017-09,81
90716,Hawaiian Gardens,Los Angeles County,2018-04,72
90716,Hawaiian Gardens,Los Angeles County,2018-05,72
90716,Hawaiian Gardens,Los Angeles County,2019-07,64
90716,Hawaiian Gardens,Los Angeles County,2019-08,71
90716,Hawaiian Gardens,Los Angeles County,2020-05,76
90716,Hawaiian Gardens,Los Angeles County,2021-02,85
90716,Hawaiian Gardens,Los Angeles County,2021-08,82
90716,Hawaiian Gardens,Los Angeles County,2021-09,82
90716,Hawaiian Gardens,Los Angeles County,2022-04,85
90716,Hawaiian Gardens,Los Angeles County,2022-06,75
90716,Hawaiian Gardens,Los Angeles County,2023-03,72
90716,Hawaiian Gardens,Los Angeles County,2023-12,68
90716,Hawaiian Gardens,Los Angeles County,2024-04,80
90716,Hawaiian Gardens,Los Angeles County,2025-05,70
90717,Lomita,Los Angeles County,2012-04,56
90717,Lomita,Los Angeles County,2012-10,77
90717,Lomita,Los Angeles County,2013-04,83
90717,Lomita,Los Angeles County,2013-08,92
90717,Lomita,Los Angeles County,2014-07,78
90717,Lomita,Los Angeles County,2016-09,73
90717,Lomita,Los Angeles County,2017-01,68
90717,Lomita,Los Angeles County,2017-07,78
90717,Lomita,Los Angeles County,2018-12,61
90717,Lomita,Los Angeles County,2019-02,68
90717,Lomita,Los Angeles County,2021-10,95
90717,Lomita,Los Angeles County,2023-03,83
90717,Lomita,Los Angeles County,2023-12,65
90717,Lomita,Los Angeles County,2024-02,73
90717,Lomita,Los Angeles County,2024-03,70
90717,Lomita,Los Angeles County,2024-04,81
90717,Lomita,Los Angeles County,2024-10,79
90717,Lomita,Los Angeles County,2024-11,82
90717,Lomita,Los Angeles County,2025-04,83
90717,Lomita,Los Angeles County,2025-08,73
90720,Los Alamitos,Orange County,2013-04,75
90720,Los Alamitos,Orange County,2014-07,76
90720,Los Alamitos,Orange County,2014-09,67
90720,Los Alamitos,Orange County,2015-07,64
90720,Los Alamitos,Orange County,2016-04,67
90720,Los Alamitos,Orange County,2018-11,63
90720,Los Alamitos,Orange County,2019-04,69
90720,Los Alamitos,Orange County,2019-06,65
90720,Los Alamitos,Orange County,2019-08,55
90720,Los Alamitos,Orange County,2020-05,86
90720,Los Alamitos,Orange County,2020-09,73
90720,Los Alamitos,Orange County,2021-09,96
90720,Los Alamitos,Orange County,2022-09,73
90720,Los Alamitos,Orange County,2023-05,81
90720,Los Alamitos,Orange County,2023-11,74
90720,Los Alamitos,Orange County,2024-03,87
90720,Los Alamitos,Orange County,2024-06,83
90723,Paramount,Los Angeles County,2014-04,86
90723,Paramount,Los Angeles County,2015-02,63
90723,Paramount,Los Angeles County,2016-02,70
90723,Paramount,Los Angeles County,2017-01,69
90723,Paramount,Los Angeles County,2018-04,78
90723,Paramount,Los Angeles County,2019-12,80
90723,Paramount,Los Angeles County,2020-05,77
90723,Paramount,Los Angeles County,2021-04,94
90723,Paramount,Los Angeles County,2022-02,84
90723,Paramount,Los Angeles County,2022-07,81
90723,Paramount,Los Angeles County,2022-08,81
90723,Paramount,Los Angeles County,2022-11,65
90723,Paramount,Los Angeles County,2023-06,94
90723,Paramount,Los Angeles County,2023-10,82
90723,Paramount,Los Angeles County,2023-11,87
90723,Paramount,Los Angeles County,2023-12,88
90723,Paramount,Los Angeles County,2024-02,87
90723,Paramount,Los Angeles County,2025-10,59
90731,San Pedro,Los Angeles County,2012-04,57
90731,San Pedro,Los Angeles County,2016-02,56
90731,San Pedro,Los Angeles County,2016-09,70
90731,San Pedro,Los Angeles County,2016-10,66
90731,San Pedro,Los Angeles County,2017-07,73
90731,San Pedro,Los Angeles County,2019-06,68
90731,San Pedro,Los Angeles County,2019-08,67
90731,San Pedro,Los Angeles County,2019-10,63
90731,San Pedro,Los Angeles County,2019-11,63
90731,San Pedro,Los Angeles County,2022-06,90
90731,San Pedro,Los Angeles County,2022-07,87
90731,San Pedro,Los Angeles County,2022-08,83
90731,San Pedro,Los Angeles County,2022-11,69
90731,San Pedro,Los Angeles County,2023-08,85
90731,San Pedro,Los Angeles County,2023-11,85
90731,San Pedro,Los Angeles County,2024-06,71
90731,San Pedro,Los Angeles County,2024-09,66
90731,San Pedro,Los Angeles County,2025-10,69
90732,San Pedro,Los Angeles County,2012-04,63
90732,San Pedro,Los Angeles County,2012-08,86
90732,San Pedro,Los Angeles County,2013-01,84
90732,San Pedro,Los Angeles County,2014-03,71
90732,San Pedro,Los Angeles County,2014-04,73
90732,San Pedro,Los Angeles County,2014-05,75
90732,San Pedro,Los Angeles County,2014-07,80
90732,San Pedro,Los Angeles County,2014-11,68
90732,San Pedro,Los Angeles County,2016-11,72
90732,San Pedro,Los Angeles County,2020-01,71
90732,San Pedro,Los Angeles County,2020-08,81
90732,San Pedro,Los Angeles County,2020-12,90
90732,San Pedro,Los Angeles County,2022-11,76
90732,San Pedro,Los Angeles County,2023-09,83
90732,San Pedro,Los Angeles County,2024-11,76
90732,San Pedro,Los Angeles County,2025-09,71
90740,Seal Beach,Orange County,2013-09,86
90740,Seal Beach,Orange County,2016-08,59
90740,Seal Beach,Orange County,2016-10,65
90740,Seal Beach,Orange County,2018-08,62
90740,Seal Beach,Orange County,2019-08,57
90740,Seal Beach,Orange County,2019-09,53
90740,Seal Beach,Orange County,2020-02,44
90740,Seal Beach,Orange County,2020-12,72
90740,Seal Beach,Orange County,2021-05,76
90740,Seal Beach,Orange County,2022-01,80
90740,Seal Beach,Orange County,2022-02,79
90740,Seal Beach,Orange County,2022-05,94
90740,Seal Beach,Orange County,2022-06,93
90740,Seal Beach,Orange County,2023-02,64
90740,Seal Beach,Orange County,2023-04,68
90740,Seal Beach,Orange County,2023-11,69
90740,Seal Beach,Orange County,2024-07,65
90740,Seal Beach,Orange County,2025-02,65
90740,Seal Beach,Orange County,2025-04,75
90743,Surfside,Orange County,2014-01,51
90743,Surfside,Orange County,2014-11,30
90743,Surfside,Orange County,2016-07,0
90743,Surfside,Orange County,2016-12,0
90743,Surfside,Orange County,2019-10,21
90743,Surfside,Orange County,2021-04,59
90743,Surfside,Orange County,2023-04,0
90743,Surfside,Orange County,2024-10,33
90743,Surfside,Orange County,2025-01,52
90744,Wilmington,Los Angeles County,2012-05,68
90744,Wilmington,Los Angeles County,2012-06,69
90744,Wilmington,Los Angeles County,2013-05,84
90744,Wilmington,Los Angeles County,2013-07,83
90744,Wilmington,Los Angeles County,2013-10,85
90744,Wilmington,Los Angeles County,2014-05,82
90744,Wilmington,Los Angeles County,2014-06,80
90744,Wilmington,Los Angeles County,2015-11,75
90744,Wilmington,Los Angeles County,2016-04,69
90744,Wilmington,Los Angeles County,2016-08,85
90744,Wilmington,Los Angeles County,2017-02,68
90744,Wilmington,Los Angeles County,2017-04,77
90744,Wilmington,Los Angeles County,2017-12,70
90744,Wilmington,Los Angeles County,2020-02,62
90744,Wilmington,Los Angeles County,2020-03,71
90744,Wilmington,Los Angeles County,2021-03,86
90744,Wilmington,Los Angeles County,2022-05,95
90744,Wilmington,Los Angeles County,2023-06,86
90744,Wilmington,Los Angeles County,2023-10,71
90745,Carson,Los Angeles County,2012-04,62
90745,Carson,Los Angeles County,2012-07,75
90745,Carson,Los Angeles County,2012-08,77
90745,Carson,Los Angeles County,2013-02,84
90745,Carson,Los Angeles County,2013-04,89
90745,Carson,Los Angeles County,2013-10,84
90745,Carson,Los Angeles County,2014-08,82
90745,Carson,Los Angeles County,2015-01,69
90745,Carson,Los Angeles County,2015-03,70
90745,Carson,Los Angeles County,2016-05,81
90745,Carson,Los Angeles County,2017-01,72
90745,Carson,Los Angeles County,2017-06,79
90745,Carson,Los Angeles County,2017-11,82
90745,Carson,Los Angeles County,2018-05,84
90745,Carson,Los Angeles County,2018-08,78
90745,Carson,Los Angeles County,2018-09,74
90745,Carson,Los Angeles County,2019-03,84
90745,Carson,Los Angeles County,2019-05,83
90745,Carson,Los Angeles County,2020-10,92
90745,Carson,Los Angeles County,2021-04,95
90745,Carson,Los Angeles County,2021-09,90
90745,Carson,Los Angeles County,2022-01,89
90745,Carson,Los Angeles County,2023-01,71
90745,Carson,Los Angeles County,2023-05,94
90745,Carson,Los Angeles County,2024-03,90
90745,Carson,Los Angeles County,2025-08,71
90746,Carson,Los Angeles County,2013-04,85
90746,Carson,Los Angeles County,2013-05,90
90746,Carson,Los Angeles County,2016-10,90
90746,Carson,Los Angeles County,2016-12,74
90746,Carson,Los Angeles County,2017-02,71
90746,Carson,Los Angeles County,2017-04,79
90746,Carson,Los Angeles County,2017-12,79
90746,Carson,Los Angeles County,2018-02,67
90746,Carson,Los Angeles County,2019-03,62
90746,Carson,Los Angeles County,2019-09,77
90746,Carson,Los Angeles County,2019-12,83
90746,Carson,Los Angeles County,2020-02,86
90746,Carson,Los Angeles County,2021-06,92
90746,Carson,Los Angeles County,2023-04,66
90746,Carson,Los Angeles County,2023-07,85
90746,Carson,Los Angeles County,2023-10,85
90746,Carson,Los Angeles County,2025-01,82
90746,Carson,Los Angeles County,2025-03,70
90746,Carson,Los Angeles County,2025-04,75
90746,Carson,Los Angeles County,2025-10,73
90746,Carson,Los Angeles County,2025-12,66
90755,Signal Hill,Los Angeles County,2012-09,67
90755,Signal Hill,Los Angeles County,2013-04,88
90755,Signal Hill,Los Angeles County,2013-11,81
90755,Signal Hill,Los Angeles County,2014-03,84
90755,Signal Hill,Los Angeles County,2017-01,62
90755,Signal Hill,Los Angeles County,2018-01,78
90755,Signal Hill,Los Angeles County,2018-11,65
90755,Signal Hill,Los Angeles County,2019-04,62
90755,Signal Hill,Los Angeles County,2019-11,62
90755,Signal Hill,Los Angeles County,2021-04,89
90755,Signal Hill,Los Angeles County,2023-05,83
90755,Signal Hill,Los Angeles County,2023-06,81
90755,Signal Hill,Los Angeles County,2024-05,90
90755,Signal Hill,Los Angeles County,2024-12,72
90755,Signal Hill,Los Angeles County,2025-03,54
90755,Signal Hill,Los Angeles County,2025-06,68
90802,Long Beach,Los Angeles County,2014-01,79
90802,Long Beach,Los Angeles County,2015-01,70
90802,Long Beach,Los Angeles County,2015-08,71
90802,Long Beach,Los Angeles County,2016-07,79
90802,Long Beach,Los Angeles County,2017-01,67
90802,Long Beach,Los Angeles County,2017-03,71
90802,Long Beach,Los Angeles County,2017-04,76
90802,Long Beach,Los Angeles County,2018-10,73
90802,Long Beach,Los Angeles County,2018-12,67
90802,Long Beach,Los Angeles County,2019-12,64
90802,Long Beach,Los Angeles County,2021-03,72
90802,Long Beach,Los Angeles County,2022-01,88
90802,Long Beach,Los Angeles County,2022-06,96
90802,Long Beach,Los Angeles County,2022-09,72
90802,Long Beach,Los Angeles County,2023-04,82
90802,Long Beach,Los Angeles County,2023-08,79
90802,Long Beach,Los Angeles County,2024-03,72
90802,Long Beach,Los Angeles County,2024-11,56
90803,Long Beach,Los Angeles County,2013-05,69
90803,Long Beach,Los Angeles County,2015-01,54
90803,Long Beach,Los Angeles County,2015-06,69
90803,Long Beach,Los Angeles County,2015-09,61
90803,Long Beach,Los Angeles County,2016-06,66
90803,Long Beach,Los Angeles County,2017-03,62
90803,Long Beach,Los Angeles County,2017-04,75
90803,Long Beach,Los Angeles County,2017-08,66
90803,Long Beach,Los Angeles County,2017-12,59
90803,Long Beach,Los Angeles County,2018-09,61
90803,Long Beach,Los Angeles County,2018-10,61
90803,Long Beach,Los Angeles County,2018-11,53
90803,Long Beach,Los Angeles County,2019-08,58
90803,Long Beach,Los Angeles County,2021-04,79
90803,Long Beach,Los Angeles County,2022-01,91
90803,Long Beach,Los Angeles County,2023-05,75
90803,Long Beach,Los Angeles County,2025-01,67
90803,Long Beach,Los Angeles County,2025-03,65
90804,Long Beach,Los Angeles County,2012-07,66
90804,Long Beach,Los Angeles County,2013-02,79
90804,Long Beach,Los Angeles County,2013-04,83
90804,Long Beach,Los Angeles County,2016-04,71
90804,Long Beach,Los Angeles County,2016-05,69
90804,Long Beach,Los Angeles County,2016-12,61
90804,Long Beach,Los Angeles County,2017-07,85
90804,Long Beach,Los Angeles County,2017-09,79
90804,Long Beach,Los Angeles County,2017-10,76
90804,Long Beach,Los Angeles County,2020-11,75
90804,Long Beach,Los Angeles County,2021-01,72
90804,Long Beach,Los Angeles County,2021-08,94
90804,Long Beach,Los Angeles County,2021-09,90
90804,Long Beach,Los Angeles County,2022-05,98
90804,Long Beach,Los Angeles County,2023-04,80
90804,Long Beach,Los Angeles County,2023-06,85
90804,Long Beach,Los Angeles County,2024-06,76
90804,Long Beach,Los Angeles County,2024-11,77
90804,Long Beach,Los Angeles County,2024-12,71
90805,Long Beach,Los Angeles County,2013-01,76
90805,Long Beach,Los Angeles County,2014-04,79
90805,Long Beach,Los Angeles County,2017-07,82
90805,Long Beach,Los Angeles County,2017-10,76
90805,Long Beach,Los Angeles County,2019-01,66
90805,Long Beach,Los Angeles County,2019-09,78
90805,Long Beach,Los Angeles County,2019-12,76
90805,Long Beach,Los Angeles County,2020-01,78
90805,Long Beach,Los Angeles County,2020-03,86
90805,Long Beach,Los Angeles County,2020-05,90
90805,Long Beach,Los Angeles County,2020-07,87
90805,Long Beach,Los Angeles County,2021-01,87
90805,Long Beach,Los Angeles County,2021-08,92
90805,Long Beach,Los Angeles County,2022-03,93
90805,Long Beach,Los Angeles County,2022-06,92
90805,Long Beach,Los Angeles County,2022-09,77
90805,Long Beach,Los Angeles County,2023-04,92
90805,Long Beach,Los Angeles County,2023-05,93
90806,Long Beach,Los Angeles County,2012-04,60
90806,Long Beach,Los Angeles County,2013-04,80
90806,Long Beach,Los Angeles County,2014-06,73
90806,Long Beach,Los Angeles County,2015-03,69
90806,Long Beach,Los Angeles County,2016-04,68
90806,Long Beach,Los Angeles County,2016-11,70
90806,Long Beach,Los Angeles County,2017-02,76
90806,Long Beach,Los Angeles County,2017-07,84
90806,Long Beach,Los Angeles County,2017-08,78
90806,Long Beach,Los Angeles County,2018-04,83
90806,Long Beach,Los Angeles County,2018-05,82
90806,Long Beach,Los Angeles County,2018-06,80
90806,Long Beach,Los Angeles County,2018-10,70
90806,Long Beach,Los Angeles County,2020-11,91
90806,Long Beach,Los Angeles County,2021-07,91
90806,Long Beach,Los Angeles County,2022-03,86
90806,Long Beach,Los Angeles County,2024-05,79
90806,Long Beach,Los Angeles County,2024-11,65
90807,Long Beach,Los Angeles County,2012-03,56
90807,Long Beach,Los Angeles County,2012-10,73
90807,Long Beach,Los Angeles County,2012-12,74
90807,Long Beach,Los Angeles County,2013-06,88
90807,Long Beach,Los Angeles County,2013-11,73
90807,Long Beach,Los Angeles County,2015-07,77
90807,Long Beach,Los Angeles County,2016-05,83
90807,Long Beach,Los Angeles County,2016-10,74
90807,Long Beach,Los Angeles County,2018-02,75
90807,Long Beach,Los Angeles County,2019-05,79
90807,Long Beach,Los Angeles County,2019-12,66
90807,Long Beach,Los Angeles County,2020-11,89
90807,Long Beach,Los Angeles County,2021-06,99
90807,Long Beach,Los Angeles County,2025-03,74
90807,Long Beach,Los Angeles County,2025-11,70
90808,Long Beach,Los Angeles County,2012-04,67
90808,Long Beach,Los Angeles County,2013-01,81
90808,Long Beach,Los Angeles County,2014-04,77
90808,Long Beach,Los Angeles County,2016-03,71
90808,Long Beach,Los Angeles County,2016-07,79
90808,Long Beach,Los Angeles County,2016-12,76
90808,Long Beach,Los Angeles County,2017-03,75
90808,Long Beach,Los Angeles County,2017-06,87
90808,Long Beach,Los Angeles County,2017-10,81
90808,Long Beach,Los Angeles County,2018-01,74
90808,Long Beach,Los Angeles County,2018-04,86
90808,Long Beach,Los Angeles County,2021-01,99
90808,Long Beach,Los Angeles County,2021-02,99
90808,Long Beach,Los Angeles County,2021-04,100
90808,Long Beach,Los Angeles County,2021-09,97
90808,Long Beach,Los Angeles County,2021-12,99
90808,Long Beach,Los Angeles County,2023-02,81
90808,Long Beach,Los Angeles County,2023-03,90
90808,Long Beach,Los Angeles County,2023-06,100
90808,Long Beach,Los Angeles County,2023-09,96
90808,Long Beach,Los Angeles County,2024-08,92
90809,Long Beach,Los Angeles County,2012-08,63
90809,Long Beach,Los Angeles County,2015-07,17
90810,Long Beach,Los Angeles County,2012-06,69
90810,Long Beach,Los Angeles County,2012-12,83
90810,Long Beach,Los Angeles County,2013-01,83
90810,Long Beach,Los Angeles County,2014-03,77
90810,Long Beach,Los Angeles County,2014-05,85
90810,Long Beach,Los Angeles County,2014-06,80
90810,Long Beach,Los Angeles County,2014-12,67
90810,Long Beach,Los Angeles County,2015-10,67
90810,Long Beach,Los Angeles County,2017-09,81
90810,Long Beach,Los Angeles County,2017-11,81
90810,Long Beach,Los Angeles County,2018-11,74
90810,Long Beach,Los Angeles County,2019-09,71
90810,Long Beach,Los Angeles County,2020-05,72
90810,Long Beach,Los Angeles County,2022-03,94
90810,Long Beach,Los Angeles County,2022-09,82
90810,Long Beach,Los Angeles County,2023-04,87
90810,Long Beach,Los Angeles County,2025-04,71
90813,Long Beach,Los Angeles County,2012-04,69
90813,Long Beach,Los Angeles County,2013-03,71
90813,Long Beach,Los Angeles County,2014-02,65
90813,Long Beach,Los Angeles County,2014-04,60
90813,Long Beach,Los Angeles County,2014-08,69
90813,Long Beach,Los Angeles County,2015-02,61
90813,Long Beach,Los Angeles County,2015-05,60
90813,Long Beach,Los Angeles County,2016-07,71
90813,Long Beach,Los Angeles County,2016-08,72
90813,Long Beach,Los Angeles County,2016-10,65
90813,Long Beach,Los Angeles County,2017-04,76
90813,Long Beach,Los Angeles County,2017-05,82
90813,Long Beach,Los Angeles County,2018-03,81
90813,Long Beach,Los Angeles County,2018-04,79
90813,Long Beach,Los Angeles County,2019-02,65
90813,Long Beach,Los Angeles County,2021-04,79
90813,Long Beach,Los Angeles County,2021-10,87
90813,Long Beach,Los Angeles County,2022-03,97
90813,Long Beach,Los Angeles County,2022-05,89
90813,Long Beach,Los Angeles County,2022-10,58
90813,Long Beach,Los Angeles County,2023-01,45
90813,Long Beach,Los Angeles County,2023-03,63
90813,Long Beach,Los Angeles County,2024-07,66
90813,Long Beach,Los Angeles County,2024-11,69
90814,Long Beach,Los Angeles County,2013-03,77
90814,Long Beach,Los Angeles County,2014-04,67
90814,Long Beach,Los Angeles County,2014-08,70
90814,Long Beach,Los Angeles County,2016-01,72
90814,Long Beach,Los Angeles County,2016-03,67
90814,Long Beach,Los Angeles County,2017-03,73
90814,Long Beach,Los Angeles County,2021-03,84
90814,Long Beach,Los Angeles County,2021-09,79
90814,Long Beach,Los Angeles County,2022-10,79
90814,Long Beach,Los Angeles County,2022-11,77
90814,Long Beach,Los Angeles County,2024-08,73
90814,Long Beach,Los Angeles County,2025-05,72
90814,Long Beach,Los Angeles County,2025-09,64
90814,Long Beach,Los Angeles County,2025-11,61
90815,Long Beach,Los Angeles County,2013-09,86
90815,Long Beach,Los Angeles County,2014-07,88
90815,Long Beach,Los Angeles County,2014-08,89
90815,Long Beach,Los Angeles County,2014-09,86
90815,Long Beach,Los Angeles County,2015-02,70
90815,Long Beach,Los Angeles County,2015-04,75
90815,Long Beach,Los Angeles County,2015-06,81
90815,Long Beach,Los Angeles County,2016-07,81
90815,Long Beach,Los Angeles County,2016-12,75
90815,Long Beach,Los Angeles County,2017-06,83
90815,Long Beach,Los Angeles County,2017-07,81
90815,Long Beach,Los Angeles County,2018-09,77
90815,Long Beach,Los Angeles County,2020-11,92
90815,Long Beach,Los Angeles County,2021-02,99
90815,Long Beach,Los Angeles County,2021-08,100
90815,Long Beach,Los Angeles County,2022-05,100
90815,Long Beach,Los Angeles County,2022-09,85
90815,Long Beach,Los Angeles County,2023-01,77
91001,Altadena,Los Angeles County,2012-05,62
91001,Altadena,Los Angeles County,2012-06,56
91001,Altadena,Los Angeles County,2012-09,67
91001,Altadena,Los Angeles County,2013-11,67
91001,Altadena,Los Angeles County,2014-04,68
91001,Altadena,Los Angeles County,2014-10,62
91001,Altadena,Los Angeles County,2017-10,66
91001,Altadena,Los Angeles County,2018-09,69
91001,Altadena,Los Angeles County,2018-11,61
91001,Altadena,Los Angeles County,2019-02,61
91001,Altadena,Los Angeles County,2019-06,79
91001,Altadena,Los Angeles County,2019-08,84
91001,Altadena,Los Angeles County,2019-12,76
91001,Altadena,Los Angeles County,2021-05,95
91001,Altadena,Los Angeles County,2021-09,94
91001,Altadena,Los Angeles County,2022-02,97
91001,Altadena,Los Angeles County,2022-06,100
91001,Altadena,Los Angeles County,2022-09,88
91001,Altadena,Los Angeles County,2022-11,81
91001,Altadena,Los Angeles County,2024-01,90
91003,Altadena,Los Angeles County,2014-05,54
91003,Altadena,Los Angeles County,2023-07,32
91006,Arcadia,Los Angeles County,2012-03,44
91006,Arcadia,Los Angeles County,2012-07,64
91006,Arcadia,Los Angeles County,2012-10,57
91006,Arcadia,Los Angeles County,2013-03,86
91006,Arcadia,Los Angeles County,2014-01,69
91006,Arcadia,Los Angeles County,2015-02,59
91006,Arcadia,Los Angeles County,2016-06,67
91006,Arcadia,Los Angeles County,2017-11,58
91006,Arcadia,Los Angeles County,2018-02,51
91006,Arcadia,Los Angeles County,2018-05,65
91006,Arcadia,Los Angeles County,2018-08,65
91006,Arcadia,Los Angeles County,2020-04,64
91006,Arcadia,Los Angeles County,2020-08,73
91006,Arcadia,Los Angeles County,2022-03,81
91006,Arcadia,Los Angeles County,2022-09,75
91006,Arcadia,Los Angeles County,2023-02,55
91006,Arcadia,Los Angeles County,2023-12,72
91006,Arcadia,Los Angeles County,2024-12,71
91006,Arcadia,Los Angeles County,2025-10,65
91006,Arcadia,Los Angeles County,2025-12,57
91007,Arcadia,Los Angeles County,2012-09,67
91007,Arcadia,Los Angeles County,2014-09,73
91007,Arcadia,Los Angeles County,2015-09,59
91007,Arcadia,Los Angeles County,2015-10,57
91007,Arcadia,Los Angeles County,2017-11,59
91007,Arcadia,Los Angeles County,2018-07,62
91007,Arcadia,Los Angeles County,2018-08,54
91007,Arcadia,Los Angeles County,2018-11,51
91007,Arcadia,Los Angeles County,2019-01,50
91007,Arcadia,Los Angeles County,2019-04,48
91007,Arcadia,Los Angeles County,2019-05,55
91007,Arcadia,Los Angeles County,2019-09,58
91007,Arcadia,Los Angeles County,2022-09,72
91007,Arcadia,Los Angeles County,2023-07,84
91007,Arcadia,Los Angeles County,2024-01,74
91007,Arcadia,Los Angeles County,2024-09,75
91008,Duarte,Los Angeles County,2012-04,9
91008,Duarte,Los Angeles County,2014-01,100
91008,Duarte,Los Angeles County,2014-02,26
91008,Duarte,Los Angeles County,2014-09,94
91008,Duarte,Los Angeles County,2014-12,67
91008,Duarte,Los Angeles County,2015-02,66
91008,Duarte,Los Angeles County,2016-10,71
91008,Duarte,Los Angeles County,2017-09,19
91008,Duarte,Los Angeles County,2017-12,38
91008,Duarte,Los Angeles County,2018-02,52
91008,Duarte,Los Angeles County,2020-07,47
91008,Duarte,Los Angeles County,2021-03,0
91008,Duarte,Los Angeles County,2023-01,0
91008,Duarte,Los Angeles County,2024-08,36
91008,Duarte,Los Angeles County,2025-02,0
91008,Duarte,Los Angeles County,2025-12,55
91009,Duarte,Los Angeles County,2012-11,82
91009,Duarte,Los Angeles County,2013-02,77
91009,Duarte,Los Angeles County,2014-04,49
91009,Duarte,Los Angeles County,2014-08,61
91009,Duarte,Los Angeles County,2019-12,42
91009,Duarte,Los Angeles County,2020-01,18
91009,Duarte,Los Angeles County,2020-12,100
91009,Duarte,Los Angeles County,2021-07,65
91009,Duarte,Los Angeles County,2021-08,100
91009,Duarte,Los Angeles County,2024-03,100
91009,Duarte,Los Angeles County,2025-01,61
91009,Duarte,Los Angeles County,2025-12,48
91010,Duarte,Los Angeles County,2012-06,58
91010,Duarte,Los Angeles County,2013-06,92
91010,Duarte,Los Angeles County,2014-04,72
91010,Duarte,Los Angeles County,2015-02,63
91010,Duarte,Los Angeles County,2015-03,67
91010,Duarte,Los Angeles County,2017-10,78
91010,Duarte,Los Angeles County,2017-12,70
91010,Duarte,Los Angeles County,2018-02,69
91010,Duarte,Los Angeles County,2021-06,98
91010,Duarte,Los Angeles County,2022-03,97
91010,Duarte,Los Angeles County,2022-08,92
91010,Duarte,Los Angeles County,2022-09,83
91010,Duarte,Los Angeles County,2022-10,78
91010,Duarte,Los Angeles County,2023-01,77
91010,Duarte,Los Angeles County,2024-05,96
91010,Duarte,Los Angeles County,2025-05,80
91010,Duarte,Los Angeles County,2025-06,83
91011,La Canada Flintridge,Los Angeles County,2012-06,55
91011,La Canada Flintridge,Los Angeles County,2012-11,57
91011,La Canada Flintridge,Los Angeles County,2014-08,68
91011,La Canada Flintridge,Los Angeles County,2014-10,58
91011,La Canada Flintridge,Los Angeles County,2015-06,65
91011,La Canada Flintridge,Los Angeles County,2015-11,56
91011,La Canada Flintridge,Los Angeles County,2017-08,63
91011,La Canada Flintridge,Los Angeles County,2017-10,60
91011,La Canada Flintridge,Los Angeles County,2020-05,80
91011,La Canada Flintridge,Los Angeles County,2021-03,85
91011,La Canada Flintridge,Los Angeles County,2022-05,100
91011,La Canada Flintridge,Los Angeles County,2022-09,83
91011,La Canada Flintridge,Los Angeles County,2024-03,73
91011,La Canada Flintridge,Los Angeles County,2024-04,88
91011,La Canada Flintridge,Los Angeles County,2024-11,81
91011,La Canada Flintridge,Los Angeles County,2025-03,91
91016,Monrovia,Los Angeles County,2012-03,50
91016,Monrovia,Los Angeles County,2013-06,87
91016,Monrovia,Los Angeles County,2014-10,64
91016,Monrovia,Los Angeles County,2017-10,78
91016,Monrovia,Los Angeles County,2017-12,71
91016,Monrovia,Los Angeles County,2018-01,70
91016,Monrovia,Los Angeles County,2019-02,60
91016,Monrovia,Los Angeles County,2020-05,82
91016,Monrovia,Los Angeles County,2020-06,79
91016,Monrovia,Los Angeles County,2021-12,86
91016,Monrovia,Los Angeles County,2023-03,74
91016,Monrovia,Los Angeles County,2024-04,87
91016,Monrovia,Los Angeles County,2024-05,86
91016,Monrovia,Los Angeles County,2024-10,73
91016,Monrovia,Los Angeles County,2025-04,76
91016,Monrovia,Los Angeles County,2025-06,77
91017,Monrovia,Los Angeles County,2013-12,33
91017,Monrovia,Los Angeles County,2014-06,68
91017,Monrovia,Los Angeles County,2014-11,100
91017,Monrovia,Los Angeles County,2014-12,100
91017,Monrovia,Los Angeles County,2016-09,100
91017,Monrovia,Los Angeles County,2017-10,100
91017,Monrovia,Los Angeles County,2024-01,18
91020,Montrose,Los Angeles County,2012-06,57
91020,Montrose,Los Angeles County,2013-01,83
91020,Montrose,Los Angeles County,2014-02,65
91020,Montrose,Los Angeles County,2014-10,76
91020,Montrose,Los Angeles County,2014-11,68
91020,Montrose,Los Angeles County,2015-11,68
91020,Montrose,Los Angeles County,2016-06,68
91020,Montrose,Los Angeles County,2018-04,92
91020,Montrose,Los Angeles County,2022-06,100
91020,Montrose,Los Angeles County,2022-12,67
91020,Montrose,Los Angeles County,2024-07,87
91020,Montrose,Los Angeles County,2025-01,52
91020,Montrose,Los Angeles County,2025-08,71
91020,Montrose,Los Angeles County,2025-11,69
91024,Sierra Madre,Los Angeles County,2013-10,73
91024,Sierra Madre,Los Angeles County,2014-11,66
91024,Sierra Madre,Los Angeles County,2015-06,66
91024,Sierra Madre,Los Angeles County,2016-10,67
91024,Sierra Madre,Los Angeles County,2016-11,61
91024,Sierra Madre,Los Angeles County,2019-01,59
91024,Sierra Madre,Los Angeles County,2019-07,68
91024,Sierra Madre,Los Angeles County,2020-06,76
91024,Sierra Madre,Los Angeles County,2020-09,77
91024,Sierra Madre,Los Angeles County,2021-11,91
91024,Sierra Madre,Los Angeles County,2022-09,79
91024,Sierra Madre,Los Angeles County,2023-06,93
91024,Sierra Madre,Los Angeles County,2023-11,81
91024,Sierra Madre,Los Angeles County,2024-06,86
91024,Sierra Madre,Los Angeles County,2025-01,59
91025,Sierra Madre,Los Angeles County,2017-04,69
91030,South Pasadena,Los Angeles County,2012-06,52
91030,South Pasadena,Los Angeles County,2015-08,65
91030,South Pasadena,Los Angeles County,2017-06,70
91030,South Pasadena,Los Angeles County,2019-02,60
91030,South Pasadena,Los Angeles County,2019-04,74
91030,South Pasadena,Los Angeles County,2019-12,75
91030,South Pasadena,Los Angeles County,2020-02,69
91030,South Pasadena,Los Angeles County,2020-06,75
91030,South Pasadena,Los Angeles County,2020-07,77
91030,South Pasadena,Los Angeles County,2020-10,78
91030,South Pasadena,Los Angeles County,2021-05,84
91030,South Pasadena,Los Angeles County,2023-02,60
91030,South Pasadena,Los Angeles County,2023-12,85
91030,South Pasadena,Los Angeles County,2025-01,67
91030,South Pasadena,Los Angeles County,2025-04,85
91040,Sunland,Los Angeles County,2012-03,66
91040,Sunland,Los Angeles County,2013-08,73
91040,Sunland,Los Angeles County,2014-05,80
91040,Sunland,Los Angeles County,2014-12,64
91040,Sunland,Los Angeles County,2015-01,70
91040,Sunland,Los Angeles County,2017-05,78
91040,Sunland,Los Angeles County,2018-04,81
91040,Sunland,Los Angeles County,2018-07,69
91040,Sunland,Los Angeles County,2019-03,61
91040,Sunland,Los Angeles County,2020-02,73
91040,Sunland,Los Angeles County,2021-04,97
91040,Sunland,Los Angeles County,2021-07,100
91040,Sunland,Los Angeles County,2021-10,89
91040,Sunland,Los Angeles County,2021-12,87
91040,Sunland,Los Angeles County,2022-06,90
91040,Sunland,Los Angeles County,2022-07,86
91040,Sunland,Los Angeles County,2023-08,84
91040,Sunland,Los Angeles County,2023-09,86
91040,Sunland,Los Angeles County,2024-08,81
91040,Sunland,Los Angeles County,2024-12,74
91041,Sunland,Los Angeles County,2016-10,86
91041,Sunland,Los Angeles County,2017-06,74
91041,Sunland,Los Angeles County,2017-07,73
91042,Tujunga,Los Angeles County,2012-08,63
91042,Tujunga,Los Angeles County,2013-06,80
91042,Tujunga,Los Angeles County,2013-11,74
91042,Tujunga,Los Angeles County,2014-07,73
91042,Tujunga,Los Angeles County,2015-12,67
91042,Tujunga,Los Angeles County,2016-01,61
91042,Tujunga,Los Angeles County,2016-02,66
91042,Tujunga,Los Angeles County,2016-12,66
91042,Tujunga,Los Angeles County,2017-04,81
91042,Tujunga,Los Angeles County,2017-06,84
91042,Tujunga,Los Angeles County,2018-02,70
91042,Tujunga,Los Angeles County,2018-03,72
91042,Tujunga,Los Angeles County,2018-04,73
91042,Tujunga,Los Angeles County,2019-04,69
91042,Tujunga,Los Angeles County,2019-08,80
91042,Tujunga,Los Angeles County,2020-03,80
91042,Tujunga,Los Angeles County,2020-05,81
91042,Tujunga,Los Angeles County,2021-04,88
91042,Tujunga,Los Angeles County,2021-05,86
91042,Tujunga,Los Angeles County,2023-04,79
91042,Tujunga,Los Angeles County,2023-06,81
91042,Tujunga,Los Angeles County,2023-08,84
91042,Tujunga,Los Angeles County,2024-09,84
91042,Tujunga,Los Angeles County,2025-04,70
91042,Tujunga,Los Angeles County,2025-08,70
91043,Tujunga,Los Angeles County,2012-10,100
91101,Pasadena,Los Angeles County,2013-01,54
91101,Pasadena,Los Angeles County,2013-07,67
91101,Pasadena,Los Angeles County,2013-12,50
91101,Pasadena,Los Angeles County,2014-09,53
91101,Pasadena,Los Angeles County,2016-08,75
91101,Pasadena,Los Angeles County,2016-10,71
91101,Pasadena,Los Angeles County,2018-04,75
91101,Pasadena,Los Angeles County,2018-10,66
91101,Pasadena,Los Angeles County,2020-04,73
91101,Pasadena,Los Angeles County,2020-07,78
91101,Pasadena,Los Angeles County,2020-10,76
91101,Pasadena,Los Angeles County,2020-12,70
91101,Pasadena,Los Angeles County,2021-04,71
91101,Pasadena,Los Angeles County,2021-11,88
91101,Pasadena,Los Angeles County,2022-07,82
91101,Pasadena,Los Angeles County,2023-04,64
91101,Pasadena,Los Angeles County,2025-08,63
91101,Pasadena,Los Angeles County,2025-12,52
91103,Pasadena,Los Angeles County,2012-06,55
91103,Pasadena,Los Angeles County,2013-06,70
91103,Pasadena,Los Angeles County,2014-10,67
91103,Pasadena,Los Angeles County,2014-12,71
91103,Pasadena,Los Angeles County,2015-11,66
91103,Pasadena,Los Angeles County,2016-11,60
91103,Pasadena,Los Angeles County,2018-08,65
91103,Pasadena,Los Angeles County,2018-11,58
91103,Pasadena,Los Angeles County,2020-05,81
91103,Pasadena,Los Angeles County,2020-08,73
91103,Pasadena,Los Angeles County,2020-09,75
91103,Pasadena,Los Angeles County,2021-06,85
91103,Pasadena,Los Angeles County,2022-04,100
91103,Pasadena,Los Angeles County,2023-03,81
91103,Pasadena,Los Angeles County,2024-07,78
91103,Pasadena,Los Angeles County,2025-06,75
91104,Pasadena,Los Angeles County,2012-05,53
91104,Pasadena,Los Angeles County,2014-04,71
91104,Pasadena,Los Angeles County,2014-07,70
91104,Pasadena,Los Angeles County,2016-01,64
91104,Pasadena,Los Angeles County,2016-04,69
91104,Pasadena,Los Angeles County,2016-06,69
91104,Pasadena,Los Angeles County,2017-01,58
91104,Pasadena,Los Angeles County,2017-05,75
91104,Pasadena,Los Angeles County,2018-10,69
91104,Pasadena,Los Angeles County,2019-09,75
91104,Pasadena,Los Angeles County,2021-10,96
91104,Pasadena,Los Angeles County,2022-03,95
91104,Pasadena,Los Angeles County,2022-11,77
91104,Pasadena,Los Angeles County,2023-02,77
91104,Pasadena,Los Angeles County,2023-08,93
91104,Pasadena,Los Angeles County,2024-07,95
91104,Pasadena,Los Angeles County,2024-10,85
91104,Pasadena,Los Angeles County,2025-03,86
91104,Pasadena,Los Angeles County,2025-09,77
91105,Pasadena,Los Angeles County,2012-06,48
91105,Pasadena,Los Angeles County,2015-02,50
91105,Pasadena,Los Angeles County,2015-10,55
91105,Pasadena,Los Angeles County,2017-06,60
91105,Pasadena,Los Angeles County,2017-07,58
91105,Pasadena,Los Angeles County,2017-09,58
91105,Pasadena,Los Angeles County,2018-04,72
91105,Pasadena,Los Angeles County,2018-07,63
91105,Pasadena,Los Angeles County,2019-08,69
91105,Pasadena,Los Angeles County,2020-03,51
91105,Pasadena,Los Angeles County,2020-07,68
91105,Pasadena,Los Angeles County,2020-10,79
91105,Pasadena,Los Angeles County,2021-10,77
91105,Pasadena,Los Angeles County,2021-11,82
91105,Pasadena,Los Angeles County,2022-03,85
91105,Pasadena,Los Angeles County,2022-08,76
91105,Pasadena,Los Angeles County,2023-09,86
91105,Pasadena,Los Angeles County,2023-10,80
91105,Pasadena,Los Angeles County,2024-04,80
91105,Pasadena,Los Angeles County,2025-02,76
91105,Pasadena,Los Angeles County,2025-05,84
91105,Pasadena,Los Angeles County,2025-08,67
91105,Pasadena,Los Angeles County,2025-12,62
91106,Pasadena,Los Angeles County,2012-12,56
91106,Pasadena,Los Angeles County,2013-01,55
91106,Pasadena,Los Angeles County,2013-04,66
91106,Pasadena,Los Angeles County,2014-10,64
91106,Pasadena,Los Angeles County,2015-01,49
91106,Pasadena,Los Angeles County,2016-09,71
91106,Pasadena,Los Angeles County,2017-02,65
91106,Pasadena,Los Angeles County,2017-06,72
91106,Pasadena,Los Angeles County,2018-05,73
91106,Pasadena,Los Angeles County,2019-04,72
91106,Pasadena,Los Angeles County,2019-09,72
91106,Pasadena,Los Angeles County,2021-04,84
91106,Pasadena,Los Angeles County,2022-03,88
91106,Pasadena,Los Angeles County,2022-12,78
91106,Pasadena,Los Angeles County,2023-01,69
91106,Pasadena,Los Angeles County,2023-10,83
91106,Pasadena,Los Angeles County,2025-07,71
91106,Pasadena,Los Angeles County,2025-09,69
91106,Pasadena,Los Angeles County,2025-10,66
91107,Pasadena,Los Angeles County,2014-05,72
91107,Pasadena,Los Angeles County,2014-07,71
91107,Pasadena,Los Angeles County,2014-10,61
91107,Pasadena,Los Angeles County,2015-12,63
91107,Pasadena,Los Angeles County,2018-07,62
91107,Pasadena,Los Angeles County,2019-06,69
91107,Pasadena,Los Angeles County,2019-10,75
91107,Pasadena,Los Angeles County,2019-11,70
91107,Pasadena,Los Angeles County,2020-03,72
91107,Pasadena,Los Angeles County,2022-04,100
91107,Pasadena,Los Angeles County,2022-12,80
91107,Pasadena,Los Angeles County,2023-11,92
91107,Pasadena,Los Angeles County,2024-08,85
91107,Pasadena,Los Angeles County,2025-01,74
91108,San Marino,Los Angeles County,2012-08,61
91108,San Marino,Los Angeles County,2013-06,67
91108,San Marino,Los Angeles County,2014-01,70
91108,San Marino,Los Angeles County,2014-05,79
91108,San Marino,Los Angeles County,2014-09,72
91108,San Marino,Los Angeles County,2015-06,61
91108,San Marino,Los Angeles County,2016-02,43
91108,San Marino,Los Angeles County,2017-04,48
91108,San Marino,Los Angeles County,2017-08,54
91108,San Marino,Los Angeles County,2018-04,36
91108,San Marino,Los Angeles County,2022-01,72
91108,San Marino,Los Angeles County,2024-06,81
91108,San Marino,Los Angeles County,2025-05,73
91108,San Marino,Los Angeles County,2025-07,79
91115,Pasadena,Los Angeles County,2012-09,53
91115,Pasadena,Los Angeles County,2022-03,100
91116,Pasadena,Los Angeles County,2016-07,100
91116,Pasadena,Los Angeles County,2016-12,100
91116,Pasadena,Los Angeles County,2018-11,48
91118,San Marino,Los Angeles County,2012-05,42
91118,San Marino,Los Angeles County,2015-10,10
91118,San Marino,Los Angeles County,2020-01,82
91123,Pasadena,Los Angeles County,2015-07,47
91123,Pasadena,Los Angeles County,2015-12,28
91123,Pasadena,Los Angeles County,2016-08,78
91123,Pasadena,Los Angeles County,2017-01,5
91123,Pasadena,Los Angeles County,2017-03,37
91123,Pasadena,Los Angeles County,2017-06,13
91123,Pasadena,Los Angeles County,2018-03,31
91123,Pasadena,Los Angeles County,2019-08,14
91123,Pasadena,Los Angeles County,2019-12,0
91123,Pasadena,Los Angeles County,2020-03,28
91123,Pasadena,Los Angeles County,2021-02,41
91123,Pasadena,Los Angeles County,2021-07,25
91123,Pasadena,Los Angeles County,2021-09,63
91123,Pasadena,Los Angeles County,2022-05,61
91123,Pasadena,Los Angeles County,2022-08,56
91123,Pasadena,Los Angeles County,2022-09,54
91123,Pasadena,Los Angeles County,2024-06,59
91123,Pasadena,Los Angeles County,2024-09,85
91123,Pasadena,Los Angeles County,2025-02,31
91184,Pasadena,Los Angeles County,2013-01,46
91184,Pasadena,Los Angeles County,2015-09,53
91184,Pasadena,Los Angeles County,2019-10,57
91201,Glendale,Los Angeles County,2012-04,64
91201,Glendale,Los Angeles County,2012-08,75
91201,Glendale,Los Angeles County,2012-11,72
91201,Glendale,Los Angeles County,2013-07,81
91201,Glendale,Los Angeles County,2013-10,74
91201,Glendale,Los Angeles County,2014-05,80
91201,Glendale,Los Angeles County,2014-10,79
91201,Glendale,Los Angeles County,2014-12,83
91201,Glendale,Los Angeles County,2015-05,81
91201,Glendale,Los Angeles County,2017-04,78
91201,Glendale,Los Angeles County,2018-12,65
91201,Glendale,Los Angeles County,2019-05,78
91201,Glendale,Los Angeles County,2019-10,78
91201,Glendale,Los Angeles County,2020-11,85
91201,Glendale,Los Angeles County,2021-06,94
91201,Glendale,Los Angeles County,2021-08,94
91201,Glendale,Los Angeles County,2022-03,81
91201,Glendale,Los Angeles County,2022-05,89
91201,Glendale,Los Angeles County,2023-04,81
91201,Glendale,Los Angeles County,2023-06,84
91201,Glendale,Los Angeles County,2024-10,91
91201,Glendale,Los Angeles County,2025-04,83
91201,Glendale,Los Angeles County,2025-06,75
91201,Glendale,Los Angeles County,2025-08,75
91202,Glendale,Los Angeles County,2012-03,60
91202,Glendale,Los Angeles County,2014-08,75
91202,Glendale,Los Angeles County,2014-10,73
91202,Glendale,Los Angeles County,2016-02,82
91202,Glendale,Los Angeles County,2016-08,81
91202,Glendale,Los Angeles County,2016-12,64
91202,Glendale,Los Angeles County,2017-09,71
91202,Glendale,Los Angeles County,2019-05,73
91202,Glendale,Los Angeles County,2020-02,73
91202,Glendale,Los Angeles County,2020-06,88
91202,Glendale,Los Angeles County,2020-07,83
91202,Glendale,Los Angeles County,2020-09,88
91202,Glendale,Los Angeles County,2020-12,81
91202,Glendale,Los Angeles County,2021-01,73
91202,Glendale,Los Angeles County,2021-02,76
91202,Glendale,Los Angeles County,2021-06,95
91202,Glendale,Los Angeles County,2022-06,89
91202,Glendale,Los Angeles County,2022-10,75
91202,Glendale,Los Angeles County,2023-03,81
91202,Glendale,Los Angeles County,2023-07,98
91202,Glendale,Los Angeles County,2023-11,68
91202,Glendale,Los Angeles County,2024-07,87
91202,Glendale,Los Angeles County,2025-12,78
91203,Glendale,Los Angeles County,2012-09,70
91203,Glendale,Los Angeles County,2013-10,72
91203,Glendale,Los Angeles County,2015-12,83
91203,Glendale,Los Angeles County,2016-09,80
91203,Glendale,Los Angeles County,2017-07,68
91203,Glendale,Los Angeles County,2017-10,73
91203,Glendale,Los Angeles County,2017-12,71
91203,Glendale,Los Angeles County,2018-06,75
91203,Glendale,Los Angeles County,2019-01,56
91203,Glendale,Los Angeles County,2019-09,66
91203,Glendale,Los Angeles County,2020-11,79
91203,Glendale,Los Angeles County,2021-03,83
91203,Glendale,Los Angeles County,2021-04,84
91203,Glendale,Los Angeles County,2021-12,78
91203,Glendale,Los Angeles County,2022-06,89
91203,Glendale,Los Angeles County,2022-08,83
91203,Glendale,Los Angeles County,2023-05,86
91203,Glendale,Los Angeles County,2023-08,92
91203,Glendale,Los Angeles County,2023-12,78
91203,Glendale,Los Angeles County,2025-01,79
91204,Glendale,Los Angeles County,2012-07,82
91204,Glendale,Los Angeles County,2012-08,69
91204,Glendale,Los Angeles County,2015-09,58
91204,Glendale,Los Angeles County,2015-11,41
91204,Glendale,Los Angeles County,2016-11,88
91204,Glendale,Los Angeles County,2017-03,65
91204,Glendale,Los Angeles County,2017-10,74
91204,Glendale,Los Angeles County,2018-04,100
91204,Glendale,Los Angeles County,2018-05,76
91204,Glendale,Los Angeles County,2020-08,97
91204,Glendale,Los Angeles County,2021-03,78
91204,Glendale,Los Angeles County,2023-01,53
91204,Glendale,Los Angeles County,2023-02,73
91204,Glendale,Los Angeles County,2023-03,100
91204,Glendale,Los Angeles County,2024-01,15
91204,Glendale,Los Angeles County,2025-01,100
91205,Glendale,Los Angeles County,2016-04,70
91205,Glendale,Los Angeles County,2018-04,69
91205,Glendale,Los Angeles County,2018-10,67
91205,Glendale,Los Angeles County,2019-12,67
91205,Glendale,Los Angeles County,2020-01,66
91205,Glendale,Los Angeles County,2020-06,82
91205,Glendale,Los Angeles County,2020-10,78
91205,Glendale,Los Angeles County,2023-06,83
91205,Glendale,Los Angeles County,2023-08,75
91205,Glendale,Los Angeles County,2024-03,93
91205,Glendale,Los Angeles County,2024-12,83
91205,Glendale,Los Angeles County,2025-11,78
91206,Glendale,Los Angeles County,2014-07,76
91206,Glendale,Los Angeles County,2015-12,71
91206,Glendale,Los Angeles County,2016-02,72
91206,Glendale,Los Angeles County,2016-07,81
91206,Glendale,Los Angeles County,2016-08,77
91206,Glendale,Los Angeles County,2017-01,69
91206,Glendale,Los Angeles County,2017-05,82
91206,Glendale,Los Angeles County,2018-02,70
91206,Glendale,Los Angeles County,2018-04,79
91206,Glendale,Los Angeles County,2019-08,69
91206,Glendale,Los Angeles County,2020-01,63
91206,Glendale,Los Angeles County,2020-04,86
91206,Glendale,Los Angeles County,2020-08,85
91206,Glendale,Los Angeles County,2021-01,78
91206,Glendale,Los Angeles County,2021-03,79
91206,Glendale,Los Angeles County,2021-08,91
91206,Glendale,Los Angeles County,2021-09,88
91206,Glendale,Los Angeles County,2021-11,81
91206,Glendale,Los Angeles County,2022-07,88
91206,Glendale,Los Angeles County,2023-06,91
91206,Glendale,Los Angeles County,2024-04,75
91206,Glendale,Los Angeles County,2024-08,77
91206,Glendale,Los Angeles County,2024-10,79
91206,Glendale,Los Angeles County,2025-10,81
91207,Glendale,Los Angeles County,2012-08,78
91207,Glendale,Los Angeles County,2014-03,66
91207,Glendale,Los Angeles County,2014-08,73
91207,Glendale,Los Angeles County,2017-12,65
91207,Glendale,Los Angeles County,2018-01,74
91207,Glendale,Los Angeles County,2018-03,64
91207,Glendale,Los Angeles County,2018-10,75
91207,Glendale,Los Angeles County,2019-01,46
91207,Glendale,Los Angeles County,2019-06,75
91207,Glendale,Los Angeles County,2019-09,75
91207,Glendale,Los Angeles County,2019-12,77
91207,Glendale,Los Angeles County,2020-01,70
91207,Glendale,Los Angeles County,2020-06,76
91207,Glendale,Los Angeles County,2021-04,100
91207,Glendale,Los Angeles County,2021-09,100
91207,Glendale,Los Angeles County,2022-07,88
91207,Glendale,Los Angeles County,2023-02,72
91207,Glendale,Los Angeles County,2023-04,93
91207,Glendale,Los Angeles County,2024-02,95
91207,Glendale,Los Angeles County,2024-05,94
91207,Glendale,Los Angeles County,2024-10,78
91207,Glendale,Los Angeles County,2025-02,92
91208,Glendale,Los Angeles County,2012-09,63
91208,Glendale,Los Angeles County,2014-07,74
91208,Glendale,Los Angeles County,2014-10,70
91208,Glendale,Los Angeles County,2015-10,65
91208,Glendale,Los Angeles County,2016-03,67
91208,Glendale,Los Angeles County,2016-04,69
91208,Glendale,Los Angeles County,2017-03,69
91208,Glendale,Los Angeles County,2018-10,65
91208,Glendale,Los Angeles County,2018-11,62
91208,Glendale,Los Angeles County,2019-09,81
91208,Glendale,Los Angeles County,2020-10,96
91208,Glendale,Los Angeles County,2021-11,90
91208,Glendale,Los Angeles County,2023-03,93
91208,Glendale,Los Angeles County,2025-01,71
91208,Glendale,Los Angeles County,2025-02,73
91208,Glendale,Los Angeles County,2025-06,76
91208,Glendale,Los Angeles County,2025-07,78
91210,Glendale,Los Angeles County,2014-12,67
91210,Glendale,Los Angeles County,2015-05,20
91210,Glendale,Los Angeles County,2015-09,26
91210,Glendale,Los Angeles County,2019-05,38
91210,Glendale,Los Angeles County,2020-02,0
91210,Glendale,Los Angeles County,2021-07,92
91210,Glendale,Los Angeles County,2022-02,54
91210,Glendale,Los Angeles County,2022-12,41
91210,Glendale,Los Angeles County,2023-04,25
91210,Glendale,Los Angeles County,2023-05,58
91210,Glendale,Los Angeles County,2023-07,54
91210,Glendale,Los Angeles County,2024-10,44
91210,Glendale,Los Angeles County,2025-06,100
91214,La Crescenta,Los Angeles County,2012-05,59
91214,La Crescenta,Los Angeles County,2012-06,64
91214,La Crescenta,Los Angeles County,2012-09,62
91214,La Crescenta,Los Angeles County,2012-12,65
91214,La Crescenta,Los Angeles County,2013-01,65
91214,La Crescenta,Los Angeles County,2013-03,78
91214,La Crescenta,Los Angeles County,2013-12,66
91214,La Crescenta,Los Angeles County,2014-09,68
91214,La Crescenta,Los Angeles County,2016-01,58
91214,La Crescenta,Los Angeles County,2016-11,65
91214,La Crescenta,Los Angeles County,2017-09,72
91214,La Crescenta,Los Angeles County,2018-03,68
91214,La Crescenta,Los Angeles County,2019-07,83
91214,La Crescenta,Los Angeles County,2019-11,80
91214,La Crescenta,Los Angeles County,2019-12,76
91214,La Crescenta,Los Angeles County,2021-07,100
91214,La Crescenta,Los Angeles County,2021-12,91
91214,La Crescenta,Los Angeles County,2022-06,100
91214,La Crescenta,Los Angeles County,2022-09,84
91214,La Crescenta,Los Angeles County,2023-01,69
91214,La Crescenta,Los Angeles County,2023-11,85
91301,Agoura Hills,Los Angeles County,2012-04,57
91301,Agoura Hills,Los Angeles County,2012-06,61
91301,Agoura Hills,Los Angeles County,2013-05,79
91301,Agoura Hills,Los Angeles County,2013-12,61
91301,Agoura Hills,Los Angeles County,2015-12,61
91301,Agoura Hills,Los Angeles County,2016-03,67
91301,Agoura Hills,Los Angeles County,2016-10,63
91301,Agoura Hills,Los Angeles County,2018-01,62
91301,Agoura Hills,Los Angeles County,2018-02,62
91301,Agoura Hills,Los Angeles County,2018-09,60
91301,Agoura Hills,Los Angeles County,2018-10,62
91301,Agoura Hills,Los Angeles County,2019-01,49
91301,Agoura Hills,Los Angeles County,2019-06,62
91301,Agoura Hills,Los Angeles County,2023-01,64
91301,Agoura Hills,Los Angeles County,2024-09,73
91301,Agoura Hills,Los Angeles County,2024-10,65
91301,Agoura Hills,Los Angeles County,2025-12,56
91302,Calabasas,Los Angeles County,2012-08,62
91302,Calabasas,Los Angeles County,2012-09,58
91302,Calabasas,Los Angeles County,2013-01,73
91302,Calabasas,Los Angeles County,2013-05,81
91302,Calabasas,Los Angeles County,2013-10,69
91302,Calabasas,Los Angeles County,2015-11,56
91302,Calabasas,Los Angeles County,2016-03,60
91302,Calabasas,Los Angeles County,2017-06,68
91302,Calabasas,Los Angeles County,2017-08,61
91302,Calabasas,Los Angeles County,2018-02,64
91302,Calabasas,Los Angeles County,2019-02,55
91302,Calabasas,Los Angeles County,2019-05,59
91302,Calabasas,Los Angeles County,2020-08,64
91302,Calabasas,Los Angeles County,2020-11,63
91302,Calabasas,Los Angeles County,2022-07,82
91302,Calabasas,Los Angeles County,2024-08,69
91302,Calabasas,Los Angeles County,2024-10,66
91302,Calabasas,Los Angeles County,2025-04,64
91303,Canoga Park,Los Angeles County,2012-11,74
91303,Canoga Park,Los Angeles County,2014-07,74
91303,Canoga Park,Los Angeles County,2014-11,73
91303,Canoga Park,Los Angeles County,2015-10,70
91303,Canoga Park,Los Angeles County,2016-05,61
91303,Canoga Park,Los Angeles County,2016-08,75
91303,Canoga Park,Los Angeles County,2016-11,72
91303,Canoga Park,Los Angeles County,2017-08,74
91303,Canoga Park,Los Angeles County,2017-12,68
91303,Canoga Park,Los Angeles County,2019-07,72
91303,Canoga Park,Los Angeles County,2019-10,76
91303,Canoga Park,Los Angeles County,2020-08,75
91303,Canoga Park,Los Angeles County,2022-02,95
91303,Canoga Park,Los Angeles County,2022-04,93
91303,Canoga Park,Los Angeles County,2023-04,68
91303,Canoga Park,Los Angeles County,2023-05,68
91303,Canoga Park,Los Angeles County,2024-01,86
91303,Canoga Park,Los Angeles County,2024-02,73
91303,Canoga Park,Los Angeles County,2024-04,83
91303,Canoga Park,Los Angeles County,2024-06,77
91303,Canoga Park,Los Angeles County,2025-11,37
91304,Canoga Park,Los Angeles County,2014-11,71
91304,Canoga Park,Los Angeles County,2014-12,65
91304,Canoga Park,Los Angeles County,2016-03,71
91304,Canoga Park,Los Angeles County,2016-07,82
91304,Canoga Park,Los Angeles County,2017-05,77
91304,Canoga Park,Los Angeles County,2018-01,71
91304,Canoga Park,Los Angeles County,2019-04,68
91304,Canoga Park,Los Angeles County,2020-02,86
91304,Canoga Park,Los Angeles County,2020-05,82
91304,Canoga Park,Los Angeles County,2023-04,86
91304,Canoga Park,Los Angeles County,2023-11,81
91304,Canoga Park,Los Angeles County,2024-03,85
91304,Canoga Park,Los Angeles County,2024-09,81
91304,Canoga Park,Los Angeles County,2025-09,65
91306,Winnetka,Los Angeles County,2012-07,84
91306,Winnetka,Los Angeles County,2014-02,74
91306,Winnetka,Los Angeles County,2014-05,80
91306,Winnetka,Los Angeles County,2014-12,71
91306,Winnetka,Los Angeles County,2015-05,82
91306,Winnetka,Los Angeles County,2015-09,84
91306,Winnetka,Los Angeles County,2015-11,83
91306,Winnetka,Los Angeles County,2019-02,75
91306,Winnetka,Los Angeles County,2019-07,78
91306,Winnetka,Los Angeles County,2019-08,78
91306,Winnetka,Los Angeles County,2020-02,80
91306,Winnetka,Los Angeles County,2020-05,81
91306,Winnetka,Los Angeles County,2020-06,79
91306,Winnetka,Los Angeles County,2022-05,100
91306,Winnetka,Los Angeles County,2022-11,66
91306,Winnetka,Los Angeles County,2023-01,66
91306,Winnetka,Los Angeles County,2025-11,62
91307,West Hills,Los Angeles County,2013-07,92
91307,West Hills,Los Angeles County,2017-11,66
91307,West Hills,Los Angeles County,2018-09,73
91307,West Hills,Los Angeles County,2020-01,66
91307,West Hills,Los Angeles County,2022-08,83
91307,West Hills,Los Angeles County,2023-03,64
91307,West Hills,Los Angeles County,2023-12,77
91307,West Hills,Los Angeles County,2024-07,85
91307,West Hills,Los Angeles County,2024-12,68
91310,Castaic,Los Angeles County,2012-06,48
91310,Castaic,Los Angeles County,2013-12,82
91310,Castaic,Los Angeles County,2014-12,58
91310,Castaic,Los Angeles County,2015-03,80
91310,Castaic,Los Angeles County,2015-05,81
91310,Castaic,Los Angeles County,2016-05,77
91310,Castaic,Los Angeles County,2017-03,55
91310,Castaic,Los Angeles County,2018-10,59
91310,Castaic,Los Angeles County,2019-03,55
91310,Castaic,Los Angeles County,2020-05,69
91310,Castaic,Los Angeles County,2020-06,73
91310,Castaic,Los Angeles County,2020-07,86
91310,Castaic,Los Angeles County,2021-01,92
91310,Castaic,Los Angeles County,2021-05,99
91310,Castaic,Los Angeles County,2022-11,66
91310,Castaic,Los Angeles County,2024-06,40
91310,Castaic,Los Angeles County,2024-07,59
91310,Castaic,Los Angeles County,2025-06,55
91311,Chatsworth,Los Angeles County,2013-12,76
91311,Chatsworth,Los Angeles County,2015-08,77
91311,Chatsworth,Los Angeles County,2016-11,61
91311,Chatsworth,Los Angeles County,2017-01,60
91311,Chatsworth,Los Angeles County,2017-06,85
91311,Chatsworth,Los Angeles County,2017-07,81
91311,Chatsworth,Los Angeles County,2019-07,74
91311,Chatsworth,Los Angeles County,2019-08,73
91311,Chatsworth,Los Angeles County,2020-01,69
91311,Chatsworth,Los Angeles County,2021-07,100
91311,Chatsworth,Los Angeles County,2022-06,91
91311,Chatsworth,Los Angeles County,2023-06,94
91311,Chatsworth,Los Angeles County,2023-08,90
91311,Chatsworth,Los Angeles County,2023-12,76
91311,Chatsworth,Los Angeles County,2024-02,69
91311,Chatsworth,Los Angeles County,2024-05,85
91311,Chatsworth,Los Angeles County,2025-06,66
91311,Chatsworth,Los Angeles County,2025-12,65
91313,Chatsworth,Los Angeles County,2012-07,48
91313,Chatsworth,Los Angeles County,2013-04,0
91313,Chatsworth,Los Angeles County,2013-05,100
91313,Chatsworth,Los Angeles County,2014-01,55
91313,Chatsworth,Los Angeles County,2015-07,73
91313,Chatsworth,Los Angeles County,2016-10,80
91313,Chatsworth,Los Angeles County,2017-09,71
91313,Chatsworth,Los Angeles County,2018-09,82
91313,Chatsworth,Los Angeles County,2022-02,88
91313,Chatsworth,Los Angeles County,2023-09,59
91313,Chatsworth,Los Angeles County,2024-01,47
91313,Chatsworth,Los Angeles County,2025-03,68
91313,Chatsworth,Los Angeles County,2025-07,64
91316,Encino,Los Angeles County,2012-03,69
91316,Encino,Los Angeles County,2012-09,85
91316,Encino,Los Angeles County,2013-03,95
91316,Encino,Los Angeles County,2014-03,74
91316,Encino,Los Angeles County,2014-11,69
91316,Encino,Los Angeles County,2015-07,77
91316,Encino,Los Angeles County,2015-11,74
91316,Encino,Los Angeles County,2017-01,60
91316,Encino,Los Angeles County,2017-02,65
91316,Encino,Los Angeles County,2018-06,79
91316,Encino,Los Angeles County,2018-09,66
91316,Encino,Los Angeles County,2021-04,86
91316,Encino,Los Angeles County,2022-01,83
91316,Encino,Los Angeles County,2022-06,100
91316,Encino,Los Angeles County,2022-09,71
91316,Encino,Los Angeles County,2023-05,76
91316,Encino,Los Angeles County,2023-07,76
91316,Encino,Los Angeles County,2025-01,59
91316,Encino,Los Angeles County,2025-11,54
91320,Newbury Park,Ventura County,2013-06,81
91320,Newbury Park,Ventura County,2013-10,73
91320,Newbury Park,Ventura County,2014-04,66
91320,Newbury Park,Ventura County,2015-08,70
91320,Newbury Park,Ventura County,2016-02,61
91320,Newbury Park,Ventura County,2018-07,69
91320,Newbury Park,Ventura County,2018-10,62
91320,Newbury Park,Ventura County,2020-11,80
91320,Newbury Park,Ventura County,2021-02,82
91320,Newbury Park,Ventura County,2022-08,83
91320,Newbury Park,Ventura County,2023-01,68
91320,Newbury Park,Ventura County,2024-03,75
91320,Newbury Park,Ventura County,2025-04,73
91321,Newhall,Los Angeles County,2012-09,69
91321,Newhall,Los Angeles County,2013-11,84
91321,Newhall,Los Angeles County,2014-11,67
91321,Newhall,Los Angeles County,2015-05,78
91321,Newhall,Los Angeles County,2016-02,74
91321,Newhall,Los Angeles County,2017-07,76
91321,Newhall,Los Angeles County,2018-06,81
91321,Newhall,Los Angeles County,2019-03,67
91321,Newhall,Los Angeles County,2020-05,74
91321,Newhall,Los Angeles County,2020-08,87
91321,Newhall,Los Angeles County,2021-11,90
91321,Newhall,Los Angeles County,2022-02,95
91321,Newhall,Los Angeles County,2022-08,82
91321,Newhall,Los Angeles County,2022-09,74
91321,Newhall,Los Angeles County,2022-11,70
91321,Newhall,Los Angeles County,2023-02,71
91321,Newhall,Los Angeles County,2023-04,77
91321,Newhall,Los Angeles County,2024-02,86
91321,Newhall,Los Angeles County,2025-11,66
91324,Northridge,Los Angeles County,2012-11,87
91324,Northridge,Los Angeles County,2014-03,82
91324,Northridge,Los Angeles County,2015-01,65
91324,Northridge,Los Angeles County,2015-02,73
91324,Northridge,Los Angeles County,2015-09,79
91324,Northridge,Los Angeles County,2015-12,73
91324,Northridge,Los Angeles County,2016-01,74
91324,Northridge,Los Angeles County,2016-09,72
91324,Northridge,Los Angeles County,2016-12,64
91324,Northridge,Los Angeles County,2017-10,75
91324,Northridge,Los Angeles County,2018-02,68
91324,Northridge,Los Angeles County,2018-03,76
91324,Northridge,Los Angeles County,2018-07,83
91324,Northridge,Los Angeles County,2019-09,66
91324,Northridge,Los Angeles County,2020-01,75
91324,Northridge,Los Angeles County,2020-04,89
91324,Northridge,Los Angeles County,2020-05,90
91324,Northridge,Los Angeles County,2022-09,70
91324,Northridge,Los Angeles County,2022-10,69
91324,Northridge,Los Angeles County,2024-08,78
91324,Northridge,Los Angeles County,2025-05,73
91324,Northridge,Los Angeles County,2025-09,63
91325,Northridge,Los Angeles County,2013-03,88
91325,Northridge,Los Angeles County,2014-07,78
91325,Northridge,Los Angeles County,2016-06,73
91325,Northridge,Los Angeles County,2017-02,68
91325,Northridge,Los Angeles County,2017-10,80
91325,Northridge,Los Angeles County,2018-08,76
91325,Northridge,Los Angeles County,2018-09,75
91325,Northridge,Los Angeles County,2020-08,89
91325,Northridge,Los Angeles County,2021-03,100
91325,Northridge,Los Angeles County,2021-07,99
91325,Northridge,Los Angeles County,2021-12,91
91325,Northridge,Los Angeles County,2024-06,84
91325,Northridge,Los Angeles County,2024-11,71
91325,Northridge,Los Angeles County,2025-08,64
91325,Northridge,Los Angeles County,2025-12,68
91326,Northridge,Los Angeles County,2013-03,91
91326,Northridge,Los Angeles County,2013-05,93
91326,Northridge,Los Angeles County,2013-07,92
91326,Northridge,Los Angeles County,2014-06,76
91326,Northridge,Los Angeles County,2014-10,73
91326,Northridge,Los Angeles County,2015-01,73
91326,Northridge,Los Angeles County,2015-08,80
91326,Northridge,Los Angeles County,2015-10,74
91326,Northridge,Los Angeles County,2015-12,67
91326,Northridge,Los Angeles County,2016-09,64
91326,Northridge,Los Angeles County,2016-11,64
91326,Northridge,Los Angeles County,2017-08,72
91326,Northridge,Los Angeles County,2018-03,73
91326,Northridge,Los Angeles County,2020-04,88
91326,Northridge,Los Angeles County,2022-05,100
91326,Northridge,Los Angeles County,2022-11,70
91326,Northridge,Los Angeles County,2023-09,83
91331,Pacoima,Los Angeles County,2012-04,70
91331,Pacoima,Los Angeles County,2013-04,93
91331,Pacoima,Los Angeles County,2014-04,82
91331,Pacoima,Los Angeles County,2014-05,87
91331,Pacoima,Los Angeles County,2014-06,86
91331,Pacoima,Los Angeles County,2015-02,74
91331,Pacoima,Los Angeles County,2015-04,82
91331,Pacoima,Los Angeles County,2016-07,84
91331,Pacoima,Los Angeles County,2017-12,80
91331,Pacoima,Los Angeles County,2018-01,79
91331,Pacoima,Los Angeles County,2021-05,100
91331,Pacoima,Los Angeles County,2022-01,89
91331,Pacoima,Los Angeles County,2022-02,85
91331,Pacoima,Los Angeles County,2022-06,98
91331,Pacoima,Los Angeles County,2023-11,88
91331,Pacoima,Los Angeles County,2024-03,86
91331,Pacoima,Los Angeles County,2024-08,83
91335,Reseda,Los Angeles County,2012-05,73
91335,Reseda,Los Angeles County,2013-07,99
91335,Reseda,Los Angeles County,2014-11,75
91335,Reseda,Los Angeles County,2014-12,72
91335,Reseda,Los Angeles County,2015-07,89
91335,Reseda,Los Angeles County,2017-02,70
91335,Reseda,Los Angeles County,2018-12,68
91335,Reseda,Los Angeles County,2019-04,75
91335,Reseda,Los Angeles County,2019-07,81
91335,Reseda,Los Angeles County,2019-08,80
91335,Reseda,Los Angeles County,2020-11,93
91335,Reseda,Los Angeles County,2020-12,93
91335,Reseda,Los Angeles County,2021-02,89
91335,Reseda,Los Angeles County,2022-05,100
91335,Reseda,Los Angeles County,2023-06,91
91335,Reseda,Los Angeles County,2024-08,84
91335,Reseda,Los Angeles County,2025-04,79
91335,Reseda,Los Angeles County,2025-12,61
91340,San Fernando,Los Angeles County,2013-03,91
91340,San Fernando,Los Angeles County,2013-06,87
91340,San Fernando,Los Angeles County,2013-07,90
91340,San Fernando,Los Angeles County,2013-08,83
91340,San Fernando,Los Angeles County,2013-12,78
91340,San Fernando,Los Angeles County,2014-05,75
91340,San Fernando,Los Angeles County,2015-03,71
91340,San Fernando,Los Angeles County,2015-11,79
91340,San Fernando,Los Angeles County,2017-05,69
91340,San Fernando,Los Angeles County,2017-06,78
91340,San Fernando,Los Angeles County,2017-11,77
91340,San Fernando,Los Angeles County,2020-06,81
91340,San Fernando,Los Angeles County,2020-12,82
91340,San Fernando,Los Angeles County,2021-11,78
91340,San Fernando,Los Angeles County,2022-02,86
91340,San Fernando,Los Angeles County,2023-02,70
91340,San Fernando,Los Angeles County,2024-07,86
91340,San Fernando,Los Angeles County,2025-08,78
91340,San Fernando,Los Angeles County,2025-12,67
91342,Sylmar,Los Angeles County,2012-09,80
91342,Sylmar,Los Angeles County,2012-11,83
91342,Sylmar,Los Angeles County,2013-03,91
91342,Sylmar,Los Angeles County,2013-04,94
91342,Sylmar,Los Angeles County,2013-05,93
91342,Sylmar,Los Angeles County,2014-03,78
91342,Sylmar,Los Angeles County,2014-11,79
91342,Sylmar,Los Angeles County,2015-01,72
91342,Sylmar,Los Angeles County,2015-08,82
91342,Sylmar,Los Angeles County,2017-04,75
91342,Sylmar,Los Angeles County,2017-05,79
91342,Sylmar,Los Angeles County,2018-09,78
91342,Sylmar,Los Angeles County,2019-01,69
91342,Sylmar,Los Angeles County,2019-02,68
91342,Sylmar,Los Angeles County,2019-05,79
91342,Sylmar,Los Angeles County,2019-09,81
91342,Sylmar,Los Angeles County,2020-05,86
91342,Sylmar,Los Angeles County,2021-09,95
91342,Sylmar,Los Angeles County,2022-02,90
91342,Sylmar,Los Angeles County,2023-02,68
91342,Sylmar,Los Angeles County,2023-07,92
91342,Sylmar,Los Angeles County,2025-03,71
91343,North Hills,Los Angeles County,2013-08,100
91343,North Hills,Los Angeles County,2014-03,79
91343,North Hills,Los Angeles County,2014-08,84
91343,North Hills,Los Angeles County,2015-01,74
91343,North Hills,Los Angeles County,2015-07,90
91343,North Hills,Los Angeles County,2015-08,89
91343,North Hills,Los Angeles County,2016-06,88
91343,North Hills,Los Angeles County,2018-02,76
91343,North Hills,Los Angeles County,2020-06,90
91343,North Hills,Los Angeles County,2020-08,94
91343,North Hills,Los Angeles County,2020-10,100
91343,North Hills,Los Angeles County,2021-03,100
91343,North Hills,Los Angeles County,2021-07,100
91343,North Hills,Los Angeles County,2022-03,98
91343,North Hills,Los Angeles County,2022-05,97
91343,North Hills,Los Angeles County,2022-08,87
91343,North Hills,Los Angeles County,2023-02,65
91343,North Hills,Los Angeles County,2024-02,83
91343,North Hills,Los Angeles County,2025-10,76
91344,Granada Hills,Los Angeles County,2012-03,58
91344,Granada Hills,Los Angeles County,2016-06,82
91344,Granada Hills,Los Angeles County,2017-04,82
91344,Granada Hills,Los Angeles County,2017-09,85
91344,Granada Hills,Los Angeles County,2018-06,87
91344,Granada Hills,Los Angeles County,2019-05,86
91344,Granada Hills,Los Angeles County,2022-11,72
91344,Granada Hills,Los Angeles County,2023-02,61
91345,Mission Hills,Los Angeles County,2012-06,65
91345,Mission Hills,Los Angeles County,2012-11,87
91345,Mission Hills,Los Angeles County,2014-06,80
91345,Mission Hills,Los Angeles County,2014-11,70
91345,Mission Hills,Los Angeles County,2014-12,70
91345,Mission Hills,Los Angeles County,2015-05,86
91345,Mission Hills,Los Angeles County,2015-08,77
91345,Mission Hills,Los Angeles County,2015-10,74
91345,Mission Hills,Los Angeles County,2017-06,91
91345,Mission Hills,Los Angeles County,2017-11,90
91345,Mission Hills,Los Angeles County,2019-09,82
91345,Mission Hills,Los Angeles County,2019-12,76
91345,Mission Hills,Los Angeles County,2020-10,94
91345,Mission Hills,Los Angeles County,2021-03,95
91345,Mission Hills,Los Angeles County,2021-11,99
91345,Mission Hills,Los Angeles County,2023-07,90
91345,Mission Hills,Los Angeles County,2023-08,93
91345,Mission Hills,Los Angeles County,2025-03,84
91345,Mission Hills,Los Angeles County,2025-11,49
91350,Santa Clarita,Los Angeles County,2012-03,60
91350,Santa Clarita,Los Angeles County,2012-05,73
91350,Santa Clarita,Los Angeles County,2012-07,78
91350,Santa Clarita,Los Angeles County,2015-04,81
91350,Santa Clarita,Los Angeles County,2015-07,86
91350,Santa Clarita,Los Angeles County,2016-01,77
91350,Santa Clarita,Los Angeles County,2016-02,77
91350,Santa Clarita,Los Angeles County,2016-09,81
91350,Santa Clarita,Los Angeles County,2017-03,74
91350,Santa Clarita,Los Angeles County,2018-03,75
91350,Santa Clarita,Los Angeles County,2018-04,79
91350,Santa Clarita,Los Angeles County,2019-03,65
91350,Santa Clarita,Los Angeles County,2019-08,79
91350,Santa Clarita,Los Angeles County,2021-01,95
91350,Santa Clarita,Los Angeles County,2021-02,99
91350,Santa Clarita,Los Angeles County,2021-04,100
91350,Santa Clarita,Los Angeles County,2021-10,100
91350,Santa Clarita,Los Angeles County,2022-06,100
91350,Santa Clarita,Los Angeles County,2022-09,78
91350,Santa Clarita,Los Angeles County,2023-06,98
91350,Santa Clarita,Los Angeles County,2024-06,89
91350,Santa Clarita,Los Angeles County,2025-07,63
91351,Canyon Country,Los Angeles County,2012-04,61
91351,Canyon Country,Los Angeles County,2013-01,91
91351,Canyon Country,Los Angeles County,2013-04,98
91351,Canyon Country,Los Angeles County,2013-10,84
91351,Canyon Country,Los Angeles County,2013-11,84
91351,Canyon Country,Los Angeles County,2013-12,80
91351,Canyon Country,Los Angeles County,2014-04,80
91351,Canyon Country,Los Angeles County,2014-08,83
91351,Canyon Country,Los Angeles County,2014-10,75
91351,Canyon Country,Los Angeles County,2014-12,75
91351,Canyon Country,Los Angeles County,2015-10,83
91351,Canyon Country,Los Angeles County,2016-02,84
91351,Canyon Country,Los Angeles County,2016-05,78
91351,Canyon Country,Los Angeles County,2016-06,78
91351,Canyon Country,Los Angeles County,2016-08,79
91351,Canyon Country,Los Angeles County,2019-01,60
91351,Canyon Country,Los Angeles County,2019-05,74
91351,Canyon Country,Los Angeles County,2020-03,81
91351,Canyon Country,Los Angeles County,2022-01,99
91351,Canyon Country,Los Angeles County,2022-12,63
91351,Canyon Country,Los Angeles County,2023-10,73
91351,Canyon Country,Los Angeles County,2024-03,71
91351,Canyon Country,Los Angeles County,2024-09,73
91351,Canyon Country,Los Angeles County,2025-04,66
91351,Canyon Country,Los Angeles County,2025-08,59
91352,Sun Valley,Los Angeles County,2012-06,75
91352,Sun Valley,Los Angeles County,2012-08,81
91352,Sun Valley,Los Angeles County,2013-04,96
91352,Sun Valley,Los Angeles County,2013-07,90
91352,Sun Valley,Los Angeles County,2013-08,92
91352,Sun Valley,Los Angeles County,2016-03,68
91352,Sun Valley,Los Angeles County,2016-07,82
91352,Sun Valley,Los Angeles County,2017-02,74
91352,Sun Valley,Los Angeles County,2018-12,69
91352,Sun Valley,Los Angeles County,2019-12,72
91352,Sun Valley,Los Angeles County,2020-06,80
91352,Sun Valley,Los Angeles County,2020-11,86
91352,Sun Valley,Los Angeles County,2021-06,89
91352,Sun Valley,Los Angeles County,2021-07,88
91352,Sun Valley,Los Angeles County,2022-07,89
91352,Sun Valley,Los Angeles County,2022-08,75
91352,Sun Valley,Los Angeles County,2024-02,82
91352,Sun Valley,Los Angeles County,2025-08,81
91354,Valencia,Los Angeles County,2013-02,96
91354,Valencia,Los Angeles County,2013-11,77
91354,Valencia,Los Angeles County,2015-12,77
91354,Valencia,Los Angeles County,2017-07,83
91354,Valencia,Los Angeles County,2018-05,86
91354,Valencia,Los Angeles County,2019-04,68
91354,Valencia,Los Angeles County,2019-07,77
91354,Valencia,Los Angeles County,2020-12,95
91354,Valencia,Los Angeles County,2021-05,100
91354,Valencia,Los Angeles County,2021-08,100
91354,Valencia,Los Angeles County,2023-04,77
91354,Valencia,Los Angeles County,2023-12,73
91354,Valencia,Los Angeles County,2024-01,72
91354,Valencia,Los Angeles County,2025-10,59
91354,Valencia,Los Angeles County,2025-12,49
91355,Valencia,Los Angeles County,2012-05,64
91355,Valencia,Los Angeles County,2013-06,92
91355,Valencia,Los Angeles County,2014-03,79
91355,Valencia,Los Angeles County,2014-10,72
91355,Valencia,Los Angeles County,2015-08,76
91355,Valencia,Los Angeles County,2016-02,77
91355,Valencia,Los Angeles County,2016-08,77
91355,Valencia,Los Angeles County,2017-02,72
91355,Valencia,Los Angeles County,2018-10,66
91355,Valencia,Los Angeles County,2019-04,68
91355,Valencia,Los Angeles County,2021-10,100
91355,Valencia,Los Angeles County,2023-09,95
91355,Valencia,Los Angeles County,2024-12,67
91355,Valencia,Los Angeles County,2025-04,80
91355,Valencia,Los Angeles County,2025-08,71
91356,Tarzana,Los Angeles County,2013-10,84
91356,Tarzana,Los Angeles County,2014-04,80
91356,Tarzana,Los Angeles County,2015-10,65
91356,Tarzana,Los Angeles County,2016-04,80
91356,Tarzana,Los Angeles County,2017-10,73
91356,Tarzana,Los Angeles County,2017-12,72
91356,Tarzana,Los Angeles County,2018-02,75
91356,Tarzana,Los Angeles County,2019-02,52
91356,Tarzana,Los Angeles County,2019-12,64
91356,Tarzana,Los Angeles County,2020-05,73
91356,Tarzana,Los Angeles County,2021-04,91
91356,Tarzana,Los Angeles County,2023-08,71
91356,Tarzana,Los Angeles County,2023-10,73
91356,Tarzana,Los Angeles County,2025-02,61
91356,Tarzana,Los Angeles County,2025-10,56
91360,Thousand Oaks,Ventura County,2013-02,77
91360,Thousand Oaks,Ventura County,2013-03,79
91360,Thousand Oaks,Ventura County,2014-05,75
91360,Thousand Oaks,Ventura County,2014-12,58
91360,Thousand Oaks,Ventura County,2017-04,78
91360,Thousand Oaks,Ventura County,2017-11,67
91360,Thousand Oaks,Ventura County,2019-02,64
91360,Thousand Oaks,Ventura County,2021-02,87
91360,Thousand Oaks,Ventura County,2021-09,100
91360,Thousand Oaks,Ventura County,2021-12,90
91360,Thousand Oaks,Ventura County,2022-01,86
91360,Thousand Oaks,Ventura County,2022-06,100
91360,Thousand Oaks,Ventura County,2022-09,80
91360,Thousand Oaks,Ventura County,2022-10,78
91360,Thousand Oaks,Ventura County,2022-11,74
91360,Thousand Oaks,Ventura County,2024-05,83
91360,Thousand Oaks,Ventura County,2024-07,82
91360,Thousand Oaks,Ventura County,2025-03,77
91361,Westlake Village,Ventura County,2012-08,63
91361,Westlake Village,Ventura County,2012-11,55
91361,Westlake Village,Ventura County,2014-01,48
91361,Westlake Village,Ventura County,2016-02,50
91361,Westlake Village,Ventura County,2016-10,56
91361,Westlake Village,Ventura County,2017-02,40
91361,Westlake Village,Ventura County,2018-07,66
91361,Westlake Village,Ventura County,2018-10,59
91361,Westlake Village,Ventura County,2019-12,47
91361,Westlake Village,Ventura County,2020-04,52
91361,Westlake Village,Ventura County,2021-10,84
91361,Westlake Village,Ventura County,2022-04,94
91361,Westlake Village,Ventura County,2022-07,88
91361,Westlake Village,Ventura County,2022-09,76
91361,Westlake Village,Ventura County,2023-07,76
91361,Westlake Village,Ventura County,2025-06,66
91362,Thousand Oaks,Ventura County,2013-11,69
91362,Thousand Oaks,Ventura County,2014-07,69
91362,Thousand Oaks,Ventura County,2015-09,64
91362,Thousand Oaks,Ventura County,2016-01,57
91362,Thousand Oaks,Ventura County,2016-02,57
91362,Thousand Oaks,Ventura County,2016-03,65
91362,Thousand Oaks,Ventura County,2017-01,59
91362,Thousand Oaks,Ventura County,2017-04,72
91362,Thousand Oaks,Ventura County,2018-02,62
91362,Thousand Oaks,Ventura County,2019-09,58
91362,Thousand Oaks,Ventura County,2020-02,57
91362,Thousand Oaks,Ventura County,2020-08,61
91362,Thousand Oaks,Ventura County,2020-10,70
91362,Thousand Oaks,Ventura County,2020-12,75
91362,Thousand Oaks,Ventura County,2021-03,83
91362,Thousand Oaks,Ventura County,2021-06,88
91362,Thousand Oaks,Ventura County,2022-10,77
91362,Thousand Oaks,Ventura County,2024-06,80
91364,Woodland Hills,Los Angeles County,2012-12,69
91364,Woodland Hills,Los Angeles County,2015-10,76
91364,Woodland Hills,Los Angeles County,2016-06,76
91364,Woodland Hills,Los Angeles County,2017-01,56
91364,Woodland Hills,Los Angeles County,2017-11,65
91364,Woodland Hills,Los Angeles County,2018-04,81
91364,Woodland Hills,Los Angeles County,2021-01,80
91364,Woodland Hills,Los Angeles County,2021-02,85
91364,Woodland Hills,Los Angeles County,2021-11,90
91364,Woodland Hills,Los Angeles County,2023-01,68
91364,Woodland Hills,Los Angeles County,2023-04,84
91364,Woodland Hills,Los Angeles County,2023-10,79
91364,Woodland Hills,Los Angeles County,2024-04,76
91364,Woodland Hills,Los Angeles County,2024-08,67
91364,Woodland Hills,Los Angeles County,2025-08,54
91367,Woodland Hills,Los Angeles County,2012-10,77
91367,Woodland Hills,Los Angeles County,2013-12,78
91367,Woodland Hills,Los Angeles County,2014-05,82
91367,Woodland Hills,Los Angeles County,2014-10,68
91367,Woodland Hills,Los Angeles County,2014-11,67
91367,Woodland Hills,Los Angeles County,2015-10,81
91367,Woodland Hills,Los Angeles County,2016-03,76
91367,Woodland Hills,Los Angeles County,2017-03,78
91367,Woodland Hills,Los Angeles County,2018-03,79
91367,Woodland Hills,Los Angeles County,2018-05,80
91367,Woodland Hills,Los Angeles County,2019-04,63
91367,Woodland Hills,Los Angeles County,2019-10,66
91367,Woodland Hills,Los Angeles County,2021-03,91
91367,Woodland Hills,Los Angeles County,2022-06,99
91367,Woodland Hills,Los Angeles County,2022-10,73
91367,Woodland Hills,Los Angeles County,2023-05,88
91367,Woodland Hills,Los Angeles County,2023-08,92
91367,Woodland Hills,Los Angeles County,2023-10,81
91367,Woodland Hills,Los Angeles County,2024-08,75
91367,Woodland Hills,Los Angeles County,2025-02,60
91377,Oak Park,Ventura County,2012-11,70
91377,Oak Park,Ventura County,2013-12,63
91377,Oak Park,Ventura County,2014-09,69
91377,Oak Park,Ventura County,2015-01,63
91377,Oak Park,Ventura County,2017-08,76
91377,Oak Park,Ventura County,2018-11,69
91377,Oak Park,Ventura County,2019-03,61
91377,Oak Park,Ventura County,2019-05,70
91377,Oak Park,Ventura County,2019-10,53
91377,Oak Park,Ventura County,2020-01,61
91377,Oak Park,Ventura County,2022-08,85
91381,Stevenson Ranch,Los Angeles County,2013-03,89
91381,Stevenson Ranch,Los Angeles County,2013-07,88
91381,Stevenson Ranch,Los Angeles County,2013-08,86
91381,Stevenson Ranch,Los Angeles County,2014-02,63
91381,Stevenson Ranch,Los Angeles County,2014-06,73
91381,Stevenson Ranch,Los Angeles County,2015-03,76
91381,Stevenson Ranch,Los Angeles County,2016-10,68
91381,Stevenson Ranch,Los Angeles County,2017-08,70
91381,Stevenson Ranch,Los Angeles County,2017-09,69
91381,Stevenson Ranch,Los Angeles County,2018-09,68
91381,Stevenson Ranch,Los Angeles County,2019-02,50
91381,Stevenson Ranch,Los Angeles County,2019-04,68
91381,Stevenson Ranch,Los Angeles County,2020-11,87
91381,Stevenson Ranch,Los Angeles County,2022-07,87
91381,Stevenson Ranch,Los Angeles County,2022-12,65
91381,Stevenson Ranch,Los Angeles County,2024-05,64
91381,Stevenson Ranch,Los Angeles County,2024-08,66
91382,Santa Clarita,Los Angeles County,2012-05,61
91382,Santa Clarita,Los Angeles County,2012-09,69
91382,Santa Clarita,Los Angeles County,2013-05,87
91382,Santa Clarita,Los Angeles County,2014-07,72
91382,Santa Clarita,Los Angeles County,2015-05,76
91382,Santa Clarita,Los Angeles County,2015-06,92
91382,Santa Clarita,Los Angeles County,2016-02,100
91382,Santa Clarita,Los Angeles County,2016-06,87
91382,Santa Clarita,Los Angeles County,2016-07,79
91382,Santa Clarita,Los Angeles County,2017-02,67
91382,Santa Clarita,Los Angeles County,2018-04,53
91382,Santa Clarita,Los Angeles County,2018-10,60
91382,Santa Clarita,Los Angeles County,2019-03,34
91382,Santa Clarita,Los Angeles County,2019-07,89
91382,Santa Clarita,Los Angeles County,2021-08,100
91382,Santa Clarita,Los Angeles County,2022-07,90
91382,Santa Clarita,Los Angeles County,2022-11,71
91382,Santa Clarita,Los Angeles County,2023-03,95
91382,Santa Clarita,Los Angeles County,2024-12,95
91384,Castaic,Los Angeles County,2012-05,51
91384,Castaic,Los Angeles County,2013-06,93
91384,Castaic,Los Angeles County,2013-11,85
91384,Castaic,Los Angeles County,2015-10,78
91384,Castaic,Los Angeles County,2016-03,76
91384,Castaic,Los Angeles County,2016-05,79
91384,Castaic,Los Angeles County,2016-12,66
91384,Castaic,Los Angeles County,2017-06,81
91384,Castaic,Los Angeles County,2017-11,69
91384,Castaic,Los Angeles County,2019-01,61
91384,Castaic,Los Angeles County,2019-11,71
91384,Castaic,Los Angeles County,2020-08,88
91384,Castaic,Los Angeles County,2020-12,96
91384,Castaic,Los Angeles County,2021-06,100
91384,Castaic,Los Angeles County,2022-06,97
91384,Castaic,Los Angeles County,2024-05,81
91384,Castaic,Los Angeles County,2024-09,72
91384,Castaic,Los Angeles County,2024-11,66
91387,Canyon Country,Los Angeles County,2014-01,77
91387,Canyon Country,Los Angeles County,2014-05,76
91387,Canyon Country,Los Angeles County,2014-08,79
91387,Canyon Country,Los Angeles County,2015-10,73
91387,Canyon Country,Los Angeles County,2017-01,70
91387,Canyon Country,Los Angeles County,2017-08,78
91387,Canyon Country,Los Angeles County,2017-12,69
91387,Canyon Country,Los Angeles County,2018-03,79
91387,Canyon Country,Los Angeles County,2018-09,68
91387,Canyon Country,Los Angeles County,2018-10,64
91387,Canyon Country,Los Angeles County,2022-08,83
91387,Canyon Country,Los Angeles County,2024-12,67
91390,Santa Clarita,Los Angeles County,2012-03,53
91390,Santa Clarita,Los Angeles County,2012-09,67
91390,Santa Clarita,Los Angeles County,2012-10,73
91390,Santa Clarita,Los Angeles County,2013-01,72
91390,Santa Clarita,Los Angeles County,2014-03,62
91390,Santa Clarita,Los Angeles County,2014-07,69
91390,Santa Clarita,Los Angeles County,2015-12,63
91390,Santa Clarita,Los Angeles County,2016-08,66
91390,Santa Clarita,Los Angeles County,2017-01,55
91390,Santa Clarita,Los Angeles County,2017-05,75
91390,Santa Clarita,Los Angeles County,2017-12,65
91390,Santa Clarita,Los Angeles County,2018-05,77
91390,Santa Clarita,Los Angeles County,2018-09,63
91390,Santa Clarita,Los Angeles County,2020-10,86
91390,Santa Clarita,Los Angeles County,2021-01,77
91390,Santa Clarita,Los Angeles County,2022-01,83
91390,Santa Clarita,Los Angeles County,2022-04,89
91390,Santa Clarita,Los Angeles County,2022-11,67
91390,Santa Clarita,Los Angeles County,2023-12,71
91390,Santa Clarita,Los Angeles County,2024-06,83
91390,Santa Clarita,Los Angeles County,2024-08,84
91390,Santa Clarita,Los Angeles County,2025-09,56
91396,Winnetka,Los Angeles County,2013-03,75
91396,Winnetka,Los Angeles County,2013-05,100
91396,Winnetka,Los Angeles County,2016-02,65
91396,Winnetka,Los Angeles County,2016-05,83
91396,Winnetka,Los Angeles County,2016-10,84
91396,Winnetka,Los Angeles County,2016-12,87
91396,Winnetka,Los Angeles County,2018-03,77
91396,Winnetka,Los Angeles County,2018-11,25
91396,Winnetka,Los Angeles County,2019-07,62
91396,Winnetka,Los Angeles County,2021-01,57
91396,Winnetka,Los Angeles County,2021-04,81
91396,Winnetka,Los Angeles County,2021-07,100
91396,Winnetka,Los Angeles County,2021-12,100
91396,Winnetka,Los Angeles County,2022-01,100
91396,Winnetka,Los Angeles County,2022-06,100
91396,Winnetka,Los Angeles County,2022-08,91
91396,Winnetka,Los Angeles County,2022-12,66
91396,Winnetka,Los Angeles County,2025-03,30
91396,Winnetka,Los Angeles County,2025-05,49
91401,Van Nuys,Los Angeles County,2014-06,85
91401,Van Nuys,Los Angeles County,2015-05,87
91401,Van Nuys,Los Angeles County,2015-07,80
91401,Van Nuys,Los Angeles County,2016-11,73
91401,Van Nuys,Los Angeles County,2017-07,80
91401,Van Nuys,Los Angeles County,2018-04,84
91401,Van Nuys,Los Angeles County,2019-05,68
91401,Van Nuys,Los Angeles County,2020-10,85
91401,Van Nuys,Los Angeles County,2021-09,92
91401,Van Nuys,Los Angeles County,2022-05,96
91401,Van Nuys,Los Angeles County,2023-02,66
91401,Van Nuys,Los Angeles County,2023-04,72
91401,Van Nuys,Los Angeles County,2023-05,77
91401,Van Nuys,Los Angeles County,2024-01,71
91401,Van Nuys,Los Angeles County,2025-01,66
91401,Van Nuys,Los Angeles County,2025-07,71
91402,Panorama City,Los Angeles County,2013-09,89
91402,Panorama City,Los Angeles County,2014-05,85
91402,Panorama City,Los Angeles County,2014-06,86
91402,Panorama City,Los Angeles County,2014-11,80
91402,Panorama City,Los Angeles County,2016-08,77
91402,Panorama City,Los Angeles County,2019-08,75
91402,Panorama City,Los Angeles County,2020-02,82
91402,Panorama City,Los Angeles County,2020-08,85
91402,Panorama City,Los Angeles County,2020-10,91
91402,Panorama City,Los Angeles County,2020-11,88
91402,Panorama City,Los Angeles County,2021-05,100
91402,Panorama City,Los Angeles County,2021-07,100
91402,Panorama City,Los Angeles County,2021-10,94
91402,Panorama City,Los Angeles County,2022-03,93
91402,Panorama City,Los Angeles County,2022-09,84
91402,Panorama City,Los Angeles County,2022-11,66
91402,Panorama City,Los Angeles County,2023-05,73
91402,Panorama City,Los Angeles County,2023-12,77
91402,Panorama City,Los Angeles County,2024-11,74
91402,Panorama City,Los Angeles County,2025-10,70
91403,Sherman Oaks,Los Angeles County,2012-09,65
91403,Sherman Oaks,Los Angeles County,2013-05,91
91403,Sherman Oaks,Los Angeles County,2014-01,77
91403,Sherman Oaks,Los Angeles County,2014-05,79
91403,Sherman Oaks,Los Angeles County,2014-08,76
91403,Sherman Oaks,Los Angeles County,2015-02,68
91403,Sherman Oaks,Los Angeles County,2015-04,86
91403,Sherman Oaks,Los Angeles County,2015-07,80
91403,Sherman Oaks,Los Angeles County,2015-10,76
91403,Sherman Oaks,Los Angeles County,2016-04,75
91403,Sherman Oaks,Los Angeles County,2016-07,71
91403,Sherman Oaks,Los Angeles County,2017-04,79
91403,Sherman Oaks,Los Angeles County,2017-07,84
91403,Sherman Oaks,Los Angeles County,2018-08,77
91403,Sherman Oaks,Los Angeles County,2019-10,59
91403,Sherman Oaks,Los Angeles County,2020-05,75
91403,Sherman Oaks,Los Angeles County,2021-09,94
91403,Sherman Oaks,Los Angeles County,2022-10,70
91403,Sherman Oaks,Los Angeles County,2023-06,88
91403,Sherman Oaks,Los Angeles County,2023-11,78
91403,Sherman Oaks,Los Angeles County,2025-06,65
91403,Sherman Oaks,Los Angeles County,2025-11,44
91405,Van Nuys,Los Angeles County,2012-04,57
91405,Van Nuys,Los Angeles County,2013-03,91
91405,Van Nuys,Los Angeles County,2013-10,89
91405,Van Nuys,Los Angeles County,2013-11,87
91405,Van Nuys,Los Angeles County,2014-02,77
91405,Van Nuys,Los Angeles County,2015-01,66
91405,Van Nuys,Los Angeles County,2015-07,77
91405,Van Nuys,Los Angeles County,2015-11,71
91405,Van Nuys,Los Angeles County,2016-04,72
91405,Van Nuys,Los Angeles County,2016-07,75
91405,Van Nuys,Los Angeles County,2018-01,79
91405,Van Nuys,Los Angeles County,2018-07,78
91405,Van Nuys,Los Angeles County,2019-03,76
91405,Van Nuys,Los Angeles County,2021-06,97
91405,Van Nuys,Los Angeles County,2021-10,91
91405,Van Nuys,Los Angeles County,2021-11,91
91405,Van Nuys,Los Angeles County,2023-04,90
91405,Van Nuys,Los Angeles County,2025-02,66
91405,Van Nuys,Los Angeles County,2025-10,59
91405,Van Nuys,Los Angeles County,2025-12,58
91406,Van Nuys,Los Angeles County,2012-03,57
91406,Van Nuys,Los Angeles County,2012-11,83
91406,Van Nuys,Los Angeles County,2014-05,78
91406,Van Nuys,Los Angeles County,2015-09,77
91406,Van Nuys,Los Angeles County,2015-10,81
91406,Van Nuys,Los Angeles County,2016-06,84
91406,Van Nuys,Los Angeles County,2016-07,84
91406,Van Nuys,Los Angeles County,2016-10,78
91406,Van Nuys,Los Angeles County,2016-11,77
91406,Van Nuys,Los Angeles County,2016-12,72
91406,Van Nuys,Los Angeles County,2020-05,90
91406,Van Nuys,Los Angeles County,2021-06,100
91406,Van Nuys,Los Angeles County,2024-02,72
91406,Van Nuys,Los Angeles County,2024-05,79
91406,Van Nuys,Los Angeles County,2024-07,78
91406,Van Nuys,Los Angeles County,2024-08,73
91406,Van Nuys,Los Angeles County,2024-12,68
91406,Van Nuys,Los Angeles County,2025-01,63
91406,Van Nuys,Los Angeles County,2025-04,80
91406,Van Nuys,Los Angeles County,2025-06,73
91411,Van Nuys,Los Angeles County,2012-11,84
91411,Van Nuys,Los Angeles County,2012-12,81
91411,Van Nuys,Los Angeles County,2013-02,99
91411,Van Nuys,Los Angeles County,2014-10,74
91411,Van Nuys,Los Angeles County,2014-12,74
91411,Van Nuys,Los Angeles County,2015-04,76
91411,Van Nuys,Los Angeles County,2015-12,82
91411,Van Nuys,Los Angeles County,2017-03,56
91411,Van Nuys,Los Angeles County,2018-10,74
91411,Van Nuys,Los Angeles County,2019-04,70
91411,Van Nuys,Los Angeles County,2019-08,82
91411,Van Nuys,Los Angeles County,2020-02,68
91411,Van Nuys,Los Angeles County,2020-07,77
91411,Van Nuys,Los Angeles County,2021-04,85
91411,Van Nuys,Los Angeles County,2021-05,87
91411,Van Nuys,Los Angeles County,2021-10,94
91411,Van Nuys,Los Angeles County,2022-06,91
91411,Van Nuys,Los Angeles County,2022-09,81
91411,Van Nuys,Los Angeles County,2023-05,96
91411,Van Nuys,Los Angeles County,2023-09,91
91411,Van Nuys,Los Angeles County,2024-01,66
91411,Van Nuys,Los Angeles County,2025-10,66
91411,Van Nuys,Los Angeles County,2025-12,68
91412,Panorama City,Los Angeles County,2014-03,61
91412,Panorama City,Los Angeles County,2015-06,55
91412,Panorama City,Los Angeles County,2015-07,55
91412,Panorama City,Los Angeles County,2016-09,99
91412,Panorama City,Los Angeles County,2024-06,67
91423,Sherman Oaks,Los Angeles County,2013-03,89
91423,Sherman Oaks,Los Angeles County,2015-10,86
91423,Sherman Oaks,Los Angeles County,2015-12,77
91423,Sherman Oaks,Los Angeles County,2017-03,74
91423,Sherman Oaks,Los Angeles County,2019-03,51
91423,Sherman Oaks,Los Angeles County,2019-09,67
91423,Sherman Oaks,Los Angeles County,2020-05,76
91423,Sherman Oaks,Los Angeles County,2021-06,92
91423,Sherman Oaks,Los Angeles County,2022-07,86
91423,Sherman Oaks,Los Angeles County,2022-09,77
91423,Sherman Oaks,Los Angeles County,2024-03,61
91423,Sherman Oaks,Los Angeles County,2024-04,71
91423,Sherman Oaks,Los Angeles County,2024-10,65
91436,Encino,Los Angeles County,2012-04,73
91436,Encino,Los Angeles County,2012-08,73
91436,Encino,Los Angeles County,2012-10,67
91436,Encino,Los Angeles County,2013-07,87
91436,Encino,Los Angeles County,2013-08,88
91436,Encino,Los Angeles County,2013-11,79
91436,Encino,Los Angeles County,2015-02,70
91436,Encino,Los Angeles County,2015-06,82
91436,Encino,Los Angeles County,2015-07,78
91436,Encino,Los Angeles County,2016-04,75
91436,Encino,Los Angeles County,2016-06,69
91436,Encino,Los Angeles County,2016-11,54
91436,Encino,Los Angeles County,2017-07,70
91436,Encino,Los Angeles County,2019-04,50
91436,Encino,Los Angeles County,2020-07,70
91436,Encino,Los Angeles County,2021-01,65
91436,Encino,Los Angeles County,2021-11,85
91436,Encino,Los Angeles County,2024-02,60
91436,Encino,Los Angeles County,2024-03,64
91436,Encino,Los Angeles County,2024-06,78
91436,Encino,Los Angeles County,2024-07,74
91436,Encino,Los Angeles County,2024-09,60
91436,Encino,Los Angeles County,2024-12,55
91436,Encino,Los Angeles County,2025-01,51
91501,Burbank,Los Angeles County,2012-07,69
91501,Burbank,Los Angeles County,2013-05,87
91501,Burbank,Los Angeles County,2014-05,80
91501,Burbank,Los Angeles County,2014-06,79
91501,Burbank,Los Angeles County,2014-07,81
91501,Burbank,Los Angeles County,2015-02,72
91501,Burbank,Los Angeles County,2015-08,76
91501,Burbank,Los Angeles County,2015-11,63
91501,Burbank,Los Angeles County,2015-12,67
91501,Burbank,Los Angeles County,2016-02,75
91501,Burbank,Los Angeles County,2016-03,83
91501,Burbank,Los Angeles County,2016-07,80
91501,Burbank,Los Angeles County,2017-03,74
91501,Burbank,Los Angeles County,2017-05,78
91501,Burbank,Los Angeles County,2018-06,75
91501,Burbank,Los Angeles County,2019-04,59
91501,Burbank,Los Angeles County,2019-11,70
91501,Burbank,Los Angeles County,2020-09,74
91501,Burbank,Los Angeles County,2020-12,83
91501,Burbank,Los Angeles County,2021-12,93
91501,Burbank,Los Angeles County,2022-02,81
91501,Burbank,Los Angeles County,2022-12,74
91501,Burbank,Los Angeles County,2023-04,81
91501,Burbank,Los Angeles County,2025-08,60
91502,Burbank,Los Angeles County,2012-06,69
91502,Burbank,Los Angeles County,2016-01,66
91502,Burbank,Los Angeles County,2016-07,79
91502,Burbank,Los Angeles County,2017-04,74
91502,Burbank,Los Angeles County,2018-10,60
91502,Burbank,Los Angeles County,2019-12,51
91502,Burbank,Los Angeles County,2020-06,72
91502,Burbank,Los Angeles County,2021-02,73
91502,Burbank,Los Angeles County,2021-06,86
91502,Burbank,Los Angeles County,2021-08,86
91502,Burbank,Los Angeles County,2022-11,66
91502,Burbank,Los Angeles County,2024-09,46
91502,Burbank,Los Angeles County,2025-01,74
91502,Burbank,Los Angeles County,2025-03,84
91502,Burbank,Los Angeles County,2025-11,65
91504,Burbank,Los Angeles County,2012-09,81
91504,Burbank,Los Angeles County,2013-11,74
91504,Burbank,Los Angeles County,2014-01,83
91504,Burbank,Los Angeles County,2014-09,70
91504,Burbank,Los Angeles County,2014-12,73
91504,Burbank,Los Angeles County,2015-02,73
91504,Burbank,Los Angeles County,2015-04,74
91504,Burbank,Los Angeles County,2016-11,67
91504,Burbank,Los Angeles County,2017-01,66
91504,Burbank,Los Angeles County,2018-11,75
91504,Burbank,Los Angeles County,2019-07,85
91504,Burbank,Los Angeles County,2019-11,74
91504,Burbank,Los Angeles County,2021-11,90
91504,Burbank,Los Angeles County,2023-11,86
91504,Burbank,Los Angeles County,2025-04,76
91505,Burbank,Los Angeles County,2014-01,79
91505,Burbank,Los Angeles County,2014-10,84
91505,Burbank,Los Angeles County,2015-02,77
91505,Burbank,Los Angeles County,2015-06,85
91505,Burbank,Los Angeles County,2016-03,86
91505,Burbank,Los Angeles County,2016-06,76
91505,Burbank,Los Angeles County,2016-12,73
91505,Burbank,Los Angeles County,2017-03,74
91505,Burbank,Los Angeles County,2017-11,85
91505,Burbank,Los Angeles County,2020-01,76
91505,Burbank,Los Angeles County,2020-10,99
91505,Burbank,Los Angeles County,2020-12,93
91505,Burbank,Los Angeles County,2021-03,98
91505,Burbank,Los Angeles County,2022-03,98
91505,Burbank,Los Angeles County,2022-10,76
91505,Burbank,Los Angeles County,2023-05,90
91505,Burbank,Los Angeles County,2023-06,92
91505,Burbank,Los Angeles County,2024-06,87
91505,Burbank,Los Angeles County,2024-12,74
91505,Burbank,Los Angeles County,2025-04,78
91505,Burbank,Los Angeles County,2025-06,79
91505,Burbank,Los Angeles County,2025-11,69
91505,Burbank,Los Angeles County,2025-12,66
91506,Burbank,Los Angeles County,2012-09,78
91506,Burbank,Los Angeles County,2013-03,84
91506,Burbank,Los Angeles County,2013-04,90
91506,Burbank,Los Angeles County,2013-09,87
91506,Burbank,Los Angeles County,2014-05,78
91506,Burbank,Los Angeles County,2014-09,79
91506,Burbank,Los Angeles County,2017-02,70
91506,Burbank,Los Angeles County,2017-09,80
91506,Burbank,Los Angeles County,2019-07,85
91506,Burbank,Los Angeles County,2019-08,81
91506,Burbank,Los Angeles County,2019-10,76
91506,Burbank,Los Angeles County,2021-03,100
91506,Burbank,Los Angeles County,2021-10,94
91506,Burbank,Los Angeles County,2022-03,100
91506,Burbank,Los Angeles County,2023-03,77
91506,Burbank,Los Angeles County,2023-07,89
91506,Burbank,Los Angeles County,2023-08,87
91506,Burbank,Los Angeles County,2024-07,95
91506,Burbank,Los Angeles County,2024-10,76
91506,Burbank,Los Angeles County,2024-12,71
91601,North Hollywood,Los Angeles County,2015-12,63
91601,North Hollywood,Los Angeles County,2016-03,70
91601,North Hollywood,Los Angeles County,2016-10,78
91601,North Hollywood,Los Angeles County,2017-04,84
91601,North Hollywood,Los Angeles County,2020-01,67
91601,North Hollywood,Los Angeles County,2020-05,68
91601,North Hollywood,Los Angeles County,2022-12,56
91601,North Hollywood,Los Angeles County,2023-06,84
91601,North Hollywood,Los Angeles County,2023-10,70
91602,North Hollywood,Los Angeles County,2013-12,72
91602,North Hollywood,Los Angeles County,2015-12,70
91602,North Hollywood,Los Angeles County,2016-05,81
91602,North Hollywood,Los Angeles County,2016-08,77
91602,North Hollywood,Los Angeles County,2017-03,75
91602,North Hollywood,Los Angeles County,2017-08,77
91602,North Hollywood,Los Angeles County,2019-10,64
91602,North Hollywood,Los Angeles County,2020-02,78
91602,North Hollywood,Los Angeles County,2021-05,84
91602,North Hollywood,Los Angeles County,2021-11,83
91602,North Hollywood,Los Angeles County,2022-01,93
91602,North Hollywood,Los Angeles County,2022-03,95
91602,North Hollywood,Los Angeles County,2022-12,70
91602,North Hollywood,Los Angeles County,2023-04,81
91602,North Hollywood,Los Angeles County,2023-08,78
91602,North Hollywood,Los Angeles County,2025-03,50
91602,North Hollywood,Los Angeles County,2025-11,56
91604,Studio City,Los Angeles County,2013-03,85
91604,Studio City,Los Angeles County,2014-10,71
91604,Studio City,Los Angeles County,2015-01,75
91604,Studio City,Los Angeles County,2015-02,75
91604,Studio City,Los Angeles County,2015-07,84
91604,Studio City,Los Angeles County,2017-07,80
91604,Studio City,Los Angeles County,2018-08,74
91604,Studio City,Los Angeles County,2018-12,66
91604,Studio City,Los Angeles County,2020-09,79
91604,Studio City,Los Angeles County,2022-09,72
91604,Studio City,Los Angeles County,2024-01,60
91604,Studio City,Los Angeles County,2024-11,65
91604,Studio City,Los Angeles County,2024-12,56
91604,Studio City,Los Angeles County,2025-01,53
91604,Studio City,Los Angeles County,2025-08,64
91604,Studio City,Los Angeles County,2025-10,62
91605,North Hollywood,Los Angeles County,2012-12,82
91605,North Hollywood,Los Angeles County,2013-03,82
91605,North Hollywood,Los Angeles County,2013-07,85
91605,North Hollywood,Los Angeles County,2013-12,82
91605,North Hollywood,Los Angeles County,2014-03,74
91605,North Hollywood,Los Angeles County,2015-09,80
91605,North Hollywood,Los Angeles County,2016-10,76
91605,North Hollywood,Los Angeles County,2016-12,74
91605,North Hollywood,Los Angeles County,2020-02,82
91605,North Hollywood,Los Angeles County,2020-08,73
91605,North Hollywood,Los Angeles County,2023-02,48
91605,North Hollywood,Los Angeles County,2023-07,84
91605,North Hollywood,Los Angeles County,2023-11,73
91605,North Hollywood,Los Angeles County,2024-11,75
91605,North Hollywood,Los Angeles County,2025-07,69
91605,North Hollywood,Los Angeles County,2025-09,67
91605,North Hollywood,Los Angeles County,2025-12,60
91606,North Hollywood,Los Angeles County,2012-09,79
91606,North Hollywood,Los Angeles County,2014-02,77
91606,North Hollywood,Los Angeles County,2014-08,82
91606,North Hollywood,Los Angeles County,2015-03,73
91606,North Hollywood,Los Angeles County,2015-04,72
91606,North Hollywood,Los Angeles County,2017-03,70
91606,North Hollywood,Los Angeles County,2017-10,83
91606,North Hollywood,Los Angeles County,2018-04,91
91606,North Hollywood,Los Angeles County,2018-09,78
91606,North Hollywood,Los Angeles County,2020-09,79
91606,North Hollywood,Los Angeles County,2020-11,85
91606,North Hollywood,Los Angeles County,2021-08,90
91606,North Hollywood,Los Angeles County,2021-10,87
91606,North Hollywood,Los Angeles County,2022-03,91
91606,North Hollywood,Los Angeles County,2022-10,66
91606,North Hollywood,Los Angeles County,2022-11,74
91606,North Hollywood,Los Angeles County,2025-03,58
91606,North Hollywood,Los Angeles County,2025-05,71
91607,Valley Village,Los Angeles County,2013-09,83
91607,Valley Village,Los Angeles County,2015-02,74
91607,Valley Village,Los Angeles County,2015-03,84
91607,Valley Village,Los Angeles County,2015-09,79
91607,Valley Village,Los Angeles County,2016-12,66
91607,Valley Village,Los Angeles County,2018-08,86
91607,Valley Village,Los Angeles County,2019-09,71
91607,Valley Village,Los Angeles County,2020-03,79
91607,Valley Village,Los Angeles County,2020-07,77
91607,Valley Village,Los Angeles County,2021-12,86
91607,Valley Village,Los Angeles County,2022-03,99
91607,Valley Village,Los Angeles County,2022-06,95
91607,Valley Village,Los Angeles County,2023-01,68
91607,Valley Village,Los Angeles County,2023-08,83
91607,Valley Village,Los Angeles County,2024-06,76
91607,Valley Village,Los Angeles County,2024-07,80
91609,North Hollywood,Los Angeles County,2016-07,100
91609,North Hollywood,Los Angeles County,2016-08,88
91609,North Hollywood,Los Angeles County,2022-11,32
91609,North Hollywood,Los Angeles County,2025-03,55
91609,North Hollywood,Los Angeles County,2025-06,53
91614,Studio City,Los Angeles County,2013-05,100
91614,Studio City,Los Angeles County,2014-03,27
91614,Studio City,Los Angeles County,2015-10,60
91614,Studio City,Los Angeles County,2016-04,33
91614,Studio City,Los Angeles County,2016-09,54
91614,Studio City,Los Angeles County,2016-11,17
91614,Studio City,Los Angeles County,2018-12,87
91614,Studio City,Los Angeles County,2019-12,35
91614,Studio City,Los Angeles County,2020-04,20
91614,Studio City,Los Angeles County,2020-05,97
91614,Studio City,Los Angeles County,2020-06,24
91614,Studio City,Los Angeles County,2021-02,71
91614,Studio City,Los Angeles County,2021-03,64
91614,Studio City,Los Angeles County,2021-06,60
91614,Studio City,Los Angeles County,2022-07,0
91614,Studio City,Los Angeles County,2022-12,51
91614,Studio City,Los Angeles County,2024-04,94
91614,Studio City,Los Angeles County,2024-05,84
91614,Studio City,Los Angeles County,2024-09,43
91615,North Hollywood,Los Angeles County,2012-03,0
91615,North Hollywood,Los Angeles County,2012-05,62
91615,North Hollywood,Los Angeles County,2012-07,100
91615,North Hollywood,Los Angeles County,2013-10,83
91615,North Hollywood,Los Angeles County,2014-06,99
91615,North Hollywood,Los Angeles County,2015-05,99
91615,North Hollywood,Los Angeles County,2017-06,78
91615,North Hollywood,Los Angeles County,2018-02,30
91615,North Hollywood,Los Angeles County,2019-11,75
91617,Valley Village,Los Angeles County,2017-09,100
91617,Valley Village,Los Angeles County,2021-10,45
91617,Valley Village,Los Angeles County,2022-02,86
91701,Alta Loma,San Bernardino County,2012-08,77
91701,Alta Loma,San Bernardino County,2013-03,91
91701,Alta Loma,San Bernardino County,2013-11,78
91701,Alta Loma,San Bernardino County,2015-01,63
91701,Alta Loma,San Bernardino County,2015-11,63
91701,Alta Loma,San Bernardino County,2016-10,67
91701,Alta Loma,San Bernardino County,2017-03,71
91701,Alta Loma,San Bernardino County,2017-04,77
91701,Alta Loma,San Bernardino County,2018-01,74
91701,Alta Loma,San Bernardino County,2019-02,64
91701,Alta Loma,San Bernardino County,2019-08,75
91701,Alta Loma,San Bernardino County,2020-05,82
91701,Alta Loma,San Bernardino County,2021-04,100
91701,Alta Loma,San Bernardino County,2023-02,68
91701,Alta Loma,San Bernardino County,2023-09,90
91701,Alta Loma,San Bernardino County,2023-10,85
91701,Alta Loma,San Bernardino County,2023-11,86
91701,Alta Loma,San Bernardino County,2024-01,85
91701,Alta Loma,San Bernardino County,2024-12,76
91701,Alta Loma,San Bernardino County,2025-03,82
91701,Alta Loma,San Bernardino County,2025-06,79
91702,Azusa,Los Angeles County,2013-10,87
91702,Azusa,Los Angeles County,2014-01,81
91702,Azusa,Los Angeles County,2014-04,76
91702,Azusa,Los Angeles County,2014-05,77
91702,Azusa,Los Angeles County,2014-09,77
91702,Azusa,Los Angeles County,2014-12,65
91702,Azusa,Los Angeles County,2015-05,70
91702,Azusa,Los Angeles County,2017-04,69
91702,Azusa,Los Angeles County,2019-12,71
91702,Azusa,Los Angeles County,2020-01,71
91702,Azusa,Los Angeles County,2020-10,88
91702,Azusa,Los Angeles County,2022-03,100
91702,Azusa,Los Angeles County,2022-09,78
91702,Azusa,Los Angeles County,2023-08,93
91702,Azusa,Los Angeles County,2024-03,77
91702,Azusa,Los Angeles County,2024-12,75
91702,Azusa,Los Angeles County,2025-07,75
91702,Azusa,Los Angeles County,2025-09,74
91702,Azusa,Los Angeles County,2025-12,69
91706,Baldwin Park,Los Angeles County,2013-12,80
91706,Baldwin Park,Los Angeles County,2014-11,83
91706,Baldwin Park,Los Angeles County,2015-10,80
91706,Baldwin Park,Los Angeles County,2016-04,74
91706,Baldwin Park,Los Angeles County,2016-08,84
91706,Baldwin Park,Los Angeles County,2017-10,79
91706,Baldwin Park,Los Angeles County,2017-12,67
91706,Baldwin Park,Los Angeles County,2018-09,72
91706,Baldwin Park,Los Angeles County,2019-07,65
91706,Baldwin Park,Los Angeles County,2019-11,67
91706,Baldwin Park,Los Angeles County,2022-10,75
91706,Baldwin Park,Los Angeles County,2023-04,77
91706,Baldwin Park,Los Angeles County,2023-07,90
91706,Baldwin Park,Los Angeles County,2023-09,95
91706,Baldwin Park,Los Angeles County,2024-08,87
91708,Chino,San Bernardino County,2013-12,69
91708,Chino,San Bernardino County,2015-06,64
91708,Chino,San Bernardino County,2018-08,78
91708,Chino,San Bernardino County,2018-10,56
91708,Chino,San Bernardino County,2019-02,44
91708,Chino,San Bernardino County,2019-04,55
91708,Chino,San Bernardino County,2019-05,61
91708,Chino,San Bernardino County,2020-08,72
91708,Chino,San Bernardino County,2021-09,96
91708,Chino,San Bernardino County,2023-02,54
91708,Chino,San Bernardino County,2024-12,70
91708,Chino,San Bernardino County,2025-03,61
91709,Chino Hills,San Bernardino County,2012-12,81
91709,Chino Hills,San Bernardino County,2013-03,91
91709,Chino Hills,San Bernardino County,2016-07,78
91709,Chino Hills,San Bernardino County,2016-10,70
91709,Chino Hills,San Bernardino County,2017-09,75
91709,Chino Hills,San Bernardino County,2018-05,76
91709,Chino Hills,San Bernardino County,2019-08,66
91709,Chino Hills,San Bernardino County,2021-03,91
91709,Chino Hills,San Bernardino County,2021-09,93
91709,Chino Hills,San Bernardino County,2022-12,65
91709,Chino Hills,San Bernardino County,2023-02,67
91709,Chino Hills,San Bernardino County,2023-05,93
91709,Chino Hills,San Bernardino County,2024-09,82
91709,Chino Hills,San Bernardino County,2025-11,66
91710,Chino,San Bernardino County,2012-06,74
91710,Chino,San Bernardino County,2012-07,75
91710,Chino,San Bernardino County,2012-09,76
91710,Chino,San Bernardino County,2012-12,82
91710,Chino,San Bernardino County,2013-11,80
91710,Chino,San Bernardino County,2014-04,76
91710,Chino,San Bernardino County,2014-11,67
91710,Chino,San Bernardino County,2015-08,71
91710,Chino,San Bernardino County,2016-04,73
91710,Chino,San Bernardino County,2017-10,76
91710,Chino,San Bernardino County,2018-06,79
91710,Chino,San Bernardino County,2018-11,63
91710,Chino,San Bernardino County,2019-06,70
91710,Chino,San Bernardino County,2019-08,72
91710,Chino,San Bernardino County,2020-03,70
91710,Chino,San Bernardino County,2020-10,93
91710,Chino,San Bernardino County,2022-07,97
91710,Chino,San Bernardino County,2024-09,80
91710,Chino,San Bernardino County,2025-03,74
91710,Chino,San Bernardino County,2025-05,79
91710,Chino,San Bernardino County,2025-06,76
91710,Chino,San Bernardino County,2025-07,72
91710,Chino,San Bernardino County,2025-12,68
91711,Claremont,Los Angeles County,2013-05,84
91711,Claremont,Los Angeles County,2013-11,73
91711,Claremont,Los Angeles County,2014-06,77
91711,Claremont,Los Angeles County,2014-12,56
91711,Claremont,Los Angeles County,2015-09,65
91711,Claremont,Los Angeles County,2015-10,59
91711,Claremont,Los Angeles County,2016-10,71
91711,Claremont,Los Angeles County,2016-12,64
91711,Claremont,Los Angeles County,2017-03,64
91711,Claremont,Los Angeles County,2017-11,65
91711,Claremont,Los Angeles County,2019-04,57
91711,Claremont,Los Angeles County,2019-12,60
91711,Claremont,Los Angeles County,2020-06,76
91711,Claremont,Los Angeles County,2021-01,83
91711,Claremont,Los Angeles County,2021-08,100
91711,Claremont,Los Angeles County,2021-12,95
91711,Claremont,Los Angeles County,2022-01,94
91711,Claremont,Los Angeles County,2023-08,93
91711,Claremont,Los Angeles County,2024-03,71
91711,Claremont,Los Angeles County,2024-11,79
91722,Covina,Los Angeles County,2012-03,56
91722,Covina,Los Angeles County,2012-07,70
91722,Covina,Los Angeles County,2013-01,80
91722,Covina,Los Angeles County,2014-07,76
91722,Covina,Los Angeles County,2015-11,70
91722,Covina,Los Angeles County,2016-06,88
91722,Covina,Los Angeles County,2016-09,82
91722,Covina,Los Angeles County,2017-04,77
91722,Covina,Los Angeles County,2017-08,84
91722,Covina,Los Angeles County,2018-08,76
91722,Covina,Los Angeles County,2018-10,70
91722,Covina,Los Angeles County,2018-11,66
91722,Covina,Los Angeles County,2019-03,62
91722,Covina,Los Angeles County,2019-07,81
91722,Covina,Los Angeles County,2019-11,80
91722,Covina,Los Angeles County,2020-10,92
91722,Covina,Los Angeles County,2021-08,100
91722,Covina,Los Angeles County,2022-01,95
91722,Covina,Los Angeles County,2022-08,90
91722,Covina,Los Angeles County,2023-07,97
91722,Covina,Los Angeles County,2025-01,75
91722,Covina,Los Angeles County,2025-04,83
91722,Covina,Los Angeles County,2025-11,73
91723,Covina,Los Angeles County,2012-11,73
91723,Covina,Los Angeles County,2013-01,76
91723,Covina,Los Angeles County,2013-04,88
91723,Covina,Los Angeles County,2013-07,90
91723,Covina,Los Angeles County,2014-07,80
91723,Covina,Los Angeles County,2014-09,82
91723,Covina,Los Angeles County,2016-05,70
91723,Covina,Los Angeles County,2018-09,77
91723,Covina,Los Angeles County,2019-12,70
91723,Covina,Los Angeles County,2020-03,75
91723,Covina,Los Angeles County,2020-06,78
91723,Covina,Los Angeles County,2020-11,96
91723,Covina,Los Angeles County,2022-01,96
91723,Covina,Los Angeles County,2022-03,93
91723,Covina,Los Angeles County,2023-11,76
91723,Covina,Los Angeles County,2023-12,74
91723,Covina,Los Angeles County,2024-06,83
91724,Covina,Los Angeles County,2012-06,63
91724,Covina,Los Angeles County,2012-08,64
91724,Covina,Los Angeles County,2013-08,88
91724,Covina,Los Angeles County,2013-12,74
91724,Covina,Los Angeles County,2015-04,68
91724,Covina,Los Angeles County,2015-05,73
91724,Covina,Los Angeles County,2019-03,61
91724,Covina,Los Angeles County,2019-08,75
91724,Covina,Los Angeles County,2019-11,71
91724,Covina,Los Angeles County,2022-05,94
91724,Covina,Los Angeles County,2022-10,70
91724,Covina,Los Angeles County,2023-12,80
91724,Covina,Los Angeles County,2024-02,76
91724,Covina,Los Angeles County,2024-09,82
91724,Covina,Los Angeles County,2025-02,63
91724,Covina,Los Angeles County,2025-04,75
91724,Covina,Los Angeles County,2025-06,77
91730,Rancho Cucamonga,San Bernardino County,2012-08,80
91730,Rancho Cucamonga,San Bernardino County,2013-04,96
91730,Rancho Cucamonga,San Bernardino County,2014-03,77
91730,Rancho Cucamonga,San Bernardino County,2014-07,79
91730,Rancho Cucamonga,San Bernardino County,2014-10,72
91730,Rancho Cucamonga,San Bernardino County,2015-06,82
91730,Rancho Cucamonga,San Bernardino County,2018-10,69
91730,Rancho Cucamonga,San Bernardino County,2019-05,69
91730,Rancho Cucamonga,San Bernardino County,2019-09,71
91730,Rancho Cucamonga,San Bernardino County,2020-11,92
91730,Rancho Cucamonga,San Bernardino County,2021-07,100
91730,Rancho Cucamonga,San Bernardino County,2022-08,85
91730,Rancho Cucamonga,San Bernardino County,2022-11,71
91730,Rancho Cucamonga,San Bernardino County,2022-12,70
91730,Rancho Cucamonga,San Bernardino County,2024-04,84
91730,Rancho Cucamonga,San Bernardino County,2025-03,79
91730,Rancho Cucamonga,San Bernardino County,2025-11,68
91731,El Monte,Los Angeles County,2012-07,72
91731,El Monte,Los Angeles County,2013-01,79
91731,El Monte,Los Angeles County,2014-02,78
91731,El Monte,Los Angeles County,2014-05,77
91731,El Monte,Los Angeles County,2014-07,77
91731,El Monte,Los Angeles County,2015-11,54
91731,El Monte,Los Angeles County,2016-11,71
91731,El Monte,Los Angeles County,2017-07,82
91731,El Monte,Los Angeles County,2017-08,78
91731,El Monte,Los Angeles County,2020-07,52
91731,El Monte,Los Angeles County,2020-10,90
91731,El Monte,Los Angeles County,2020-12,78
91731,El Monte,Los Angeles County,2022-07,77
91731,El Monte,Los Angeles County,2022-11,92
91731,El Monte,Los Angeles County,2024-01,83
91731,El Monte,Los Angeles County,2024-09,84
91732,El Monte,Los Angeles County,2012-04,63
91732,El Monte,Los Angeles County,2012-08,61
91732,El Monte,Los Angeles County,2013-07,85
91732,El Monte,Los Angeles County,2014-06,71
91732,El Monte,Los Angeles County,2014-08,69
91732,El Monte,Los Angeles County,2015-02,60
91732,El Monte,Los Angeles County,2015-11,59
91732,El Monte,Los Angeles County,2016-04,62
91732,El Monte,Los Angeles County,2018-09,65
91732,El Monte,Los Angeles County,2018-11,58
91732,El Monte,Los Angeles County,2020-02,62
91732,El Monte,Los Angeles County,2021-06,84
91732,El Monte,Los Angeles County,2021-12,89
91732,El Monte,Los Angeles County,2022-04,92
91732,El Monte,Los Angeles County,2022-05,95
91732,El Monte,Los Angeles County,2023-04,76
91732,El Monte,Los Angeles County,2023-05,83
91732,El Monte,Los Angeles County,2024-01,75
91732,El Monte,Los Angeles County,2024-07,83
91732,El Monte,Los Angeles County,2025-07,66
91733,South El Monte,Los Angeles County,2012-12,82
91733,South El Monte,Los Angeles County,2013-04,78
91733,South El Monte,Los Angeles County,2014-04,70
91733,South El Monte,Los Angeles County,2014-05,80
91733,South El Monte,Los Angeles County,2015-07,71
91733,South El Monte,Los Angeles County,2015-10,62
91733,South El Monte,Los Angeles County,2019-03,72
91733,South El Monte,Los Angeles County,2019-04,74
91733,South El Monte,Los Angeles County,2019-05,65
91733,South El Monte,Los Angeles County,2020-05,77
91733,South El Monte,Los Angeles County,2020-06,63
91733,South El Monte,Los Angeles County,2021-10,86
91733,South El Monte,Los Angeles County,2022-04,81
91733,South El Monte,Los Angeles County,2023-10,80
91733,South El Monte,Los Angeles County,2025-11,59
91734,El Monte,Los Angeles County,2014-06,61
91737,Alta Loma,San Bernardino County,2012-05,72
91737,Alta Loma,San Bernardino County,2012-07,69
91737,Alta Loma,San Bernardino County,2012-11,76
91737,Alta Loma,San Bernardino County,2013-11,76
91737,Alta Loma,San Bernardino County,2014-08,75
91737,Alta Loma,San Bernardino County,2014-10,70
91737,Alta Loma,San Bernardino County,2015-01,56
91737,Alta Loma,San Bernardino County,2015-08,65
91737,Alta Loma,San Bernardino County,2015-10,64
91737,Alta Loma,San Bernardino County,2015-11,65
91737,Alta Loma,San Bernardino County,2015-12,63
91737,Alta Loma,San Bernardino County,2016-12,56
91737,Alta Loma,San Bernardino County,2018-10,62
91737,Alta Loma,San Bernardino County,2018-11,58
91737,Alta Loma,San Bernardino County,2019-10,61
91737,Alta Loma,San Bernardino County,2021-09,92
91737,Alta Loma,San Bernardino County,2021-11,88
91737,Alta Loma,San Bernardino County,2023-02,58
91737,Alta Loma,San Bernardino County,2023-10,77
91737,Alta Loma,San Bernardino County,2025-05,86
91739,Rancho Cucamonga,San Bernardino County,2014-07,78
91739,Rancho Cucamonga,San Bernardino County,2015-03,62
91739,Rancho Cucamonga,San Bernardino County,2015-12,65
91739,Rancho Cucamonga,San Bernardino County,2017-01,59
91739,Rancho Cucamonga,San Bernardino County,2017-02,58
91739,Rancho Cucamonga,San Bernardino County,2017-07,76
91739,Rancho Cucamonga,San Bernardino County,2018-03,72
91739,Rancho Cucamonga,San Bernardino County,2020-01,58
91739,Rancho Cucamonga,San Bernardino County,2021-05,99
91739,Rancho Cucamonga,San Bernardino County,2021-12,92
91739,Rancho Cucamonga,San Bernardino County,2022-04,96
91739,Rancho Cucamonga,San Bernardino County,2022-10,66
91739,Rancho Cucamonga,San Bernardino County,2023-07,90
91739,Rancho Cucamonga,San Bernardino County,2023-11,81
91739,Rancho Cucamonga,San Bernardino County,2023-12,77
91739,Rancho Cucamonga,San Bernardino County,2024-02,81
91739,Rancho Cucamonga,San Bernardino County,2024-03,88
91739,Rancho Cucamonga,San Bernardino County,2025-01,69
91740,Glendora,Los Angeles County,2014-02,76
91740,Glendora,Los Angeles County,2015-01,71
91740,Glendora,Los Angeles County,2015-06,80
91740,Glendora,Los Angeles County,2018-05,69
91740,Glendora,Los Angeles County,2019-04,69
91740,Glendora,Los Angeles County,2020-02,79
91740,Glendora,Los Angeles County,2021-11,92
91740,Glendora,Los Angeles County,2022-11,71
91740,Glendora,Los Angeles County,2023-06,93
91740,Glendora,Los Angeles County,2023-08,97
91740,Glendora,Los Angeles County,2023-09,95
91740,Glendora,Los Angeles County,2024-06,98
91740,Glendora,Los Angeles County,2025-11,73
91741,Glendora,Los Angeles County,2016-06,71
91741,Glendora,Los Angeles County,2016-07,73
91741,Glendora,Los Angeles County,2017-11,61
91741,Glendora,Los Angeles County,2018-05,77
91741,Glendora,Los Angeles County,2019-01,57
91741,Glendora,Los Angeles County,2019-02,61
91741,Glendora,Los Angeles County,2020-03,68
91741,Glendora,Los Angeles County,2021-03,88
91741,Glendora,Los Angeles County,2022-04,100
91741,Glendora,Los Angeles County,2022-09,71
91741,Glendora,Los Angeles County,2023-03,69
91741,Glendora,Los Angeles County,2023-05,83
91741,Glendora,Los Angeles County,2024-01,72
91741,Glendora,Los Angeles County,2024-07,82
91741,Glendora,Los Angeles County,2024-11,79
91741,Glendora,Los Angeles County,2025-10,71
91741,Glendora,Los Angeles County,2025-11,66
91744,La Puente,Los Angeles County,2012-08,79
91744,La Puente,Los Angeles County,2013-01,87
91744,La Puente,Los Angeles County,2013-05,97
91744,La Puente,Los Angeles County,2014-12,72
91744,La Puente,Los Angeles County,2015-08,79
91744,La Puente,Los Angeles County,2016-01,74
91744,La Puente,Los Angeles County,2016-05,73
91744,La Puente,Los Angeles County,2016-09,84
91744,La Puente,Los Angeles County,2017-06,84
91744,La Puente,Los Angeles County,2019-03,69
91744,La Puente,Los Angeles County,2019-05,76
91744,La Puente,Los Angeles County,2020-04,86
91744,La Puente,Los Angeles County,2020-08,84
91744,La Puente,Los Angeles County,2020-09,90
91744,La Puente,Los Angeles County,2021-02,88
91744,La Puente,Los Angeles County,2022-02,97
91744,La Puente,Los Angeles County,2022-11,69
91744,La Puente,Los Angeles County,2023-01,64
91744,La Puente,Los Angeles County,2023-06,92
91744,La Puente,Los Angeles County,2024-05,92
91744,La Puente,Los Angeles County,2025-03,79
91744,La Puente,Los Angeles County,2025-04,87
91744,La Puente,Los Angeles County,2025-08,69
91745,Hacienda Heights,Los Angeles County,2012-03,69
91745,Hacienda Heights,Los Angeles County,2013-02,79
91745,Hacienda Heights,Los Angeles County,2013-11,67
91745,Hacienda Heights,Los Angeles County,2014-01,65
91745,Hacienda Heights,Los Angeles County,2014-08,74
91745,Hacienda Heights,Los Angeles County,2016-07,71
91745,Hacienda Heights,Los Angeles County,2019-06,71
91745,Hacienda Heights,Los Angeles County,2019-09,69
91745,Hacienda Heights,Los Angeles County,2020-01,70
91745,Hacienda Heights,Los Angeles County,2020-07,73
91745,Hacienda Heights,Los Angeles County,2022-01,95
91745,Hacienda Heights,Los Angeles County,2022-11,71
91745,Hacienda Heights,Los Angeles County,2023-03,72
91745,Hacienda Heights,Los Angeles County,2023-08,88
91745,Hacienda Heights,Los Angeles County,2024-05,89
91745,Hacienda Heights,Los Angeles County,2024-06,89
91745,Hacienda Heights,Los Angeles County,2024-11,81
91746,La Puente,Los Angeles County,2013-06,90
91746,La Puente,Los Angeles County,2014-04,79
91746,La Puente,Los Angeles County,2020-01,82
91746,La Puente,Los Angeles County,2021-03,93
91746,La Puente,Los Angeles County,2022-04,99
91746,La Puente,Los Angeles County,2022-05,92
91746,La Puente,Los Angeles County,2023-03,79
91746,La Puente,Los Angeles County,2024-04,86
91746,La Puente,Los Angeles County,2025-01,69
91746,La Puente,Los Angeles County,2025-05,76
91746,La Puente,Los Angeles County,2025-06,76
91748,Rowland Heights,Los Angeles County,2012-04,52
91748,Rowland Heights,Los Angeles County,2012-08,77
91748,Rowland Heights,Los Angeles County,2012-10,70
91748,Rowland Heights,Los Angeles County,2013-06,81
91748,Rowland Heights,Los Angeles County,2013-07,80
91748,Rowland Heights,Los Angeles County,2013-08,76
91748,Rowland Heights,Los Angeles County,2013-09,73
91748,Rowland Heights,Los Angeles County,2014-07,74
91748,Rowland Heights,Los Angeles County,2014-10,58
91748,Rowland Heights,Los Angeles County,2015-06,69
91748,Rowland Heights,Los Angeles County,2016-10,63
91748,Rowland Heights,Los Angeles County,2017-08,74
91748,Rowland Heights,Los Angeles County,2017-10,71
91748,Rowland Heights,Los Angeles County,2018-11,53
91748,Rowland Heights,Los Angeles County,2020-06,70
91748,Rowland Heights,Los Angeles County,2021-07,92
91748,Rowland Heights,Los Angeles County,2022-05,100
91748,Rowland Heights,Los Angeles County,2024-12,65
91748,Rowland Heights,Los Angeles County,2025-06,81
91750,La Verne,Los Angeles County,2012-05,63
91750,La Verne,Los Angeles County,2012-06,65
91750,La Verne,Los Angeles County,2012-10,62
91750,La Verne,Los Angeles County,2013-05,86
91750,La Verne,Los Angeles County,2013-07,88
91750,La Verne,Los Angeles County,2014-07,87
91750,La Verne,Los Angeles County,2016-03,70
91750,La Verne,Los Angeles County,2018-04,73
91750,La Verne,Los Angeles County,2018-09,68
91750,La Verne,Los Angeles County,2020-10,81
91750,La Verne,Los Angeles County,2022-06,95
91750,La Verne,Los Angeles County,2022-07,94
91750,La Verne,Los Angeles County,2023-10,82
91750,La Verne,Los Angeles County,2025-09,68
91752,Mira Loma,Riverside County,2012-07,77
91752,Mira Loma,Riverside County,2013-03,84
91752,Mira Loma,Riverside County,2013-09,85
91752,Mira Loma,Riverside County,2017-09,69
91752,Mira Loma,Riverside County,2018-01,68
91752,Mira Loma,Riverside County,2018-08,65
91752,Mira Loma,Riverside County,2019-01,45
91752,Mira Loma,Riverside County,2019-03,51
91752,Mira Loma,Riverside County,2019-05,57
91752,Mira Loma,Riverside County,2020-08,77
91752,Mira Loma,Riverside County,2021-08,93
91752,Mira Loma,Riverside County,2021-12,86
91752,Mira Loma,Riverside County,2022-05,100
91752,Mira Loma,Riverside County,2022-07,85
91752,Mira Loma,Riverside County,2023-08,90
91752,Mira Loma,Riverside County,2024-03,79
91752,Mira Loma,Riverside County,2024-06,80
91754,Monterey Park,Los Angeles County,2013-10,80
91754,Monterey Park,Los Angeles County,2014-10,65
91754,Monterey Park,Los Angeles County,2015-06,73
91754,Monterey Park,Los Angeles County,2015-12,71
91754,Monterey Park,Los Angeles County,2016-01,67
91754,Monterey Park,Los Angeles County,2017-11,70
91754,Monterey Park,Los Angeles County,2018-06,74
91754,Monterey Park,Los Angeles County,2019-08,80
91754,Monterey Park,Los Angeles County,2019-11,69
91754,Monterey Park,Los Angeles County,2020-12,81
91754,Monterey Park,Los Angeles County,2021-01,75
91754,Monterey Park,Los Angeles County,2022-05,90
91754,Monterey Park,Los Angeles County,2022-12,62
91754,Monterey Park,Los Angeles County,2023-09,85
91754,Monterey Park,Los Angeles County,2024-04,80
91754,Monterey Park,Los Angeles County,2024-07,86
91755,Monterey Park,Los Angeles County,2012-12,71
91755,Monterey Park,Los Angeles County,2013-03,83
91755,Monterey Park,Los Angeles County,2014-02,68
91755,Monterey Park,Los Angeles County,2014-05,72
91755,Monterey Park,Los Angeles County,2014-08,64
91755,Monterey Park,Los Angeles County,2014-11,63
91755,Monterey Park,Los Angeles County,2016-01,62
91755,Monterey Park,Los Angeles County,2016-09,84
91755,Monterey Park,Los Angeles County,2017-01,68
91755,Monterey Park,Los Angeles County,2017-04,82
91755,Monterey Park,Los Angeles County,2017-06,78
91755,Monterey Park,Los Angeles County,2018-02,77
91755,Monterey Park,Los Angeles County,2018-09,81
91755,Monterey Park,Los Angeles County,2019-07,71
91755,Monterey Park,Los Angeles County,2019-11,78
91755,Monterey Park,Los Angeles County,2020-05,89
91755,Monterey Park,Los Angeles County,2020-07,85
91755,Monterey Park,Los Angeles County,2020-10,83
91755,Monterey Park,Los Angeles County,2023-01,54
91755,Monterey Park,Los Angeles County,2024-01,69
91755,Monterey Park,Los Angeles County,2024-11,73
91755,Monterey Park,Los Angeles County,2025-03,61
91758,Ontario,San Bernardino County,2013-08,66
91758,Ontario,San Bernardino County,2014-02,83
91758,Ontario,San Bernardino County,2014-08,77
91758,Ontario,San Bernardino County,2014-12,58
91758,Ontario,San Bernardino County,2015-05,60
91758,Ontario,San Bernardino County,2015-10,80
91758,Ontario,San Bernardino County,2016-04,72
91758,Ontario,San Bernardino County,2016-05,63
91758,Ontario,San Bernardino County,2017-05,55
91758,Ontario,San Bernardino County,2019-10,84
91758,Ontario,San Bernardino County,2020-08,86
91758,Ontario,San Bernardino County,2022-04,84
91758,Ontario,San Bernardino County,2022-07,71
91758,Ontario,San Bernardino County,2023-01,49
91758,Ontario,San Bernardino County,2024-05,54
91758,Ontario,San Bernardino County,2024-08,80
91758,Ontario,San Bernardino County,2025-04,49
91758,Ontario,San Bernardino County,2025-05,22
91759,Mt Baldy,Los Angeles County,2012-11,12
91759,Mt Baldy,Los Angeles County,2014-12,70
91759,Mt Baldy,Los Angeles County,2015-07,27
91759,Mt Baldy,Los Angeles County,2016-12,27
91759,Mt Baldy,Los Angeles County,2017-05,0
91759,Mt Baldy,Los Angeles County,2017-10,59
91759,Mt Baldy,Los Angeles County,2018-04,100
91759,Mt Baldy,Los Angeles County,2018-05,85
91759,Mt Baldy,Los Angeles County,2019-07,0
91759,Mt Baldy,Los Angeles County,2019-10,22
91759,Mt Baldy,Los Angeles County,2023-02,54
91759,Mt Baldy,Los Angeles County,2023-03,47
91759,Mt Baldy,Los Angeles County,2023-09,0
91759,Mt Baldy,Los Angeles County,2025-08,43
91761,Ontario,San Bernardino County,2012-09,76
91761,Ontario,San Bernardino County,2012-11,79
91761,Ontario,San Bernardino County,2013-03,90
91761,Ontario,San Bernardino County,2013-05,96
91761,Ontario,San Bernardino County,2013-10,87
91761,Ontario,San Bernardino County,2014-09,78
91761,Ontario,San Bernardino County,2014-11,68
91761,Ontario,San Bernardino County,2016-10,78
91761,Ontario,San Bernardino County,2017-05,87
91761,Ontario,San Bernardino County,2017-06,89
91761,Ontario,San Bernardino County,2018-11,66
91761,Ontario,San Bernardino County,2022-07,91
91761,Ontario,San Bernardino County,2022-08,84
91761,Ontario,San Bernardino County,2023-08,84
91761,Ontario,San Bernardino County,2023-09,83
91761,Ontario,San Bernardino County,2024-07,74
91761,Ontario,San Bernardino County,2025-05,76
91761,Ontario,San Bernardino County,2025-11,64
91762,Ontario,San Bernardino County,2013-01,90
91762,Ontario,San Bernardino County,2013-07,93
91762,Ontario,San Bernardino County,2013-08,91
91762,Ontario,San Bernardino County,2013-12,83
91762,Ontario,San Bernardino County,2014-01,79
91762,Ontario,San Bernardino County,2014-05,82
91762,Ontario,San Bernardino County,2014-11,66
91762,Ontario,San Bernardino County,2015-04,71
91762,Ontario,San Bernardino County,2016-01,70
91762,Ontario,San Bernardino County,2016-04,72
91762,Ontario,San Bernardino County,2017-10,79
91762,Ontario,San Bernardino County,2019-05,68
91762,Ontario,San Bernardino County,2019-12,71
91762,Ontario,San Bernardino County,2020-02,71
91762,Ontario,San Bernardino County,2020-09,86
91762,Ontario,San Bernardino County,2021-11,97
91763,Montclair,San Bernardino County,2014-06,78
91763,Montclair,San Bernardino County,2015-04,75
91763,Montclair,San Bernardino County,2016-10,73
91763,Montclair,San Bernardino County,2017-01,68
91763,Montclair,San Bernardino County,2018-07,80
91763,Montclair,San Bernardino County,2018-12,68
91763,Montclair,San Bernardino County,2019-12,76
91763,Montclair,San Bernardino County,2020-10,91
91763,Montclair,San Bernardino County,2021-04,92
91763,Montclair,San Bernardino County,2022-05,100
91763,Montclair,San Bernardino County,2022-09,78
91763,Montclair,San Bernardino County,2022-11,69
91763,Montclair,San Bernardino County,2023-05,86
91763,Montclair,San Bernardino County,2023-09,96
91763,Montclair,San Bernardino County,2023-11,91
91763,Montclair,San Bernardino County,2024-01,79
91763,Montclair,San Bernardino County,2025-11,69
91764,Ontario,San Bernardino County,2012-09,77
91764,Ontario,San Bernardino County,2013-04,95
91764,Ontario,San Bernardino County,2013-07,94
91764,Ontario,San Bernardino County,2014-07,75
91764,Ontario,San Bernardino County,2015-08,73
91764,Ontario,San Bernardino County,2015-11,73
91764,Ontario,San Bernardino County,2016-01,72
91764,Ontario,San Bernardino County,2016-06,83
91764,Ontario,San Bernardino County,2017-10,80
91764,Ontario,San Bernardino County,2018-02,79
91764,Ontario,San Bernardino County,2018-05,83
91764,Ontario,San Bernardino County,2018-06,83
91764,Ontario,San Bernardino County,2021-07,93
91764,Ontario,San Bernardino County,2021-08,96
91764,Ontario,San Bernardino County,2022-01,95
91764,Ontario,San Bernardino County,2022-04,97
91764,Ontario,San Bernardino County,2023-02,70
91764,Ontario,San Bernardino County,2023-12,79
91764,Ontario,San Bernardino County,2024-04,80
91764,Ontario,San Bernardino County,2024-07,90
91764,Ontario,San Bernardino County,2024-10,79
91764,Ontario,San Bernardino County,2025-01,68
91764,Ontario,San Bernardino County,2025-10,70
91764,Ontario,San Bernardino County,2025-12,67
91765,Diamond Bar,Los Angeles County,2012-08,72
91765,Diamond Bar,Los Angeles County,2015-04,61
91765,Diamond Bar,Los Angeles County,2015-06,63
91765,Diamond Bar,Los Angeles County,2015-09,62
91765,Diamond Bar,Los Angeles County,2016-03,57
91765,Diamond Bar,Los Angeles County,2017-08,73
91765,Diamond Bar,Los Angeles County,2017-10,69
91765,Diamond Bar,Los Angeles County,2018-03,70
91765,Diamond Bar,Los Angeles County,2018-08,70
91765,Diamond Bar,Los Angeles County,2018-12,50
91765,Diamond Bar,Los Angeles County,2020-08,79
91765,Diamond Bar,Los Angeles County,2021-03,86
91765,Diamond Bar,Los Angeles County,2021-08,95
91765,Diamond Bar,Los Angeles County,2022-02,92
91765,Diamond Bar,Los Angeles County,2022-11,67
91765,Diamond Bar,Los Angeles County,2024-11,77
91765,Diamond Bar,Los Angeles County,2025-02,64
91765,Diamond Bar,Los Angeles County,2025-09,66
91766,Pomona,Los Angeles County,2012-03,60
91766,Pomona,Los Angeles County,2012-04,62
91766,Pomona,Los Angeles County,2013-01,81
91766,Pomona,Los Angeles County,2013-06,96
91766,Pomona,Los Angeles County,2014-03,73
91766,Pomona,Los Angeles County,2014-10,72
91766,Pomona,Los Angeles County,2015-01,60
91766,Pomona,Los Angeles County,2015-03,61
91766,Pomona,Los Angeles County,2015-09,67
91766,Pomona,Los Angeles County,2018-08,76
91766,Pomona,Los Angeles County,2019-09,67
91766,Pomona,Los Angeles County,2019-11,66
91766,Pomona,Los Angeles County,2021-04,93
91766,Pomona,Los Angeles County,2021-10,90
91766,Pomona,Los Angeles County,2022-12,71
91766,Pomona,Los Angeles County,2024-01,76
91766,Pomona,Los Angeles County,2024-08,81
91766,Pomona,Los Angeles County,2025-03,64
91766,Pomona,Los Angeles County,2025-07,62
91767,Pomona,Los Angeles County,2012-03,66
91767,Pomona,Los Angeles County,2012-10,83
91767,Pomona,Los Angeles County,2012-11,87
91767,Pomona,Los Angeles County,2013-07,97
91767,Pomona,Los Angeles County,2016-06,71
91767,Pomona,Los Angeles County,2017-06,79
91767,Pomona,Los Angeles County,2017-07,76
91767,Pomona,Los Angeles County,2017-11,74
91767,Pomona,Los Angeles County,2022-04,99
91767,Pomona,Los Angeles County,2023-02,69
91767,Pomona,Los Angeles County,2023-03,74
91767,Pomona,Los Angeles County,2023-04,83
91767,Pomona,Los Angeles County,2024-10,74
91767,Pomona,Los Angeles County,2024-12,74
91767,Pomona,Los Angeles County,2025-05,77
91767,Pomona,Los Angeles County,2025-06,72
91767,Pomona,Los Angeles County,2025-07,65
91767,Pomona,Los Angeles County,2025-12,66
91768,Pomona,Los Angeles County,2013-02,79
91768,Pomona,Los Angeles County,2013-05,92
91768,Pomona,Los Angeles County,2013-07,90
91768,Pomona,Los Angeles County,2014-08,81
91768,Pomona,Los Angeles County,2015-08,81
91768,Pomona,Los Angeles County,2018-01,63
91768,Pomona,Los Angeles County,2020-02,70
91768,Pomona,Los Angeles County,2021-03,85
91768,Pomona,Los Angeles County,2021-12,88
91768,Pomona,Los Angeles County,2022-04,100
91768,Pomona,Los Angeles County,2022-05,100
91768,Pomona,Los Angeles County,2022-12,74
91768,Pomona,Los Angeles County,2025-12,64
91770,Rosemead,Los Angeles County,2013-02,73
91770,Rosemead,Los Angeles County,2013-09,87
91770,Rosemead,Los Angeles County,2013-10,78
91770,Rosemead,Los Angeles County,2014-06,75
91770,Rosemead,Los Angeles County,2014-08,72
91770,Rosemead,Los Angeles County,2014-12,66
91770,Rosemead,Los Angeles County,2017-04,73
91770,Rosemead,Los Angeles County,2017-05,74
91770,Rosemead,Los Angeles County,2018-07,81
91770,Rosemead,Los Angeles County,2018-08,78
91770,Rosemead,Los Angeles County,2019-12,76
91770,Rosemead,Los Angeles County,2020-06,83
91770,Rosemead,Los Angeles County,2020-12,82
91770,Rosemead,Los Angeles County,2021-06,90
91770,Rosemead,Los Angeles County,2021-07,93
91770,Rosemead,Los Angeles County,2022-02,81
91770,Rosemead,Los Angeles County,2022-06,92
91770,Rosemead,Los Angeles County,2023-01,58
91770,Rosemead,Los Angeles County,2023-04,73
91770,Rosemead,Los Angeles County,2023-10,93
91770,Rosemead,Los Angeles County,2024-04,89
91773,San Dimas,Los Angeles County,2012-09,78
91773,San Dimas,Los Angeles County,2014-06,81
91773,San Dimas,Los Angeles County,2014-12,67
91773,San Dimas,Los Angeles County,2015-10,74
91773,San Dimas,Los Angeles County,2016-10,70
91773,San Dimas,Los Angeles County,2017-02,67
91773,San Dimas,Los Angeles County,2017-04,75
91773,San Dimas,Los Angeles County,2017-05,75
91773,San Dimas,Los Angeles County,2017-12,61
91773,San Dimas,Los Angeles County,2018-02,69
91773,San Dimas,Los Angeles County,2018-10,65
91773,San Dimas,Los Angeles County,2019-07,69
91773,San Dimas,Los Angeles County,2019-08,71
91773,San Dimas,Los Angeles County,2019-10,76
91773,San Dimas,Los Angeles County,2019-11,69
91773,San Dimas,Los Angeles County,2020-10,90
91773,San Dimas,Los Angeles County,2020-12,88
91773,San Dimas,Los Angeles County,2022-02,96
91773,San Dimas,Los Angeles County,2022-07,90
91773,San Dimas,Los Angeles County,2023-04,75
91773,San Dimas,Los Angeles County,2024-11,76
91775,San Gabriel,Los Angeles County,2014-02,71
91775,San Gabriel,Los Angeles County,2015-01,54
91775,San Gabriel,Los Angeles County,2015-03,74
91775,San Gabriel,Los Angeles County,2017-04,68
91775,San Gabriel,Los Angeles County,2019-03,47
91775,San Gabriel,Los Angeles County,2019-08,70
91775,San Gabriel,Los Angeles County,2020-04,78
91775,San Gabriel,Los Angeles County,2021-07,90
91775,San Gabriel,Los Angeles County,2021-09,91
91775,San Gabriel,Los Angeles County,2023-01,69
91775,San Gabriel,Los Angeles County,2023-06,89
91775,San Gabriel,Los Angeles County,2023-08,93
91775,San Gabriel,Los Angeles County,2023-12,100
91775,San Gabriel,Los Angeles County,2024-10,76
91775,San Gabriel,Los Angeles County,2025-04,88
91775,San Gabriel,Los Angeles County,2025-08,91
91776,San Gabriel,Los Angeles County,2012-07,60
91776,San Gabriel,Los Angeles County,2012-12,56
91776,San Gabriel,Los Angeles County,2013-01,55
91776,San Gabriel,Los Angeles County,2013-10,69
91776,San Gabriel,Los Angeles County,2014-02,72
91776,San Gabriel,Los Angeles County,2016-04,70
91776,San Gabriel,Los Angeles County,2016-08,74
91776,San Gabriel,Los Angeles County,2016-09,71
91776,San Gabriel,Los Angeles County,2017-02,78
91776,San Gabriel,Los Angeles County,2017-03,66
91776,San Gabriel,Los Angeles County,2017-07,85
91776,San Gabriel,Los Angeles County,2017-11,76
91776,San Gabriel,Los Angeles County,2018-08,67
91776,San Gabriel,Los Angeles County,2018-10,63
91776,San Gabriel,Los Angeles County,2019-01,63
91776,San Gabriel,Los Angeles County,2019-11,69
91776,San Gabriel,Los Angeles County,2020-08,80
91776,San Gabriel,Los Angeles County,2020-11,64
91776,San Gabriel,Los Angeles County,2021-12,87
91776,San Gabriel,Los Angeles County,2022-01,89
91776,San Gabriel,Los Angeles County,2022-08,85
91776,San Gabriel,Los Angeles County,2023-10,83
91776,San Gabriel,Los Angeles County,2024-09,66
91776,San Gabriel,Los Angeles County,2024-10,68
91776,San Gabriel,Los Angeles County,2025-10,68
91778,San Gabriel,Los Angeles County,2024-06,91
91778,San Gabriel,Los Angeles County,2024-07,90
91780,Temple City,Los Angeles County,2012-03,59
91780,Temple City,Los Angeles County,2012-10,61
91780,Temple City,Los Angeles County,2012-11,65
91780,Temple City,Los Angeles County,2013-03,83
91780,Temple City,Los Angeles County,2014-10,68
91780,Temple City,Los Angeles County,2015-11,62
91780,Temple City,Los Angeles County,2021-02,76
91780,Temple City,Los Angeles County,2021-07,90
91780,Temple City,Los Angeles County,2021-12,95
91780,Temple City,Los Angeles County,2022-01,94
91780,Temple City,Los Angeles County,2022-08,82
91780,Temple City,Los Angeles County,2023-05,86
91780,Temple City,Los Angeles County,2024-03,86
91780,Temple City,Los Angeles County,2025-06,80
91780,Temple City,Los Angeles County,2025-08,72
91784,Upland,San Bernardino County,2013-04,83
91784,Upland,San Bernardino County,2013-10,74
91784,Upland,San Bernardino County,2014-07,76
91784,Upland,San Bernardino County,2014-12,52
91784,Upland,San Bernardino County,2015-08,64
91784,Upland,San Bernardino County,2015-11,56
91784,Upland,San Bernardino County,2017-03,62
91784,Upland,San Bernardino County,2018-02,64
91784,Upland,San Bernardino County,2018-07,72
91784,Upland,San Bernardino County,2018-12,57
91784,Upland,San Bernardino County,2019-06,67
91784,Upland,San Bernardino County,2019-10,58
91784,Upland,San Bernardino County,2019-11,51
91784,Upland,San Bernardino County,2020-03,68
91784,Upland,San Bernardino County,2021-08,94
91784,Upland,San Bernardino County,2024-05,94
91784,Upland,San Bernardino County,2024-08,83
91784,Upland,San Bernardino County,2025-04,81
91786,Upland,San Bernardino County,2012-09,76
91786,Upland,San Bernardino County,2013-10,82
91786,Upland,San Bernardino County,2014-03,71
91786,Upland,San Bernardino County,2015-04,62
91786,Upland,San Bernardino County,2017-02,67
91786,Upland,San Bernardino County,2018-04,78
91786,Upland,San Bernardino County,2018-07,79
91786,Upland,San Bernardino County,2018-12,65
91786,Upland,San Bernardino County,2020-01,66
91786,Upland,San Bernardino County,2020-06,80
91786,Upland,San Bernardino County,2020-09,89
91786,Upland,San Bernardino County,2022-11,70
91786,Upland,San Bernardino County,2023-03,73
91786,Upland,San Bernardino County,2023-10,82
91786,Upland,San Bernardino County,2024-04,82
91786,Upland,San Bernardino County,2024-06,92
91786,Upland,San Bernardino County,2025-08,64
91788,Walnut,Los Angeles County,2014-07,100
91788,Walnut,Los Angeles County,2017-03,68
91788,Walnut,Los Angeles County,2020-04,33
91788,Walnut,Los Angeles County,2021-02,21
91788,Walnut,Los Angeles County,2024-02,53
91789,Walnut,Los Angeles County,2012-06,60
91789,Walnut,Los Angeles County,2012-08,65
91789,Walnut,Los Angeles County,2013-05,90
91789,Walnut,Los Angeles County,2013-06,89
91789,Walnut,Los Angeles County,2016-09,61
91789,Walnut,Los Angeles County,2017-07,72
91789,Walnut,Los Angeles County,2017-12,56
91789,Walnut,Los Angeles County,2018-09,63
91789,Walnut,Los Angeles County,2019-04,50
91789,Walnut,Los Angeles County,2020-01,60
91789,Walnut,Los Angeles County,2021-07,93
91789,Walnut,Los Angeles County,2022-05,100
91789,Walnut,Los Angeles County,2022-12,63
91789,Walnut,Los Angeles County,2024-06,92
91789,Walnut,Los Angeles County,2024-10,76
91789,Walnut,Los Angeles County,2024-12,67
91789,Walnut,Los Angeles County,2025-01,60
91789,Walnut,Los Angeles County,2025-08,70
91790,West Covina,Los Angeles County,2012-08,76
91790,West Covina,Los Angeles County,2012-11,77
91790,West Covina,Los Angeles County,2013-01,85
91790,West Covina,Los Angeles County,2013-03,87
91790,West Covina,Los Angeles County,2014-02,79
91790,West Covina,Los Angeles County,2014-12,68
91790,West Covina,Los Angeles County,2015-03,77
91790,West Covina,Los Angeles County,2016-06,78
91790,West Covina,Los Angeles County,2017-04,77
91790,West Covina,Los Angeles County,2018-03,81
91790,West Covina,Los Angeles County,2020-01,73
91790,West Covina,Los Angeles County,2023-10,95
91790,West Covina,Los Angeles County,2023-11,91
91790,West Covina,Los Angeles County,2023-12,93
91791,West Covina,Los Angeles County,2012-10,70
91791,West Covina,Los Angeles County,2013-04,88
91791,West Covina,Los Angeles County,2013-07,86
91791,West Covina,Los Angeles County,2015-08,69
91791,West Covina,Los Angeles County,2015-11,64
91791,West Covina,Los Angeles County,2016-02,66
91791,West Covina,Los Angeles County,2016-07,71
91791,West Covina,Los Angeles County,2017-12,64
91791,West Covina,Los Angeles County,2018-01,66
91791,West Covina,Los Angeles County,2018-06,77
91791,West Covina,Los Angeles County,2019-04,59
91791,West Covina,Los Angeles County,2019-09,66
91791,West Covina,Los Angeles County,2020-12,81
91791,West Covina,Los Angeles County,2021-10,94
91791,West Covina,Los Angeles County,2022-06,89
91791,West Covina,Los Angeles County,2022-10,62
91791,West Covina,Los Angeles County,2024-04,79
91792,West Covina,Los Angeles County,2013-04,99
91792,West Covina,Los Angeles County,2015-01,61
91792,West Covina,Los Angeles County,2015-07,71
91792,West Covina,Los Angeles County,2016-01,65
91792,West Covina,Los Angeles County,2016-07,76
91792,West Covina,Los Angeles County,2016-09,79
91792,West Covina,Los Angeles County,2016-11,73
91792,West Covina,Los Angeles County,2016-12,63
91792,West Covina,Los Angeles County,2020-10,94
91792,West Covina,Los Angeles County,2021-01,100
91792,West Covina,Los Angeles County,2021-05,96
91792,West Covina,Los Angeles County,2021-08,100
91792,West Covina,Los Angeles County,2021-09,97
91792,West Covina,Los Angeles County,2021-10,95
91792,West Covina,Los Angeles County,2022-04,98
91792,West Covina,Los Angeles County,2022-06,91
91792,West Covina,Los Angeles County,2023-05,86
91792,West Covina,Los Angeles County,2023-10,85
91792,West Covina,Los Angeles County,2024-03,90
91792,West Covina,Los Angeles County,2024-11,81
91792,West Covina,Los Angeles County,2025-06,81
91792,West Covina,Los Angeles County,2025-08,80
91801,Alhambra,Los Angeles County,2012-07,60
91801,Alhambra,Los Angeles County,2012-09,58
91801,Alhambra,Los Angeles County,2012-10,65
91801,Alhambra,Los Angeles County,2014-06,77
91801,Alhambra,Los Angeles County,2014-09,71
91801,Alhambra,Los Angeles County,2015-01,57
91801,Alhambra,Los Angeles County,2015-08,70
91801,Alhambra,Los Angeles County,2016-07,69
91801,Alhambra,Los Angeles County,2016-08,68
91801,Alhambra,Los Angeles County,2017-06,81
91801,Alhambra,Los Angeles County,2019-03,57
91801,Alhambra,Los Angeles County,2019-06,79
91801,Alhambra,Los Angeles County,2021-11,91
91801,Alhambra,Los Angeles County,2022-02,86
91801,Alhambra,Los Angeles County,2022-06,94
91801,Alhambra,Los Angeles County,2022-09,83
91801,Alhambra,Los Angeles County,2023-07,86
91801,Alhambra,Los Angeles County,2023-12,84
91801,Alhambra,Los Angeles County,2024-03,73
91801,Alhambra,Los Angeles County,2024-06,90
91801,Alhambra,Los Angeles County,2024-12,74
91801,Alhambra,Los Angeles County,2025-02,74
91801,Alhambra,Los Angeles County,2025-04,84
91803,Alhambra,Los Angeles County,2013-02,68
91803,Alhambra,Los Angeles County,2013-10,78
91803,Alhambra,Los Angeles County,2015-02,63
91803,Alhambra,Los Angeles County,2015-12,65
91803,Alhambra,Los Angeles County,2016-01,67
91803,Alhambra,Los Angeles County,2017-07,73
91803,Alhambra,Los Angeles County,2018-03,74
91803,Alhambra,Los Angeles County,2018-06,82
91803,Alhambra,Los Angeles County,2018-12,56
91803,Alhambra,Los Angeles County,2019-01,59
91803,Alhambra,Los Angeles County,2019-07,66
91803,Alhambra,Los Angeles County,2019-12,70
91803,Alhambra,Los Angeles County,2020-04,89
91803,Alhambra,Los Angeles County,2021-01,85
91803,Alhambra,Los Angeles County,2021-12,78
91803,Alhambra,Los Angeles County,2022-07,90
91803,Alhambra,Los Angeles County,2022-09,82
91803,Alhambra,Los Angeles County,2023-05,94
91803,Alhambra,Los Angeles County,2023-09,83
91803,Alhambra,Los Angeles County,2024-06,100
91803,Alhambra,Los Angeles County,2025-08,67
91804,Alhambra,Los Angeles County,2012-09,38
91804,Alhambra,Los Angeles County,2013-06,66
91804,Alhambra,Los Angeles County,2013-08,53
91804,Alhambra,Los Angeles County,2013-12,48
91804,Alhambra,Los Angeles County,2015-10,55
91804,Alhambra,Los Angeles County,2015-11,53
91804,Alhambra,Los Angeles County,2016-09,58
91804,Alhambra,Los Angeles County,2018-04,73
91804,Alhambra,Los Angeles County,2020-09,42
91804,Alhambra,Los Angeles County,2021-06,82
91804,Alhambra,Los Angeles County,2022-03,85
91804,Alhambra,Los Angeles County,2023-03,52
91804,Alhambra,Los Angeles County,2023-11,77
91804,Alhambra,Los Angeles County,2025-01,75
91804,Alhambra,Los Angeles County,2025-06,90
91901,Alpine,San Diego County,2015-01,58
91901,Alpine,San Diego County,2015-06,64
91901,Alpine,San Diego County,2016-05,69
91901,Alpine,San Diego County,2016-12,65
91901,Alpine,San Diego County,2017-12,62
91901,Alpine,San Diego County,2021-01,91
91901,Alpine,San Diego County,2022-07,93
91901,Alpine,San Diego County,2022-11,81
91901,Alpine,San Diego County,2023-03,88
91901,Alpine,San Diego County,2023-07,96
91901,Alpine,San Diego County,2023-09,91
91901,Alpine,San Diego County,2024-11,68
91901,Alpine,San Diego County,2024-12,68
91901,Alpine,San Diego County,2025-03,72
91901,Alpine,San Diego County,2025-08,75
91902,Bonita,San Diego County,2012-06,57
91902,Bonita,San Diego County,2014-04,64
91902,Bonita,San Diego County,2015-03,48
91902,Bonita,San Diego County,2015-04,53
91902,Bonita,San Diego County,2015-07,62
91902,Bonita,San Diego County,2015-11,56
91902,Bonita,San Diego County,2016-03,66
91902,Bonita,San Diego County,2016-12,57
91902,Bonita,San Diego County,2017-04,72
91902,Bonita,San Diego County,2018-10,69
91902,Bonita,San Diego County,2019-01,60
91902,Bonita,San Diego County,2019-06,72
91902,Bonita,San Diego County,2019-09,76
91902,Bonita,San Diego County,2020-07,84
91902,Bonita,San Diego County,2020-09,90
91902,Bonita,San Diego County,2021-04,98
91902,Bonita,San Diego County,2021-06,93
91902,Bonita,San Diego County,2022-03,98
91902,Bonita,San Diego County,2022-09,74
91902,Bonita,San Diego County,2022-12,82
91902,Bonita,San Diego County,2023-12,93
91902,Bonita,San Diego County,2024-11,68
91902,Bonita,San Diego County,2025-03,81
91902,Bonita,San Diego County,2025-11,81
91905,Boulevard,San Diego County,2012-03,0
91905,Boulevard,San Diego County,2012-11,65
91905,Boulevard,San Diego County,2012-12,72
91905,Boulevard,San Diego County,2013-03,20
91905,Boulevard,San Diego County,2013-08,45
91905,Boulevard,San Diego County,2013-10,43
91905,Boulevard,San Diego County,2014-01,14
91905,Boulevard,San Diego County,2017-01,49
91905,Boulevard,San Diego County,2018-07,61
91905,Boulevard,San Diego County,2019-01,61
91905,Boulevard,San Diego County,2019-02,88
91905,Boulevard,San Diego County,2020-11,41
91905,Boulevard,San Diego County,2020-12,51
91905,Boulevard,San Diego County,2021-05,100
91905,Boulevard,San Diego County,2021-08,73
91905,Boulevard,San Diego County,2021-11,55
91905,Boulevard,San Diego County,2022-03,76
91905,Boulevard,San Diego County,2023-09,46
91905,Boulevard,San Diego County,2023-11,52
91905,Boulevard,San Diego County,2024-07,25
91905,Boulevard,San Diego County,2025-01,46
91905,Boulevard,San Diego County,2025-05,53
91905,Boulevard,San Diego County,2025-12,62
91906,Campo,San Diego County,2012-05,55
91906,Campo,San Diego County,2012-08,73
91906,Campo,San Diego County,2013-05,47
91906,Campo,San Diego County,2013-10,71
91906,Campo,San Diego County,2015-04,51
91906,Campo,San Diego County,2017-05,65
91906,Campo,San Diego County,2019-06,67
91906,Campo,San Diego County,2021-01,81
91906,Campo,San Diego County,2021-02,80
91906,Campo,San Diego County,2021-04,98
91906,Campo,San Diego County,2021-06,92
91906,Campo,San Diego County,2021-10,87
91906,Campo,San Diego County,2022-12,67
91906,Campo,San Diego County,2023-08,77
91906,Campo,San Diego County,2025-04,70
91906,Campo,San Diego County,2025-12,57
91910,Chula Vista,San Diego County,2012-05,69
91910,Chula Vista,San Diego County,2012-07,72
91910,Chula Vista,San Diego County,2013-01,72
91910,Chula Vista,San Diego County,2014-02,74
91910,Chula Vista,San Diego County,2014-12,73
91910,Chula Vista,San Diego County,2015-03,67
91910,Chula Vista,San Diego County,2015-08,76
91910,Chula Vista,San Diego County,2018-05,84
91910,Chula Vista,San Diego County,2018-09,78
91910,Chula Vista,San Diego County,2018-10,75
91910,Chula Vista,San Diego County,2020-02,86
91910,Chula Vista,San Diego County,2020-06,96
91910,Chula Vista,San Diego County,2020-11,99
91910,Chula Vista,San Diego County,2024-06,89
91910,Chula Vista,San Diego County,2024-07,86
91910,Chula Vista,San Diego County,2025-05,87
91910,Chula Vista,San Diego County,2025-12,80
91911,Chula Vista,San Diego County,2012-04,68
91911,Chula Vista,San Diego County,2012-05,69
91911,Chula Vista,San Diego County,2012-10,77
91911,Chula Vista,San Diego County,2013-10,77
91911,Chula Vista,San Diego County,2015-12,74
91911,Chula Vista,San Diego County,2016-05,78
91911,Chula Vista,San Diego County,2018-03,80
91911,Chula Vista,San Diego County,2019-06,86
91911,Chula Vista,San Diego County,2020-01,83
91911,Chula Vista,San Diego County,2020-02,84
91911,Chula Vista,San Diego County,2020-04,90
91911,Chula Vista,San Diego County,2020-08,99
91911,Chula Vista,San Diego County,2020-11,99
91911,Chula Vista,San Diego County,2022-02,100
91911,Chula Vista,San Diego County,2022-07,95
91911,Chula Vista,San Diego County,2023-01,70
91911,Chula Vista,San Diego County,2023-12,82
91911,Chula Vista,San Diego County,2024-02,82
91911,Chula Vista,San Diego County,2025-04,85
91911,Chula Vista,San Diego County,2025-05,87
91912,Chula Vista,San Diego County,2012-07,34
91912,Chula Vista,San Diego County,2013-02,100
91912,Chula Vista,San Diego County,2015-12,55
91912,Chula Vista,San Diego County,2017-07,47
91912,Chula Vista,San Diego County,2018-12,86
91912,Chula Vista,San Diego County,2020-01,58
91912,Chula Vista,San Diego County,2020-02,59
91912,Chula Vista,San Diego County,2021-05,100
91912,Chula Vista,San Diego County,2021-06,100
91912,Chula Vista,San Diego County,2021-11,75
91913,Chula Vista,San Diego County,2012-09,74
91913,Chula Vista,San Diego County,2012-10,75
91913,Chula Vista,San Diego County,2012-12,77
91913,Chula Vista,San Diego County,2013-07,93
91913,Chula Vista,San Diego County,2013-12,79
91913,Chula Vista,San Diego County,2014-03,73
91913,Chula Vista,San Diego County,2015-03,72
91913,Chula Vista,San Diego County,2015-12,69
91913,Chula Vista,San Diego County,2016-01,70
91913,Chula Vista,San Diego County,2016-10,77
91913,Chula Vista,San Diego County,2016-12,75
91913,Chula Vista,San Diego County,2017-03,82
91913,Chula Vista,San Diego County,2017-05,86
91913,Chula Vista,San Diego County,2018-07,79
91913,Chula Vista,San Diego County,2019-04,71
91913,Chula Vista,San Diego County,2019-09,87
91913,Chula Vista,San Diego County,2020-02,83
91913,Chula Vista,San Diego County,2021-12,99
91913,Chula Vista,San Diego County,2022-07,95
91913,Chula Vista,San Diego County,2023-12,86
91913,Chula Vista,San Diego County,2024-06,95
91913,Chula Vista,San Diego County,2024-10,77
91913,Chula Vista,San Diego County,2025-01,75
91913,Chula Vista,San Diego County,2025-03,80
91913,Chula Vista,San Diego County,2025-05,78
91914,Chula Vista,San Diego County,2012-03,49
91914,Chula Vista,San Diego County,2013-05,80
91914,Chula Vista,San Diego County,2016-10,67
91914,Chula Vista,San Diego County,2017-12,60
91914,Chula Vista,San Diego County,2018-04,68
91914,Chula Vista,San Diego County,2019-11,73
91914,Chula Vista,San Diego County,2020-06,94
91914,Chula Vista,San Diego County,2024-05,80
91914,Chula Vista,San Diego County,2025-09,66
91914,Chula Vista,San Diego County,2025-12,58
91915,Chula Vista,San Diego County,2013-07,88
91915,Chula Vista,San Diego County,2013-09,81
91915,Chula Vista,San Diego County,2014-02,70
91915,Chula Vista,San Diego County,2015-02,64
91915,Chula Vista,San Diego County,2016-02,66
91915,Chula Vista,San Diego County,2016-03,72
91915,Chula Vista,San Diego County,2016-05,78
91915,Chula Vista,San Diego County,2016-10,75
91915,Chula Vista,San Diego County,2016-11,75
91915,Chula Vista,San Diego County,2017-08,77
91915,Chula Vista,San Diego County,2019-04,79
91915,Chula Vista,San Diego County,2019-10,83
91915,Chula Vista,San Diego County,2020-08,100
91915,Chula Vista,San Diego County,2023-11,92
91915,Chula Vista,San Diego County,2025-06,75
91916,Descanso,San Diego County,2012-05,75
91916,Descanso,San Diego County,2013-09,60
91916,Descanso,San Diego County,2014-11,70
91916,Descanso,San Diego County,2014-12,59
91916,Descanso,San Diego County,2015-03,40
91916,Descanso,San Diego County,2017-10,65
91916,Descanso,San Diego County,2019-03,52
91916,Descanso,San Diego County,2020-04,35
91916,Descanso,San Diego County,2020-05,43
91916,Descanso,San Diego County,2020-07,86
91916,Descanso,San Diego County,2020-12,68
91916,Descanso,San Diego County,2021-08,88
91916,Descanso,San Diego County,2021-11,90
91916,Descanso,San Diego County,2021-12,78
91916,Descanso,San Diego County,2022-10,49
91916,Descanso,San Diego County,2023-09,85
91916,Descanso,San Diego County,2024-04,65
91916,Descanso,San Diego County,2024-07,66
91917,Dulzura,San Diego County,2012-04,6
91917,Dulzura,San Diego County,2012-08,0
91917,Dulzura,San Diego County,2013-05,30
91917,Dulzura,San Diego County,2015-06,35
91917,Dulzura,San Diego County,2016-01,60
91917,Dulzura,San Diego County,2016-09,26
91917,Dulzura,San Diego County,2017-01,0
91917,Dulzura,San Diego County,2017-09,20
91917,Dulzura,San Diego County,2019-10,28
91917,Dulzura,San Diego County,2019-11,24
91917,Dulzura,San Diego County,2021-03,60
91917,Dulzura,San Diego County,2021-04,0
91917,Dulzura,San Diego County,2023-02,69
91917,Dulzura,San Diego County,2025-03,51
91917,Dulzura,San Diego County,2025-05,43
91917,Dulzura,San Diego County,2025-08,28
91931,Guatay,San Diego County,2012-04,78
91931,Guatay,San Diego County,2013-02,60
91931,Guatay,San Diego County,2013-06,94
91931,Guatay,San Diego County,2015-04,47
91931,Guatay,San Diego County,2015-05,47
91931,Guatay,San Diego County,2017-02,0
91931,Guatay,San Diego County,2021-06,61
91931,Guatay,San Diego County,2024-05,10
91932,Imperial Beach,San Diego County,2012-06,65
91932,Imperial Beach,San Diego County,2013-03,82
91932,Imperial Beach,San Diego County,2014-02,73
91932,Imperial Beach,San Diego County,2015-01,61
91932,Imperial Beach,San Diego County,2015-03,69
91932,Imperial Beach,San Diego County,2016-11,77
91932,Imperial Beach,San Diego County,2017-11,64
91932,Imperial Beach,San Diego County,2018-04,67
91932,Imperial Beach,San Diego County,2019-08,68
91932,Imperial Beach,San Diego County,2019-12,69
91932,Imperial Beach,San Diego County,2020-03,73
91932,Imperial Beach,San Diego County,2020-08,64
91932,Imperial Beach,San Diego County,2021-10,83
91932,Imperial Beach,San Diego County,2021-12,87
91932,Imperial Beach,San Diego County,2023-08,70
91932,Imperial Beach,San Diego County,2023-12,67
91932,Imperial Beach,San Diego County,2024-02,55
91932,Imperial Beach,San Diego County,2024-06,58
91932,Imperial Beach,San Diego County,2025-11,63
91934,Jacumba,San Diego County,2012-10,0
91934,Jacumba,San Diego County,2013-04,34
91934,Jacumba,San Diego County,2015-04,31
91934,Jacumba,San Diego County,2015-08,42
91934,Jacumba,San Diego County,2016-07,93
91934,Jacumba,San Diego County,2017-03,75
91934,Jacumba,San Diego County,2018-05,71
91934,Jacumba,San Diego County,2019-01,100
91934,Jacumba,San Diego County,2022-06,84
91934,Jacumba,San Diego County,2022-09,60
91934,Jacumba,San Diego County,2025-08,56
91935,Jamul,San Diego County,2012-12,53
91935,Jamul,San Diego County,2014-11,46
91935,Jamul,San Diego County,2014-12,35
91935,Jamul,San Diego County,2015-08,62
91935,Jamul,San Diego County,2017-03,60
91935,Jamul,San Diego County,2019-04,54
91935,Jamul,San Diego County,2019-08,63
91935,Jamul,San Diego County,2020-01,68
91935,Jamul,San Diego County,2020-03,72
91935,Jamul,San Diego County,2020-06,71
91935,Jamul,San Diego County,2021-04,92
91935,Jamul,San Diego County,2021-09,87
91935,Jamul,San Diego County,2022-05,91
91935,Jamul,San Diego County,2023-03,89
91935,Jamul,San Diego County,2023-04,83
91935,Jamul,San Diego County,2025-01,62
91941,La Mesa,San Diego County,2012-07,74
91941,La Mesa,San Diego County,2012-12,70
91941,La Mesa,San Diego County,2013-05,79
91941,La Mesa,San Diego County,2014-05,71
91941,La Mesa,San Diego County,2015-01,59
91941,La Mesa,San Diego County,2016-02,68
91941,La Mesa,San Diego County,2017-03,69
91941,La Mesa,San Diego County,2019-05,82
91941,La Mesa,San Diego County,2020-02,80
91941,La Mesa,San Diego County,2020-05,89
91941,La Mesa,San Diego County,2021-06,100
91941,La Mesa,San Diego County,2021-10,94
91941,La Mesa,San Diego County,2024-11,77
91941,La Mesa,San Diego County,2025-06,88
91942,La Mesa,San Diego County,2012-04,61
91942,La Mesa,San Diego County,2012-05,68
91942,La Mesa,San Diego County,2012-08,82
91942,La Mesa,San Diego County,2013-09,81
91942,La Mesa,San Diego County,2014-04,76
91942,La Mesa,San Diego County,2015-12,76
91942,La Mesa,San Diego County,2016-01,78
91942,La Mesa,San Diego County,2016-07,87
91942,La Mesa,San Diego County,2016-09,82
91942,La Mesa,San Diego County,2016-10,77
91942,La Mesa,San Diego County,2018-01,76
91942,La Mesa,San Diego County,2019-08,87
91942,La Mesa,San Diego County,2019-11,83
91942,La Mesa,San Diego County,2020-12,95
91942,La Mesa,San Diego County,2021-12,100
91942,La Mesa,San Diego County,2022-09,86
91942,La Mesa,San Diego County,2022-10,82
91942,La Mesa,San Diego County,2022-12,80
91942,La Mesa,San Diego County,2023-07,100
91942,La Mesa,San Diego County,2025-04,84
91945,Lemon Grove,San Diego County,2012-05,80
91945,Lemon Grove,San Diego County,2012-06,82
91945,Lemon Grove,San Diego County,2013-04,79
91945,Lemon Grove,San Diego County,2014-02,71
91945,Lemon Grove,San Diego County,2015-08,78
91945,Lemon Grove,San Diego County,2017-05,84
91945,Lemon Grove,San Diego County,2018-06,88
91945,Lemon Grove,San Diego County,2019-05,85
91945,Lemon Grove,San Diego County,2019-11,84
91945,Lemon Grove,San Diego County,2019-12,85
91945,Lemon Grove,San Diego County,2020-07,95
91945,Lemon Grove,San Diego County,2020-08,100
91945,Lemon Grove,San Diego County,2021-09,96
91945,Lemon Grove,San Diego County,2023-06,98
91945,Lemon Grove,San Diego County,2024-05,86
91945,Lemon Grove,San Diego County,2024-07,85
91945,Lemon Grove,San Diego County,2025-02,66
91948,Mount Laguna,San Diego County,2013-03,23
91948,Mount Laguna,San Diego County,2013-05,9
91948,Mount Laguna,San Diego County,2018-02,67
91948,Mount Laguna,San Diego County,2019-02,46
91948,Mount Laguna,San Diego County,2019-07,78
91948,Mount Laguna,San Diego County,2020-01,44
91948,Mount Laguna,San Diego County,2022-03,56
91948,Mount Laguna,San Diego County,2022-11,100
91948,Mount Laguna,San Diego County,2022-12,73
91948,Mount Laguna,San Diego County,2024-07,70
91948,Mount Laguna,San Diego County,2025-02,19
91950,National City,San Diego County,2012-08,76
91950,National City,San Diego County,2013-01,72
91950,National City,San Diego County,2015-09,79
91950,National City,San Diego County,2017-07,82
91950,National City,San Diego County,2017-09,80
91950,National City,San Diego County,2019-01,80
91950,National City,San Diego County,2019-03,70
91950,National City,San Diego County,2020-06,87
91950,National City,San Diego County,2020-09,93
91950,National City,San Diego County,2021-08,89
91950,National City,San Diego County,2022-12,71
91950,National City,San Diego County,2024-06,82
91950,National City,San Diego County,2025-02,80
91950,National City,San Diego County,2025-03,77
91950,National City,San Diego County,2025-05,85
91950,National City,San Diego County,2025-07,81
91950,National City,San Diego County,2025-11,71
91962,Pine Valley,San Diego County,2012-11,61
91962,Pine Valley,San Diego County,2014-03,50
91962,Pine Valley,San Diego County,2015-03,70
91962,Pine Valley,San Diego County,2016-01,35
91962,Pine Valley,San Diego County,2016-04,39
91962,Pine Valley,San Diego County,2016-09,61
91962,Pine Valley,San Diego County,2018-02,55
91962,Pine Valley,San Diego County,2018-05,80
91962,Pine Valley,San Diego County,2018-06,74
91962,Pine Valley,San Diego County,2018-10,58
91962,Pine Valley,San Diego County,2019-04,74
91962,Pine Valley,San Diego County,2019-09,58
91962,Pine Valley,San Diego County,2020-07,70
91962,Pine Valley,San Diego County,2021-01,80
91962,Pine Valley,San Diego County,2022-06,83
91962,Pine Valley,San Diego County,2025-09,59
91963,Potrero,San Diego County,2013-04,47
91963,Potrero,San Diego County,2013-11,54
91963,Potrero,San Diego County,2014-01,47
91963,Potrero,San Diego County,2014-02,44
91963,Potrero,San Diego County,2016-09,26
91963,Potrero,San Diego County,2017-10,6
91963,Potrero,San Diego County,2018-10,29
91963,Potrero,San Diego County,2020-01,55
91963,Potrero,San Diego County,2020-02,39
91963,Potrero,San Diego County,2020-04,51
91963,Potrero,San Diego County,2020-05,55
91963,Potrero,San Diego County,2021-05,0
91963,Potrero,San Diego County,2022-08,40
91963,Potrero,San Diego County,2024-05,42
91963,Potrero,San Diego County,2024-06,44
91963,Potrero,San Diego County,2024-09,75
91963,Potrero,San Diego County,2025-03,18
91977,Spring Valley,San Diego County,2012-03,75
91977,Spring Valley,San Diego County,2012-06,74
91977,Spring Valley,San Diego County,2012-07,74
91977,Spring Valley,San Diego County,2014-02,75
91977,Spring Valley,San Diego County,2014-04,75
91977,Spring Valley,San Diego County,2014-07,77
91977,Spring Valley,San Diego County,2014-11,73
91977,Spring Valley,San Diego County,2017-03,77
91977,Spring Valley,San Diego County,2019-02,68
91977,Spring Valley,San Diego County,2019-05,82
91977,Spring Valley,San Diego County,2019-06,87
91977,Spring Valley,San Diego County,2020-11,100
91977,Spring Valley,San Diego County,2021-01,100
91977,Spring Valley,San Diego County,2022-06,100
91977,Spring Valley,San Diego County,2022-09,90
91977,Spring Valley,San Diego County,2023-04,96
91977,Spring Valley,San Diego County,2024-04,95
91977,Spring Valley,San Diego County,2024-06,95
91977,Spring Valley,San Diego County,2025-02,80
91977,Spring Valley,San Diego County,2025-06,83
91978,Spring Valley,San Diego County,2012-10,80
91978,Spring Valley,San Diego County,2013-03,77
91978,Spring Valley,San Diego County,2013-08,87
91978,Spring Valley,San Diego County,2013-10,79
91978,Spring Valley,San Diego County,2013-11,74
91978,Spring Valley,San Diego County,2015-05,81
91978,Spring Valley,San Diego County,2016-09,76
91978,Spring Valley,San Diego County,2017-01,55
91978,Spring Valley,San Diego County,2021-08,90
91978,Spring Valley,San Diego County,2021-10,91
91978,Spring Valley,San Diego County,2022-02,90
91978,Spring Valley,San Diego County,2022-12,76
91978,Spring Valley,San Diego County,2023-07,100
91978,Spring Valley,San Diego County,2023-09,96
91978,Spring Valley,San Diego County,2024-10,83
91978,Spring Valley,San Diego County,2025-06,97
92003,Bonsall,San Diego County,2012-07,64
92003,Bonsall,San Diego County,2013-11,55
92003,Bonsall,San Diego County,2014-06,47
92003,Bonsall,San Diego County,2014-07,45
92003,Bonsall,San Diego County,2016-08,61
92003,Bonsall,San Diego County,2016-10,56
92003,Bonsall,San Diego County,2017-03,43
92003,Bonsall,San Diego County,2020-02,46
92003,Bonsall,San Diego County,2020-03,69
92003,Bonsall,San Diego County,2020-07,68
92003,Bonsall,San Diego County,2021-12,93
92003,Bonsall,San Diego County,2022-03,98
92003,Bonsall,San Diego County,2022-07,94
92003,Bonsall,San Diego County,2022-09,81
92003,Bonsall,San Diego County,2022-12,57
92003,Bonsall,San Diego County,2025-01,49
92003,Bonsall,San Diego County,2025-07,54
92004,Borrego Springs,San Diego County,2012-03,38
92004,Borrego Springs,San Diego County,2014-01,40
92004,Borrego Springs,San Diego County,2014-06,35
92004,Borrego Springs,San Diego County,2015-05,33
92004,Borrego Springs,San Diego County,2015-12,52
92004,Borrego Springs,San Diego County,2017-04,35
92004,Borrego Springs,San Diego County,2017-11,28
92004,Borrego Springs,San Diego County,2018-10,6
92004,Borrego Springs,San Diego County,2023-01,53
92004,Borrego Springs,San Diego County,2023-04,58
92004,Borrego Springs,San Diego County,2024-03,67
92004,Borrego Springs,San Diego County,2024-12,60
92004,Borrego Springs,San Diego County,2025-01,57
92004,Borrego Springs,San Diego County,2025-03,62
92007,Cardiff By The Sea,San Diego County,2012-08,52
92007,Cardiff By The Sea,San Diego County,2013-02,55
92007,Cardiff By The Sea,San Diego County,2014-10,70
92007,Cardiff By The Sea,San Diego County,2016-09,68
92007,Cardiff By The Sea,San Diego County,2017-01,63
92007,Cardiff By The Sea,San Diego County,2018-10,62
92007,Cardiff By The Sea,San Diego County,2019-04,77
92007,Cardiff By The Sea,San Diego County,2019-06,74
92007,Cardiff By The Sea,San Diego County,2019-08,66
92007,Cardiff By The Sea,San Diego County,2019-11,58
92007,Cardiff By The Sea,San Diego County,2020-08,70
92007,Cardiff By The Sea,San Diego County,2021-04,89
92007,Cardiff By The Sea,San Diego County,2022-01,85
92007,Cardiff By The Sea,San Diego County,2022-11,76
92007,Cardiff By The Sea,San Diego County,2024-02,72
92007,Cardiff By The Sea,San Diego County,2025-06,74
92008,Carlsbad,San Diego County,2012-06,59
92008,Carlsbad,San Diego County,2012-10,62
92008,Carlsbad,San Diego County,2013-02,65
92008,Carlsbad,San Diego County,2014-02,61
92008,Carlsbad,San Diego County,2014-03,63
92008,Carlsbad,San Diego County,2014-10,56
92008,Carlsbad,San Diego County,2016-06,65
92008,Carlsbad,San Diego County,2017-08,70
92008,Carlsbad,San Diego County,2019-06,71
92008,Carlsbad,San Diego County,2020-01,73
92008,Carlsbad,San Diego County,2020-08,79
92008,Carlsbad,San Diego County,2020-11,78
92008,Carlsbad,San Diego County,2021-01,79
92008,Carlsbad,San Diego County,2021-03,83
92008,Carlsbad,San Diego County,2021-04,88
92008,Carlsbad,San Diego County,2022-09,76
92008,Carlsbad,San Diego County,2022-11,74
92008,Carlsbad,San Diego County,2023-10,84
92008,Carlsbad,San Diego County,2025-10,60
92008,Carlsbad,San Diego County,2025-12,48
92009,Carlsbad,San Diego County,2012-04,51
92009,Carlsbad,San Diego County,2012-05,57
92009,Carlsbad,San Diego County,2012-06,60
92009,Carlsbad,San Diego County,2016-02,66
92009,Carlsbad,San Diego County,2016-07,77
92009,Carlsbad,San Diego County,2017-06,81
92009,Carlsbad,San Diego County,2019-05,84
92009,Carlsbad,San Diego County,2019-07,78
92009,Carlsbad,San Diego County,2020-01,71
92009,Carlsbad,San Diego County,2021-10,100
92009,Carlsbad,San Diego County,2022-04,100
92009,Carlsbad,San Diego County,2022-12,71
92009,Carlsbad,San Diego County,2023-12,71
92009,Carlsbad,San Diego County,2024-12,70
92009,Carlsbad,San Diego County,2025-02,76
92010,Carlsbad,San Diego County,2013-12,74
92010,Carlsbad,San Diego County,2014-04,72
92010,Carlsbad,San Diego County,2014-10,62
92010,Carlsbad,San Diego County,2015-07,74
92010,Carlsbad,San Diego County,2016-04,81
92010,Carlsbad,San Diego County,2018-06,79
92010,Carlsbad,San Diego County,2018-07,75
92010,Carlsbad,San Diego County,2019-10,71
92010,Carlsbad,San Diego County,2020-03,74
92010,Carlsbad,San Diego County,2020-05,88
92010,Carlsbad,San Diego County,2021-04,100
92010,Carlsbad,San Diego County,2023-05,100
92010,Carlsbad,San Diego County,2023-12,86
92011,Carlsbad,San Diego County,2014-06,69
92011,Carlsbad,San Diego County,2014-09,66
92011,Carlsbad,San Diego County,2015-09,64
92011,Carlsbad,San Diego County,2016-08,70
92011,Carlsbad,San Diego County,2017-04,75
92011,Carlsbad,San Diego County,2017-07,77
92011,Carlsbad,San Diego County,2021-03,100
92011,Carlsbad,San Diego County,2021-06,100
92011,Carlsbad,San Diego County,2022-04,100
92011,Carlsbad,San Diego County,2025-06,79
92013,Carlsbad,San Diego County,2017-11,21
92013,Carlsbad,San Diego County,2019-04,100
92013,Carlsbad,San Diego County,2019-09,55
92013,Carlsbad,San Diego County,2020-05,100
92014,Del Mar,San Diego County,2012-11,48
92014,Del Mar,San Diego County,2014-05,53
92014,Del Mar,San Diego County,2015-09,71
92014,Del Mar,San Diego County,2015-10,68
92014,Del Mar,San Diego County,2015-11,63
92014,Del Mar,San Diego County,2016-03,59
92014,Del Mar,San Diego County,2016-05,63
92014,Del Mar,San Diego County,2016-09,66
92014,Del Mar,San Diego County,2017-09,65
92014,Del Mar,San Diego County,2017-10,55
92014,Del Mar,San Diego County,2018-07,58
92014,Del Mar,San Diego County,2018-11,48
92014,Del Mar,San Diego County,2019-10,48
92014,Del Mar,San Diego County,2021-06,96
92014,Del Mar,San Diego County,2022-10,77
92014,Del Mar,San Diego County,2022-12,72
92014,Del Mar,San Diego County,2023-04,84
92014,Del Mar,San Diego County,2024-02,67
92014,Del Mar,San Diego County,2024-04,71
92014,Del Mar,San Diego County,2024-07,72
92014,Del Mar,San Diego County,2024-12,63
92018,Carlsbad,San Diego County,2016-04,44
92018,Carlsbad,San Diego County,2016-05,44
92019,El Cajon,San Diego County,2012-04,64
92019,El Cajon,San Diego County,2012-05,70
92019,El Cajon,San Diego County,2013-07,85
92019,El Cajon,San Diego County,2013-10,71
92019,El Cajon,San Diego County,2014-01,60
92019,El Cajon,San Diego County,2016-04,77
92019,El Cajon,San Diego County,2016-11,72
92019,El Cajon,San Diego County,2018-11,64
92019,El Cajon,San Diego County,2019-05,80
92019,El Cajon,San Diego County,2022-02,100
92019,El Cajon,San Diego County,2023-08,99
92019,El Cajon,San Diego County,2024-07,86
92019,El Cajon,San Diego County,2025-01,74
92019,El Cajon,San Diego County,2025-03,75
92019,El Cajon,San Diego County,2025-05,77
92020,El Cajon,San Diego County,2012-06,76
92020,El Cajon,San Diego County,2012-07,74
92020,El Cajon,San Diego County,2013-04,80
92020,El Cajon,San Diego County,2013-06,89
92020,El Cajon,San Diego County,2013-08,86
92020,El Cajon,San Diego County,2014-08,74
92020,El Cajon,San Diego County,2014-12,62
92020,El Cajon,San Diego County,2015-05,77
92020,El Cajon,San Diego County,2016-01,71
92020,El Cajon,San Diego County,2016-04,72
92020,El Cajon,San Diego County,2016-05,75
92020,El Cajon,San Diego County,2016-12,72
92020,El Cajon,San Diego County,2017-08,84
92020,El Cajon,San Diego County,2018-03,77
92020,El Cajon,San Diego County,2018-04,79
92020,El Cajon,San Diego County,2018-08,80
92020,El Cajon,San Diego County,2019-06,84
92020,El Cajon,San Diego County,2022-02,100
92020,El Cajon,San Diego County,2024-07,86
92020,El Cajon,San Diego County,2025-01,78
92020,El Cajon,San Diego County,2025-04,85
92021,El Cajon,San Diego County,2014-11,66
92021,El Cajon,San Diego County,2015-09,80
92021,El Cajon,San Diego County,2015-12,74
92021,El Cajon,San Diego County,2017-02,74
92021,El Cajon,San Diego County,2017-03,77
92021,El Cajon,San Diego County,2017-09,82
92021,El Cajon,San Diego County,2018-06,83
92021,El Cajon,San Diego County,2018-10,70
92021,El Cajon,San Diego County,2020-11,97
92021,El Cajon,San Diego County,2021-01,99
92021,El Cajon,San Diego County,2021-05,100
92021,El Cajon,San Diego County,2022-12,78
92021,El Cajon,San Diego County,2025-07,80
92021,El Cajon,San Diego County,2025-10,69
92022,El Cajon,San Diego County,2012-07,74
92022,El Cajon,San Diego County,2013-02,19
92022,El Cajon,San Diego County,2013-07,77
92022,El Cajon,San Diego County,2014-06,55
92022,El Cajon,San Diego County,2016-06,82
92022,El Cajon,San Diego County,2017-06,87
92022,El Cajon,San Diego County,2017-07,82
92022,El Cajon,San Diego County,2018-01,28
92022,El Cajon,San Diego County,2018-02,4
92022,El Cajon,San Diego County,2018-04,14
92022,El Cajon,San Diego County,2018-08,56
92022,El Cajon,San Diego County,2021-09,81
92022,El Cajon,San Diego County,2021-10,98
92022,El Cajon,San Diego County,2022-05,100
92022,El Cajon,San Diego County,2024-03,76
92022,El Cajon,San Diego County,2024-09,31
92023,Encinitas,San Diego County,2014-07,82
92023,Encinitas,San Diego County,2016-08,88
92023,Encinitas,San Diego County,2016-11,53
92023,Encinitas,San Diego County,2016-12,71
92023,Encinitas,San Diego County,2017-03,71
92023,Encinitas,San Diego County,2017-12,57
92023,Encinitas,San Diego County,2018-08,70
92023,Encinitas,San Diego County,2022-08,100
92023,Encinitas,San Diego County,2023-05,98
92023,Encinitas,San Diego County,2024-07,59
92023,Encinitas,San Diego County,2024-08,59
92023,Encinitas,San Diego County,2025-05,99
92024,Encinitas,San Diego County,2013-12,63
92024,Encinitas,San Diego County,2014-04,72
92024,Encinitas,San Diego County,2014-11,64
92024,Encinitas,San Diego County,2014-12,62
92024,Encinitas,San Diego County,2015-05,73
92024,Encinitas,San Diego County,2016-07,79
92024,Encinitas,San Diego County,2016-08,76
92024,Encinitas,San Diego County,2017-08,78
92024,Encinitas,San Diego County,2018-10,71
92024,Encinitas,San Diego County,2021-07,100
92024,Encinitas,San Diego County,2021-08,100
92024,Encinitas,San Diego County,2022-02,100
92024,Encinitas,San Diego County,2023-03,78
92024,Encinitas,San Diego County,2023-05,95
92024,Encinitas,San Diego County,2024-11,71
92025,Escondido,San Diego County,2012-07,66
92025,Escondido,San Diego County,2013-09,70
92025,Escondido,San Diego County,2014-02,67
92025,Escondido,San Diego County,2015-04,58
92025,Escondido,San Diego County,2016-05,75
92025,Escondido,San Diego County,2017-06,77
92025,Escondido,San Diego County,2018-01,67
92025,Escondido,San Diego County,2018-04,76
92025,Escondido,San Diego County,2018-11,65
92025,Escondido,San Diego County,2019-01,64
92025,Escondido,San Diego County,2019-07,78
92025,Escondido,San Diego County,2020-01,72
92025,Escondido,San Diego County,2020-05,81
92025,Escondido,San Diego County,2020-10,93
92025,Escondido,San Diego County,2021-03,100
92025,Escondido,San Diego County,2021-08,100
92025,Escondido,San Diego County,2024-04,84
92025,Escondido,San Diego County,2025-08,67
92025,Escondido,San Diego County,2025-09,68
92026,Escondido,San Diego County,2012-12,75
92026,Escondido,San Diego County,2013-10,76
92026,Escondido,San Diego County,2014-04,70
92026,Escondido,San Diego County,2014-11,63
92026,Escondido,San Diego County,2017-02,66
92026,Escondido,San Diego County,2017-10,74
92026,Escondido,San Diego County,2018-03,77
92026,Escondido,San Diego County,2019-02,61
92026,Escondido,San Diego County,2020-06,90
92026,Escondido,San Diego County,2022-03,100
92026,Escondido,San Diego County,2023-07,100
92026,Escondido,San Diego County,2023-11,93
92026,Escondido,San Diego County,2023-12,88
92026,Escondido,San Diego County,2024-06,87
92026,Escondido,San Diego County,2025-01,70
92026,Escondido,San Diego County,2025-12,68
92027,Escondido,San Diego County,2012-06,71
92027,Escondido,San Diego County,2013-01,79
92027,Escondido,San Diego County,2013-02,75
92027,Escondido,San Diego County,2013-10,76
92027,Escondido,San Diego County,2014-03,70
92027,Escondido,San Diego County,2015-01,54
92027,Escondido,San Diego County,2015-07,75
92027,Escondido,San Diego County,2016-03,76
92027,Escondido,San Diego County,2016-12,67
92027,Escondido,San Diego County,2017-03,79
92027,Escondido,San Diego County,2017-07,78
92027,Escondido,San Diego County,2017-12,73
92027,Escondido,San Diego County,2021-04,100
92027,Escondido,San Diego County,2021-06,100
92027,Escondido,San Diego County,2022-04,100
92027,Escondido,San Diego County,2022-05,100
92027,Escondido,San Diego County,2022-12,73
92027,Escondido,San Diego County,2023-05,100
92027,Escondido,San Diego County,2023-12,87
92027,Escondido,San Diego County,2024-02,84
92027,Escondido,San Diego County,2024-07,91
92027,Escondido,San Diego County,2024-09,87
92028,Fallbrook,San Diego County,2015-09,56
92028,Fallbrook,San Diego County,2015-12,50
92028,Fallbrook,San Diego County,2016-10,60
92028,Fallbrook,San Diego County,2017-09,66
92028,Fallbrook,San Diego County,2018-11,57
92028,Fallbrook,San Diego County,2019-02,50
92028,Fallbrook,San Diego County,2021-03,100
92028,Fallbrook,San Diego County,2021-09,100
92028,Fallbrook,San Diego County,2023-02,67
92028,Fallbrook,San Diego County,2023-06,91
92028,Fallbrook,San Diego County,2024-03,79
92028,Fallbrook,San Diego County,2024-04,85
92028,Fallbrook,San Diego County,2024-05,87
92028,Fallbrook,San Diego County,2025-08,66
92028,Fallbrook,San Diego County,2025-12,65
92029,Escondido,San Diego County,2013-09,72
92029,Escondido,San Diego County,2014-05,65
92029,Escondido,San Diego County,2016-02,61
92029,Escondido,San Diego County,2017-04,78
92029,Escondido,San Diego County,2018-03,75
92029,Escondido,San Diego County,2019-04,55
92029,Escondido,San Diego County,2020-02,53
92029,Escondido,San Diego County,2021-01,97
92029,Escondido,San Diego County,2022-06,100
92029,Escondido,San Diego County,2022-08,81
92029,Escondido,San Diego County,2023-09,90
92029,Escondido,San Diego County,2025-02,61
92036,Julian,San Diego County,2014-06,33
92036,Julian,San Diego County,2014-08,49
92036,Julian,San Diego County,2014-12,44
92036,Julian,San Diego County,2015-05,45
92036,Julian,San Diego County,2015-08,32
92036,Julian,San Diego County,2018-03,72
92036,Julian,San Diego County,2018-05,54
92036,Julian,San Diego County,2018-10,49
92036,Julian,San Diego County,2019-04,32
92036,Julian,San Diego County,2019-05,28
92036,Julian,San Diego County,2021-06,73
92036,Julian,San Diego County,2022-10,57
92036,Julian,San Diego County,2023-02,61
92036,Julian,San Diego County,2023-08,77
92036,Julian,San Diego County,2023-09,72
92037,La Jolla,San Diego County,2012-08,54
92037,La Jolla,San Diego County,2012-11,58
92037,La Jolla,San Diego County,2014-08,66
92037,La Jolla,San Diego County,2014-12,54
92037,La Jolla,San Diego County,2015-09,64
92037,La Jolla,San Diego County,2016-04,59
92037,La Jolla,San Diego County,2017-07,73
92037,La Jolla,San Diego County,2017-10,61
92037,La Jolla,San Diego County,2018-11,68
92037,La Jolla,San Diego County,2019-02,52
92037,La Jolla,San Diego County,2019-05,64
92037,La Jolla,San Diego County,2021-02,72
92037,La Jolla,San Diego County,2021-11,97
92037,La Jolla,San Diego County,2022-05,97
92037,La Jolla,San Diego County,2022-09,76
92037,La Jolla,San Diego County,2023-07,84
92037,La Jolla,San Diego County,2023-08,82
92040,Lakeside,San Diego County,2013-08,84
92040,Lakeside,San Diego County,2013-10,80
92040,Lakeside,San Diego County,2014-10,70
92040,Lakeside,San Diego County,2014-11,67
92040,Lakeside,San Diego County,2015-02,67
92040,Lakeside,San Diego County,2015-03,68
92040,Lakeside,San Diego County,2015-07,81
92040,Lakeside,San Diego County,2015-08,80
92040,Lakeside,San Diego County,2017-06,81
92040,Lakeside,San Diego County,2020-11,97
92040,Lakeside,San Diego County,2021-02,100
92040,Lakeside,San Diego County,2023-02,90
92040,Lakeside,San Diego County,2024-03,91
92040,Lakeside,San Diego County,2025-06,85
92046,Escondido,San Diego County,2013-05,75
92046,Escondido,San Diego County,2014-03,52
92046,Escondido,San Diego County,2015-01,64
92046,Escondido,San Diego County,2015-12,85
92046,Escondido,San Diego County,2016-02,60
92046,Escondido,San Diego County,2016-07,44
92046,Escondido,San Diego County,2016-10,61
92046,Escondido,San Diego County,2017-02,65
92046,Escondido,San Diego County,2017-03,74
92046,Escondido,San Diego County,2018-04,87
92046,Escondido,San Diego County,2018-08,64
92046,Escondido,San Diego County,2018-12,38
92046,Escondido,San Diego County,2020-04,94
92046,Escondido,San Diego County,2020-05,74
92046,Escondido,San Diego County,2020-08,61
92046,Escondido,San Diego County,2021-05,92
92046,Escondido,San Diego County,2021-08,77
92046,Escondido,San Diego County,2021-11,82
92046,Escondido,San Diego County,2022-02,100
92046,Escondido,San Diego County,2022-08,100
92046,Escondido,San Diego County,2023-04,42
92046,Escondido,San Diego County,2024-08,54
92046,Escondido,San Diego County,2024-09,50
92046,Escondido,San Diego County,2024-12,72
92054,Oceanside,San Diego County,2012-07,64
92054,Oceanside,San Diego County,2013-07,69
92054,Oceanside,San Diego County,2013-11,57
92054,Oceanside,San Diego County,2015-04,68
92054,Oceanside,San Diego County,2016-04,68
92054,Oceanside,San Diego County,2017-04,69
92054,Oceanside,San Diego County,2017-06,73
92054,Oceanside,San Diego County,2017-10,61
92054,Oceanside,San Diego County,2018-01,68
92054,Oceanside,San Diego County,2018-12,64
92054,Oceanside,San Diego County,2019-03,68
92054,Oceanside,San Diego County,2019-07,71
92054,Oceanside,San Diego County,2020-07,75
92054,Oceanside,San Diego County,2021-02,86
92054,Oceanside,San Diego County,2021-11,92
92054,Oceanside,San Diego County,2024-01,79
92054,Oceanside,San Diego County,2024-02,75
92054,Oceanside,San Diego County,2025-03,72
92056,Oceanside,San Diego County,2012-10,70
92056,Oceanside,San Diego County,2014-02,72
92056,Oceanside,San Diego County,2014-08,73
92056,Oceanside,San Diego County,2015-04,73
92056,Oceanside,San Diego County,2016-03,75
92056,Oceanside,San Diego County,2016-11,80
92056,Oceanside,San Diego County,2017-08,82
92056,Oceanside,San Diego County,2018-01,73
92056,Oceanside,San Diego County,2019-11,79
92056,Oceanside,San Diego County,2020-03,85
92056,Oceanside,San Diego County,2020-05,88
92056,Oceanside,San Diego County,2020-12,100
92056,Oceanside,San Diego County,2022-05,100
92057,Oceanside,San Diego County,2015-03,60
92057,Oceanside,San Diego County,2016-07,82
92057,Oceanside,San Diego County,2016-08,82
92057,Oceanside,San Diego County,2017-04,85
92057,Oceanside,San Diego County,2018-12,68
92057,Oceanside,San Diego County,2020-11,100
92057,Oceanside,San Diego County,2021-03,100
92057,Oceanside,San Diego County,2021-07,100
92057,Oceanside,San Diego County,2022-03,100
92057,Oceanside,San Diego County,2022-07,100
92057,Oceanside,San Diego County,2022-09,85
92057,Oceanside,San Diego County,2024-05,90
92057,Oceanside,San Diego County,2025-08,72
92058,Oceanside,San Diego County,2012-10,76
92058,Oceanside,San Diego County,2013-07,85
92058,Oceanside,San Diego County,2015-04,80
92058,Oceanside,San Diego County,2015-06,72
92058,Oceanside,San Diego County,2015-09,69
92058,Oceanside,San Diego County,2015-10,71
92058,Oceanside,San Diego County,2016-06,82
92058,Oceanside,San Diego County,2016-10,76
92058,Oceanside,San Diego County,2017-02,78
92058,Oceanside,San Diego County,2017-03,81
92058,Oceanside,San Diego County,2017-10,77
92058,Oceanside,San Diego County,2018-05,78
92058,Oceanside,San Diego County,2018-08,73
92058,Oceanside,San Diego County,2020-05,84
92058,Oceanside,San Diego County,2021-05,100
92058,Oceanside,San Diego County,2022-03,100
92058,Oceanside,San Diego County,2023-06,94
92058,Oceanside,San Diego County,2024-04,90
92058,Oceanside,San Diego County,2024-08,96
92058,Oceanside,San Diego County,2025-06,74
92059,Pala,San Diego County,2012-03,54
92059,Pala,San Diego County,2014-10,45
92059,Pala,San Diego County,2015-04,24
92059,Pala,San Diego County,2015-08,33
92059,Pala,San Diego County,2022-01,65
92060,Palomar Mountain,San Diego County,2012-06,0
92060,Palomar Mountain,San Diego County,2012-10,0
92060,Palomar Mountain,San Diego County,2013-02,26
92060,Palomar Mountain,San Diego County,2014-10,0
92060,Palomar Mountain,San Diego County,2015-07,75
92060,Palomar Mountain,San Diego County,2016-02,0
92060,Palomar Mountain,San Diego County,2016-03,9
92060,Palomar Mountain,San Diego County,2016-04,0
92060,Palomar Mountain,San Diego County,2016-05,0
92060,Palomar Mountain,San Diego County,2016-08,33
92060,Palomar Mountain,San Diego County,2016-11,42
92060,Palomar Mountain,San Diego County,2017-04,7
92060,Palomar Mountain,San Diego County,2017-09,47
92060,Palomar Mountain,San Diego County,2017-11,31
92060,Palomar Mountain,San Diego County,2018-01,0
92060,Palomar Mountain,San Diego County,2019-07,45
92060,Palomar Mountain,San Diego County,2020-09,57
92060,Palomar Mountain,San Diego County,2021-01,85
92060,Palomar Mountain,San Diego County,2021-03,77
92060,Palomar Mountain,San Diego County,2021-06,72
92060,Palomar Mountain,San Diego County,2021-08,97
92060,Palomar Mountain,San Diego County,2022-07,47
92060,Palomar Mountain,San Diego County,2022-09,32
92060,Palomar Mountain,San Diego County,2024-01,53
92060,Palomar Mountain,San Diego County,2024-03,66
92060,Palomar Mountain,San Diego County,2025-03,65
92060,Palomar Mountain,San Diego County,2025-07,75
92061,Pauma Valley,San Diego County,2012-11,19
92061,Pauma Valley,San Diego County,2014-10,2
92061,Pauma Valley,San Diego County,2015-03,0
92061,Pauma Valley,San Diego County,2015-11,45
92061,Pauma Valley,San Diego County,2017-11,24
92061,Pauma Valley,San Diego County,2018-07,54
92061,Pauma Valley,San Diego County,2019-02,0
92061,Pauma Valley,San Diego County,2019-10,0
92061,Pauma Valley,San Diego County,2020-03,41
92061,Pauma Valley,San Diego County,2020-06,31
92061,Pauma Valley,San Diego County,2021-05,89
92061,Pauma Valley,San Diego County,2021-07,96
92061,Pauma Valley,San Diego County,2023-05,45
92061,Pauma Valley,San Diego County,2023-12,23
92064,Poway,San Diego County,2012-11,69
92064,Poway,San Diego County,2013-02,79
92064,Poway,San Diego County,2013-04,87
92064,Poway,San Diego County,2013-10,76
92064,Poway,San Diego County,2014-04,75
92064,Poway,San Diego County,2014-09,70
92064,Poway,San Diego County,2015-06,80
92064,Poway,San Diego County,2015-12,66
92064,Poway,San Diego County,2016-04,75
92064,Poway,San Diego County,2016-08,77
92064,Poway,San Diego County,2016-10,74
92064,Poway,San Diego County,2017-02,76
92064,Poway,San Diego County,2017-04,89
92064,Poway,San Diego County,2017-07,92
92064,Poway,San Diego County,2018-03,87
92064,Poway,San Diego County,2018-10,69
92064,Poway,San Diego County,2020-09,94
92064,Poway,San Diego County,2021-02,99
92064,Poway,San Diego County,2021-09,100
92064,Poway,San Diego County,2021-12,100
92064,Poway,San Diego County,2022-03,100
92064,Poway,San Diego County,2022-11,73
92064,Poway,San Diego County,2023-02,76
92064,Poway,San Diego County,2024-11,74
92064,Poway,San Diego County,2025-03,78
92064,Poway,San Diego County,2025-07,73
92065,Ramona,San Diego County,2012-03,58
92065,Ramona,San Diego County,2013-08,80
92065,Ramona,San Diego County,2014-02,57
92065,Ramona,San Diego County,2014-05,68
92065,Ramona,San Diego County,2016-03,60
92065,Ramona,San Diego County,2016-11,65
92065,Ramona,San Diego County,2017-01,62
92065,Ramona,San Diego County,2020-01,67
92065,Ramona,San Diego County,2020-02,68
92065,Ramona,San Diego County,2020-06,80
92065,Ramona,San Diego County,2021-06,100
92065,Ramona,San Diego County,2021-07,100
92065,Ramona,San Diego County,2021-10,94
92065,Ramona,San Diego County,2022-03,100
92065,Ramona,San Diego County,2023-03,79
92065,Ramona,San Diego County,2024-06,91
92065,Ramona,San Diego County,2024-09,75
92066,Ranchita,San Diego County,2012-05,48
92066,Ranchita,San Diego County,2016-05,99
92066,Ranchita,San Diego County,2017-03,22
92066,Ranchita,San Diego County,2018-04,47
92066,Ranchita,San Diego County,2018-08,46
92066,Ranchita,San Diego County,2018-10,59
92066,Ranchita,San Diego County,2019-11,20
92066,Ranchita,San Diego County,2021-10,14
92066,Ranchita,San Diego County,2022-05,39
92066,Ranchita,San Diego County,2024-05,0
92066,Ranchita,San Diego County,2025-07,37
92066,Ranchita,San Diego County,2025-09,27
92067,Rancho Santa Fe,San Diego County,2012-09,36
92067,Rancho Santa Fe,San Diego County,2014-01,0
92067,Rancho Santa Fe,San Diego County,2014-05,34
92067,Rancho Santa Fe,San Diego County,2015-03,16
92067,Rancho Santa Fe,San Diego County,2016-08,35
92067,Rancho Santa Fe,San Diego County,2017-10,14
92067,Rancho Santa Fe,San Diego County,2018-01,39
92067,Rancho Santa Fe,San Diego County,2018-03,14
92067,Rancho Santa Fe,San Diego County,2018-09,21
92067,Rancho Santa Fe,San Diego County,2019-02,29
92067,Rancho Santa Fe,San Diego County,2022-01,71
92067,Rancho Santa Fe,San Diego County,2023-06,62
92067,Rancho Santa Fe,San Diego County,2025-06,54
92067,Rancho Santa Fe,San Diego County,2025-10,44
92068,San Luis Rey,San Diego County,2014-09,53
92068,San Luis Rey,San Diego County,2014-12,48
92068,San Luis Rey,San Diego County,2015-07,54
92068,San Luis Rey,San Diego County,2015-09,60
92068,San Luis Rey,San Diego County,2015-10,58
92068,San Luis Rey,San Diego County,2015-12,51
92068,San Luis Rey,San Diego County,2016-05,71
92068,San Luis Rey,San Diego County,2017-04,68
92068,San Luis Rey,San Diego County,2017-11,68
92068,San Luis Rey,San Diego County,2018-04,72
92068,San Luis Rey,San Diego County,2018-07,68
92068,San Luis Rey,San Diego County,2018-11,67
92068,San Luis Rey,San Diego County,2019-03,56
92068,San Luis Rey,San Diego County,2020-01,64
92068,San Luis Rey,San Diego County,2020-10,95
92068,San Luis Rey,San Diego County,2021-05,100
92068,San Luis Rey,San Diego County,2021-10,99
92068,San Luis Rey,San Diego County,2022-10,55
92068,San Luis Rey,San Diego County,2023-04,81
92068,San Luis Rey,San Diego County,2023-10,83
92068,San Luis Rey,San Diego County,2024-01,75
92068,San Luis Rey,San Diego County,2025-08,68
92069,San Marcos,San Diego County,2012-07,75
92069,San Marcos,San Diego County,2013-01,76
92069,San Marcos,San Diego County,2013-08,87
92069,San Marcos,San Diego County,2017-02,78
92069,San Marcos,San Diego County,2018-04,84
92069,San Marcos,San Diego County,2018-06,80
92069,San Marcos,San Diego County,2019-06,80
92069,San Marcos,San Diego County,2019-11,76
92069,San Marcos,San Diego County,2019-12,75
92069,San Marcos,San Diego County,2020-11,100
92069,San Marcos,San Diego County,2021-03,100
92069,San Marcos,San Diego County,2021-05,100
92069,San Marcos,San Diego County,2021-06,100
92069,San Marcos,San Diego County,2022-04,100
92069,San Marcos,San Diego County,2022-06,100
92069,San Marcos,San Diego County,2023-12,85
92069,San Marcos,San Diego County,2024-06,95
92069,San Marcos,San Diego County,2025-08,73
92070,Santa Ysabel,San Diego County,2013-01,0
92070,Santa Ysabel,San Diego County,2015-03,0
92070,Santa Ysabel,San Diego County,2016-07,100
92070,Santa Ysabel,San Diego County,2017-09,78
92070,Santa Ysabel,San Diego County,2018-04,12
92070,Santa Ysabel,San Diego County,2020-03,7
92070,Santa Ysabel,San Diego County,2021-12,79
92070,Santa Ysabel,San Diego County,2022-02,64
92070,Santa Ysabel,San Diego County,2022-12,92
92070,Santa Ysabel,San Diego County,2024-09,83
92070,Santa Ysabel,San Diego County,2024-12,53
92070,Santa Ysabel,San Diego County,2025-07,62
92071,Santee,San Diego County,2012-08,82
92071,Santee,San Diego County,2014-06,79
92071,Santee,San Diego County,2015-02,72
92071,Santee,San Diego County,2015-06,88
92071,Santee,San Diego County,2016-01,78
92071,Santee,San Diego County,2016-09,83
92071,Santee,San Diego County,2018-08,79
92071,Santee,San Diego County,2020-03,99
92071,Santee,San Diego County,2020-06,99
92071,Santee,San Diego County,2020-10,100
92071,Santee,San Diego County,2022-04,100
92071,Santee,San Diego County,2022-06,100
92071,Santee,San Diego County,2023-03,94
92071,Santee,San Diego County,2023-11,100
92071,Santee,San Diego County,2024-07,95
92071,Santee,San Diego County,2024-12,81
92072,Santee,San Diego County,2016-06,79
92072,Santee,San Diego County,2018-05,50
92072,Santee,San Diego County,2020-10,53
92072,Santee,San Diego County,2024-09,42
92075,Solana Beach,San Diego County,2012-04,30
92075,Solana Beach,San Diego County,2012-05,32
92075,Solana Beach,San Diego County,2012-06,45
92075,Solana Beach,San Diego County,2012-07,45
92075,Solana Beach,San Diego County,2012-08,55
92075,Solana Beach,San Diego County,2012-10,52
92075,Solana Beach,San Diego County,2013-04,63
92075,Solana Beach,San Diego County,2015-09,71
92075,Solana Beach,San Diego County,2016-06,77
92075,Solana Beach,San Diego County,2016-10,66
92075,Solana Beach,San Diego County,2017-10,67
92075,Solana Beach,San Diego County,2018-09,69
92075,Solana Beach,San Diego County,2019-04,66
92075,Solana Beach,San Diego County,2019-07,73
92075,Solana Beach,San Diego County,2019-09,66
92075,Solana Beach,San Diego County,2020-01,56
92075,Solana Beach,San Diego County,2020-09,59
92075,Solana Beach,San Diego County,2021-06,86
92075,Solana Beach,San Diego County,2021-11,83
92075,Solana Beach,San Diego County,2023-10,68
92075,Solana Beach,San Diego County,2024-02,64
92075,Solana Beach,San Diego County,2025-01,55
92075,Solana Beach,San Diego County,2025-06,65
92078,San Marcos,San Diego County,2012-04,63
92078,San Marcos,San Diego County,2012-09,71
92078,San Marcos,San Diego County,2013-06,88
92078,San Marcos,San Diego County,2013-07,85
92078,San Marcos,San Diego County,2014-03,73
92078,San Marcos,San Diego County,2014-06,76
92078,San Marcos,San Diego County,2016-07,85
92078,San Marcos,San Diego County,2017-07,91
92078,San Marcos,San Diego County,2018-07,77
92078,San Marcos,San Diego County,2019-02,67
92078,San Marcos,San Diego County,2019-03,69
92078,San Marcos,San Diego County,2019-12,69
92078,San Marcos,San Diego County,2020-11,100
92078,San Marcos,San Diego County,2021-01,100
92078,San Marcos,San Diego County,2022-05,100
92078,San Marcos,San Diego County,2023-04,93
92078,San Marcos,San Diego County,2025-05,78
92078,San Marcos,San Diego County,2025-06,78
92078,San Marcos,San Diego County,2025-08,73
92081,Vista,San Diego County,2012-04,52
92081,Vista,San Diego County,2012-12,74
92081,Vista,San Diego County,2013-02,70
92081,Vista,San Diego County,2013-06,91
92081,Vista,San Diego County,2014-03,66
92081,Vista,San Diego County,2014-06,78
92081,Vista,San Diego County,2014-08,72
92081,Vista,San Diego County,2015-07,71
92081,Vista,San Diego County,2016-08,72
92081,Vista,San Diego County,2018-12,67
92081,Vista,San Diego County,2022-09,86
92081,Vista,San Diego County,2022-12,75
92081,Vista,San Diego County,2023-01,74
92081,Vista,San Diego County,2023-04,97
92081,Vista,San Diego County,2023-05,100
92081,Vista,San Diego County,2025-04,87
92081,Vista,San Diego County,2025-09,70
92082,Valley Center,San Diego County,2012-11,59
92082,Valley Center,San Diego County,2013-06,68
92082,Valley Center,San Diego County,2013-12,53
92082,Valley Center,San Diego County,2014-12,50
92082,Valley Center,San Diego County,2015-07,49
92082,Valley Center,San Diego County,2015-10,52
92082,Valley Center,San Diego County,2017-03,49
92082,Valley Center,San Diego County,2017-04,56
92082,Valley Center,San Diego County,2017-09,64
92082,Valley Center,San Diego County,2018-07,59
92082,Valley Center,San Diego County,2019-01,49
92082,Valley Center,San Diego County,2019-07,69
92082,Valley Center,San Diego County,2020-01,61
92082,Valley Center,San Diego County,2020-02,46
92082,Valley Center,San Diego County,2020-05,78
92082,Valley Center,San Diego County,2020-11,78
92082,Valley Center,San Diego County,2020-12,74
92082,Valley Center,San Diego County,2024-08,72
92082,Valley Center,San Diego County,2025-06,65
92083,Vista,San Diego County,2013-04,76
92083,Vista,San Diego County,2013-11,67
92083,Vista,San Diego County,2015-07,70
92083,Vista,San Diego County,2016-10,73
92083,Vista,San Diego County,2017-06,76
92083,Vista,San Diego County,2018-06,84
92083,Vista,San Diego County,2019-01,61
92083,Vista,San Diego County,2019-08,81
92083,Vista,San Diego County,2020-08,89
92083,Vista,San Diego County,2020-09,96
92083,Vista,San Diego County,2021-07,100
92083,Vista,San Diego County,2022-10,74
92083,Vista,San Diego County,2023-03,74
92083,Vista,San Diego County,2024-01,72
92083,Vista,San Diego County,2024-08,86
92084,Vista,San Diego County,2013-02,69
92084,Vista,San Diego County,2013-11,71
92084,Vista,San Diego County,2014-03,61
92084,Vista,San Diego County,2017-04,73
92084,Vista,San Diego County,2017-07,73
92084,Vista,San Diego County,2018-09,65
92084,Vista,San Diego County,2019-05,76
92084,Vista,San Diego County,2019-10,63
92084,Vista,San Diego County,2019-11,67
92084,Vista,San Diego County,2020-01,70
92084,Vista,San Diego County,2021-07,100
92084,Vista,San Diego County,2022-01,98
92084,Vista,San Diego County,2022-06,100
92084,Vista,San Diego County,2022-08,80
92084,Vista,San Diego County,2022-11,80
92084,Vista,San Diego County,2023-06,91
92084,Vista,San Diego County,2024-04,85
92084,Vista,San Diego County,2024-12,76
92084,Vista,San Diego County,2025-05,78
92084,Vista,San Diego County,2025-08,66
92086,Warner Springs,San Diego County,2012-11,26
92086,Warner Springs,San Diego County,2013-05,16
92086,Warner Springs,San Diego County,2014-04,0
92086,Warner Springs,San Diego County,2014-06,10
92086,Warner Springs,San Diego County,2015-01,0
92086,Warner Springs,San Diego County,2015-07,58
92086,Warner Springs,San Diego County,2015-09,19
92086,Warner Springs,San Diego County,2018-05,16
92086,Warner Springs,San Diego County,2018-12,38
92086,Warner Springs,San Diego County,2021-03,58
92086,Warner Springs,San Diego County,2021-09,92
92086,Warner Springs,San Diego County,2022-08,85
92086,Warner Springs,San Diego County,2023-06,64
92086,Warner Springs,San Diego County,2023-10,56
92086,Warner Springs,San Diego County,2024-07,84
92086,Warner Springs,San Diego County,2024-08,57
92086,Warner Springs,San Diego County,2024-10,33
92086,Warner Springs,San Diego County,2025-06,66
92088,Fallbrook,San Diego County,2014-04,58
92091,Rancho Santa Fe,San Diego County,2012-08,42
92091,Rancho Santa Fe,San Diego County,2012-11,3
92091,Rancho Santa Fe,San Diego County,2014-10,40
92091,Rancho Santa Fe,San Diego County,2016-01,28
92091,Rancho Santa Fe,San Diego County,2016-04,59
92091,Rancho Santa Fe,San Diego County,2016-10,40
92091,Rancho Santa Fe,San Diego County,2018-02,56
92091,Rancho Santa Fe,San Diego County,2019-12,40
92091,Rancho Santa Fe,San Diego County,2020-12,59
92091,Rancho Santa Fe,San Diego County,2021-09,90
92091,Rancho Santa Fe,San Diego County,2023-03,57
92091,Rancho Santa Fe,San Diego County,2024-04,74
92091,Rancho Santa Fe,San Diego County,2024-05,74
92091,Rancho Santa Fe,San Diego County,2024-11,63
92091,Rancho Santa Fe,San Diego County,2025-01,50
92091,Rancho Santa Fe,San Diego County,2025-02,68
92091,Rancho Santa Fe,San Diego County,2025-04,70
92101,San Diego,San Diego County,2012-06,72
92101,San Diego,San Diego County,2013-08,77
92101,San Diego,San Diego County,2016-09,73
92101,San Diego,San Diego County,2016-11,72
92101,San Diego,San Diego County,2017-11,68
92101,San Diego,San Diego County,2019-01,55
92101,San Diego,San Diego County,2019-10,56
92101,San Diego,San Diego County,2020-08,68
92101,San Diego,San Diego County,2020-12,69
92101,San Diego,San Diego County,2021-09,88
92101,San Diego,San Diego County,2022-04,100
92101,San Diego,San Diego County,2024-05,69
92101,San Diego,San Diego County,2024-08,67
92101,San Diego,San Diego County,2024-11,54
92101,San Diego,San Diego County,2024-12,53
92101,San Diego,San Diego County,2025-04,59
92102,San Diego,San Diego County,2014-01,70
92102,San Diego,San Diego County,2014-02,67
92102,San Diego,San Diego County,2015-01,61
92102,San Diego,San Diego County,2016-03,74
92102,San Diego,San Diego County,2017-08,76
92102,San Diego,San Diego County,2018-05,84
92102,San Diego,San Diego County,2018-10,75
92102,San Diego,San Diego County,2019-10,80
92102,San Diego,San Diego County,2020-05,87
92102,San Diego,San Diego County,2020-06,78
92102,San Diego,San Diego County,2020-10,85
92102,San Diego,San Diego County,2021-12,95
92102,San Diego,San Diego County,2022-02,89
92102,San Diego,San Diego County,2023-02,89
92102,San Diego,San Diego County,2024-07,88
92103,San Diego,San Diego County,2013-07,76
92103,San Diego,San Diego County,2014-03,65
92103,San Diego,San Diego County,2016-03,72
92103,San Diego,San Diego County,2016-09,65
92103,San Diego,San Diego County,2017-09,74
92103,San Diego,San Diego County,2020-07,74
92103,San Diego,San Diego County,2021-08,94
92103,San Diego,San Diego County,2021-09,92
92103,San Diego,San Diego County,2021-12,90
92103,San Diego,San Diego County,2023-09,93
92103,San Diego,San Diego County,2024-12,63
92103,San Diego,San Diego County,2025-01,63
92104,San Diego,San Diego County,2014-02,71
92104,San Diego,San Diego County,2015-05,84
92104,San Diego,San Diego County,2015-11,76
92104,San Diego,San Diego County,2016-01,78
92104,San Diego,San Diego County,2016-06,93
92104,San Diego,San Diego County,2016-07,89
92104,San Diego,San Diego County,2016-08,82
92104,San Diego,San Diego County,2016-10,76
92104,San Diego,San Diego County,2017-03,86
92104,San Diego,San Diego County,2019-07,75
92104,San Diego,San Diego County,2020-04,89
92104,San Diego,San Diego County,2021-05,99
92104,San Diego,San Diego County,2021-07,100
92104,San Diego,San Diego County,2021-08,99
92104,San Diego,San Diego County,2021-09,99
92104,San Diego,San Diego County,2021-10,98
92104,San Diego,San Diego County,2022-02,100
92104,San Diego,San Diego County,2022-04,100
92104,San Diego,San Diego County,2023-02,78
92104,San Diego,San Diego County,2023-09,100
92104,San Diego,San Diego County,2024-02,81
92104,San Diego,San Diego County,2025-03,86
92104,San Diego,San Diego County,2025-04,85
92104,San Diego,San Diego County,2025-08,74
92105,San Diego,San Diego County,2012-03,70
92105,San Diego,San Diego County,2012-11,78
92105,San Diego,San Diego County,2013-10,82
92105,San Diego,San Diego County,2015-05,73
92105,San Diego,San Diego County,2016-09,77
92105,San Diego,San Diego County,2018-03,76
92105,San Diego,San Diego County,2020-02,70
92105,San Diego,San Diego County,2021-06,100
92105,San Diego,San Diego County,2022-05,100
92105,San Diego,San Diego County,2022-09,83
92105,San Diego,San Diego County,2023-12,87
92105,San Diego,San Diego County,2024-04,91
92105,San Diego,San Diego County,2024-05,90
92106,San Diego,San Diego County,2012-09,63
92106,San Diego,San Diego County,2012-11,63
92106,San Diego,San Diego County,2013-02,70
92106,San Diego,San Diego County,2013-08,76
92106,San Diego,San Diego County,2014-04,69
92106,San Diego,San Diego County,2014-11,59
92106,San Diego,San Diego County,2017-02,46
92106,San Diego,San Diego County,2018-01,66
92106,San Diego,San Diego County,2018-09,73
92106,San Diego,San Diego County,2019-04,61
92106,San Diego,San Diego County,2019-05,65
92106,San Diego,San Diego County,2019-12,54
92106,San Diego,San Diego County,2020-09,85
92106,San Diego,San Diego County,2022-02,86
92106,San Diego,San Diego County,2022-09,86
92106,San Diego,San Diego County,2023-03,68
92106,San Diego,San Diego County,2024-03,69
92106,San Diego,San Diego County,2024-10,70
92106,San Diego,San Diego County,2025-02,65
92106,San Diego,San Diego County,2025-08,67
92107,San Diego,San Diego County,2012-07,65
92107,San Diego,San Diego County,2014-10,63
92107,San Diego,San Diego County,2016-04,82
92107,San Diego,San Diego County,2016-09,81
92107,San Diego,San Diego County,2017-02,77
92107,San Diego,San Diego County,2017-08,75
92107,San Diego,San Diego County,2017-10,70
92107,San Diego,San Diego County,2018-08,82
92107,San Diego,San Diego County,2019-08,78
92107,San Diego,San Diego County,2020-06,79
92107,San Diego,San Diego County,2022-02,100
92107,San Diego,San Diego County,2022-03,100
92107,San Diego,San Diego County,2022-05,100
92107,San Diego,San Diego County,2023-03,82
92107,San Diego,San Diego County,2023-08,96
92107,San Diego,San Diego County,2023-12,71
92107,San Diego,San Diego County,2024-03,69
92108,San Diego,San Diego County,2012-03,60
92108,San Diego,San Diego County,2012-11,84
92108,San Diego,San Diego County,2013-04,93
92108,San Diego,San Diego County,2014-09,69
92108,San Diego,San Diego County,2015-04,69
92108,San Diego,San Diego County,2016-04,86
92108,San Diego,San Diego County,2018-01,83
92108,San Diego,San Diego County,2018-04,89
92108,San Diego,San Diego County,2018-12,62
92108,San Diego,San Diego County,2019-05,77
92108,San Diego,San Diego County,2019-06,76
92108,San Diego,San Diego County,2021-04,100
92108,San Diego,San Diego County,2021-05,100
92108,San Diego,San Diego County,2021-08,100
92108,San Diego,San Diego County,2021-09,100
92108,San Diego,San Diego County,2023-04,88
92108,San Diego,San Diego County,2023-10,96
92108,San Diego,San Diego County,2024-08,78
92108,San Diego,San Diego County,2025-07,63
92109,San Diego,San Diego County,2012-12,63
92109,San Diego,San Diego County,2014-09,67
92109,San Diego,San Diego County,2014-10,62
92109,San Diego,San Diego County,2017-01,67
92109,San Diego,San Diego County,2017-05,80
92109,San Diego,San Diego County,2018-06,80
92109,San Diego,San Diego County,2018-08,74
92109,San Diego,San Diego County,2021-07,98
92109,San Diego,San Diego County,2022-09,83
92109,San Diego,San Diego County,2024-04,74
92109,San Diego,San Diego County,2025-01,62
92109,San Diego,San Diego County,2025-07,69
92109,San Diego,San Diego County,2025-09,62
92109,San Diego,San Diego County,2025-10,63
92109,San Diego,San Diego County,2025-12,66
92110,San Diego,San Diego County,2012-10,80
92110,San Diego,San Diego County,2013-02,89
92110,San Diego,San Diego County,2015-02,64
92110,San Diego,San Diego County,2015-04,70
92110,San Diego,San Diego County,2016-09,75
92110,San Diego,San Diego County,2017-03,75
92110,San Diego,San Diego County,2017-12,83
92110,San Diego,San Diego County,2018-04,86
92110,San Diego,San Diego County,2018-08,79
92110,San Diego,San Diego County,2020-07,80
92110,San Diego,San Diego County,2020-10,80
92110,San Diego,San Diego County,2021-12,91
92110,San Diego,San Diego County,2022-07,100
92110,San Diego,San Diego County,2023-02,82
92110,San Diego,San Diego County,2023-04,91
92110,San Diego,San Diego County,2024-01,79
92110,San Diego,San Diego County,2024-05,93
92111,San Diego,San Diego County,2012-04,75
92111,San Diego,San Diego County,2014-04,82
92111,San Diego,San Diego County,2014-07,75
92111,San Diego,San Diego County,2017-05,96
92111,San Diego,San Diego County,2019-04,77
92111,San Diego,San Diego County,2020-06,94
92111,San Diego,San Diego County,2020-08,97
92111,San Diego,San Diego County,2021-07,100
92111,San Diego,San Diego County,2022-03,100
92111,San Diego,San Diego County,2022-08,89
92111,San Diego,San Diego County,2024-05,100
92111,San Diego,San Diego County,2024-06,93
92111,San Diego,San Diego County,2025-04,90
92113,San Diego,San Diego County,2012-04,67
92113,San Diego,San Diego County,2012-12,79
92113,San Diego,San Diego County,2013-08,73
92113,San Diego,San Diego County,2014-04,65
92113,San Diego,San Diego County,2015-06,69
92113,San Diego,San Diego County,2015-09,70
92113,San Diego,San Diego County,2018-10,73
92113,San Diego,San Diego County,2019-11,73
92113,San Diego,San Diego County,2020-02,84
92113,San Diego,San Diego County,2021-01,86
92113,San Diego,San Diego County,2021-04,87
92113,San Diego,San Diego County,2021-12,84
92113,San Diego,San Diego County,2022-05,94
92113,San Diego,San Diego County,2022-06,95
92113,San Diego,San Diego County,2022-09,75
92113,San Diego,San Diego County,2025-11,69
92114,San Diego,San Diego County,2016-10,79
92114,San Diego,San Diego County,2018-07,87
92114,San Diego,San Diego County,2018-09,80
92114,San Diego,San Diego County,2019-02,81
92114,San Diego,San Diego County,2020-04,93
92114,San Diego,San Diego County,2020-07,93
92114,San Diego,San Diego County,2021-05,100
92114,San Diego,San Diego County,2021-11,96
92114,San Diego,San Diego County,2023-10,97
92114,San Diego,San Diego County,2024-01,88
92114,San Diego,San Diego County,2024-06,90
92114,San Diego,San Diego County,2025-01,79
92114,San Diego,San Diego County,2025-03,79
92114,San Diego,San Diego County,2025-09,81
92115,San Diego,San Diego County,2012-03,70
92115,San Diego,San Diego County,2013-03,84
92115,San Diego,San Diego County,2014-08,72
92115,San Diego,San Diego County,2015-05,75
92115,San Diego,San Diego County,2016-05,81
92115,San Diego,San Diego County,2016-06,83
92115,San Diego,San Diego County,2017-03,85
92115,San Diego,San Diego County,2017-07,88
92115,San Diego,San Diego County,2017-08,83
92115,San Diego,San Diego County,2018-01,74
92115,San Diego,San Diego County,2019-10,84
92115,San Diego,San Diego County,2020-04,87
92115,San Diego,San Diego County,2020-12,94
92115,San Diego,San Diego County,2021-03,100
92115,San Diego,San Diego County,2021-10,100
92115,San Diego,San Diego County,2022-08,89
92115,San Diego,San Diego County,2022-12,73
92115,San Diego,San Diego County,2023-06,97
92115,San Diego,San Diego County,2025-04,79
92115,San Diego,San Diego County,2025-10,70
92116,San Diego,San Diego County,2012-06,83
92116,San Diego,San Diego County,2012-12,75
92116,San Diego,San Diego County,2013-11,80
92116,San Diego,San Diego County,2014-04,81
92116,San Diego,San Diego County,2014-09,75
92116,San Diego,San Diego County,2014-12,64
92116,San Diego,San Diego County,2015-06,77
92116,San Diego,San Diego County,2016-08,84
92116,San Diego,San Diego County,2017-09,80
92116,San Diego,San Diego County,2019-06,79
92116,San Diego,San Diego County,2020-12,91
92116,San Diego,San Diego County,2021-05,100
92116,San Diego,San Diego County,2021-11,96
92116,San Diego,San Diego County,2022-04,100
92116,San Diego,San Diego County,2022-05,100
92116,San Diego,San Diego County,2022-06,100
92116,San Diego,San Diego County,2025-07,69
92117,San Diego,San Diego County,2012-05,68
92117,San Diego,San Diego County,2012-11,81
92117,San Diego,San Diego County,2014-11,68
92117,San Diego,San Diego County,2015-12,75
92117,San Diego,San Diego County,2016-01,75
92117,San Diego,San Diego County,2016-02,78
92117,San Diego,San Diego County,2016-05,89
92117,San Diego,San Diego County,2016-07,88
92117,San Diego,San Diego County,2018-01,80
92117,San Diego,San Diego County,2018-10,78
92117,San Diego,San Diego County,2019-06,91
92117,San Diego,San Diego County,2020-02,86
92117,San Diego,San Diego County,2020-03,93
92117,San Diego,San Diego County,2020-12,99
92117,San Diego,San Diego County,2021-06,100
92117,San Diego,San Diego County,2021-09,100
92117,San Diego,San Diego County,2022-10,77
92117,San Diego,San Diego County,2022-11,79
92117,San Diego,San Diego County,2023-06,100
92117,San Diego,San Diego County,2024-07,95
92117,San Diego,San Diego County,2024-09,90
92117,San Diego,San Diego County,2025-03,76
92117,San Diego,San Diego County,2025-08,75
92117,San Diego,San Diego County,2025-11,77
92118,Coronado,San Diego County,2013-04,59
92118,Coronado,San Diego County,2013-06,59
92118,Coronado,San Diego County,2014-05,64
92118,Coronado,San Diego County,2015-09,47
92118,Coronado,San Diego County,2016-07,45
92118,Coronado,San Diego County,2017-06,52
92118,Coronado,San Diego County,2018-02,37
92118,Coronado,San Diego County,2018-05,52
92118,Coronado,San Diego County,2019-02,43
92118,Coronado,San Diego County,2019-08,52
92118,Coronado,San Diego County,2022-10,65
92118,Coronado,San Diego County,2022-11,67
92118,Coronado,San Diego County,2023-01,69
92118,Coronado,San Diego County,2023-03,75
92118,Coronado,San Diego County,2023-09,74
92118,Coronado,San Diego County,2024-09,60
92119,San Diego,San Diego County,2012-04,78
92119,San Diego,San Diego County,2012-10,82
92119,San Diego,San Diego County,2012-12,80
92119,San Diego,San Diego County,2015-11,72
92119,San Diego,San Diego County,2015-12,74
92119,San Diego,San Diego County,2016-02,72
92119,San Diego,San Diego County,2017-12,74
92119,San Diego,San Diego County,2018-06,83
92119,San Diego,San Diego County,2018-07,82
92119,San Diego,San Diego County,2020-01,74
92119,San Diego,San Diego County,2020-06,90
92119,San Diego,San Diego County,2022-06,100
92119,San Diego,San Diego County,2022-08,90
92119,San Diego,San Diego County,2023-11,95
92119,San Diego,San Diego County,2024-02,90
92119,San Diego,San Diego County,2024-08,81
92120,San Diego,San Diego County,2013-01,81
92120,San Diego,San Diego County,2013-06,85
92120,San Diego,San Diego County,2013-12,68
92120,San Diego,San Diego County,2014-06,76
92120,San Diego,San Diego County,2014-09,73
92120,San Diego,San Diego County,2015-07,83
92120,San Diego,San Diego County,2017-05,91
92120,San Diego,San Diego County,2018-04,91
92120,San Diego,San Diego County,2018-07,87
92120,San Diego,San Diego County,2018-08,82
92120,San Diego,San Diego County,2019-09,77
92120,San Diego,San Diego County,2019-10,76
92120,San Diego,San Diego County,2019-12,77
92120,San Diego,San Diego County,2020-03,87
92120,San Diego,San Diego County,2020-11,100
92120,San Diego,San Diego County,2021-12,95
92120,San Diego,San Diego County,2022-01,99
92120,San Diego,San Diego County,2022-10,82
92120,San Diego,San Diego County,2023-07,95
92120,San Diego,San Diego County,2023-10,94
92120,San Diego,San Diego County,2025-02,80
92121,San Diego,San Diego County,2012-04,68
92121,San Diego,San Diego County,2014-09,63
92121,San Diego,San Diego County,2014-12,52
92121,San Diego,San Diego County,2015-03,59
92121,San Diego,San Diego County,2015-07,87
92121,San Diego,San Diego County,2015-12,63
92121,San Diego,San Diego County,2016-12,92
92121,San Diego,San Diego County,2018-08,82
92121,San Diego,San Diego County,2018-11,76
92121,San Diego,San Diego County,2019-02,71
92121,San Diego,San Diego County,2019-10,68
92121,San Diego,San Diego County,2023-02,72
92121,San Diego,San Diego County,2023-09,98
92121,San Diego,San Diego County,2023-12,96
92121,San Diego,San Diego County,2024-01,100
92121,San Diego,San Diego County,2024-10,48
92121,San Diego,San Diego County,2024-12,48
92121,San Diego,San Diego County,2025-01,64
92121,San Diego,San Diego County,2025-10,62
92122,San Diego,San Diego County,2015-08,70
92122,San Diego,San Diego County,2017-11,77
92122,San Diego,San Diego County,2020-11,80
92122,San Diego,San Diego County,2022-03,100
92122,San Diego,San Diego County,2022-08,89
92122,San Diego,San Diego County,2023-02,66
92122,San Diego,San Diego County,2023-11,82
92122,San Diego,San Diego County,2024-04,88
92122,San Diego,San Diego County,2024-08,85
92122,San Diego,San Diego County,2024-12,73
92122,San Diego,San Diego County,2025-07,68
92122,San Diego,San Diego County,2025-08,65
92122,San Diego,San Diego County,2025-09,64
92123,San Diego,San Diego County,2014-09,71
92123,San Diego,San Diego County,2015-06,86
92123,San Diego,San Diego County,2015-12,74
92123,San Diego,San Diego County,2016-04,87
92123,San Diego,San Diego County,2017-04,99
92123,San Diego,San Diego County,2018-10,77
92123,San Diego,San Diego County,2019-12,80
92123,San Diego,San Diego County,2020-04,90
92123,San Diego,San Diego County,2021-03,100
92123,San Diego,San Diego County,2021-05,100
92123,San Diego,San Diego County,2021-12,94
92123,San Diego,San Diego County,2022-02,100
92123,San Diego,San Diego County,2022-06,100
92123,San Diego,San Diego County,2022-07,100
92123,San Diego,San Diego County,2023-05,95
92123,San Diego,San Diego County,2024-02,91
92123,San Diego,San Diego County,2024-10,77
92123,San Diego,San Diego County,2024-11,79
92123,San Diego,San Diego County,2025-08,70
92123,San Diego,San Diego County,2025-09,71
92124,San Diego,San Diego County,2012-05,72
92124,San Diego,San Diego County,2013-07,87
92124,San Diego,San Diego County,2015-09,76
92124,San Diego,San Diego County,2016-09,78
92124,San Diego,San Diego County,2017-02,77
92124,San Diego,San Diego County,2019-08,90
92124,San Diego,San Diego County,2019-09,81
92124,San Diego,San Diego County,2022-02,100
92124,San Diego,San Diego County,2023-08,96
92124,San Diego,San Diego County,2025-02,77
92124,San Diego,San Diego County,2025-07,80
92126,San Diego,San Diego County,2013-06,100
92126,San Diego,San Diego County,2013-09,90
92126,San Diego,San Diego County,2014-02,81
92126,San Diego,San Diego County,2014-03,80
92126,San Diego,San Diego County,2014-05,85
92126,San Diego,San Diego County,2014-12,70
92126,San Diego,San Diego County,2015-02,75
92126,San Diego,San Diego County,2016-04,94
92126,San Diego,San Diego County,2016-05,93
92126,San Diego,San Diego County,2016-12,84
92126,San Diego,San Diego County,2017-06,99
92126,San Diego,San Diego County,2018-01,91
92126,San Diego,San Diego County,2018-04,100
92126,San Diego,San Diego County,2018-05,100
92126,San Diego,San Diego County,2019-01,75
92126,San Diego,San Diego County,2019-07,95
92126,San Diego,San Diego County,2019-12,82
92126,San Diego,San Diego County,2021-08,100
92126,San Diego,San Diego County,2022-05,100
92126,San Diego,San Diego County,2022-08,88
92126,San Diego,San Diego County,2023-09,100
92126,San Diego,San Diego County,2024-12,73
92126,San Diego,San Diego County,2025-01,72
92127,San Diego,San Diego County,2012-03,51
92127,San Diego,San Diego County,2015-02,61
92127,San Diego,San Diego County,2017-04,90
92127,San Diego,San Diego County,2018-04,94
92127,San Diego,San Diego County,2019-05,84
92127,San Diego,San Diego County,2019-10,75
92127,San Diego,San Diego County,2019-12,70
92127,San Diego,San Diego County,2020-05,90
92127,San Diego,San Diego County,2020-10,93
92127,San Diego,San Diego County,2021-04,100
92127,San Diego,San Diego County,2021-07,100
92127,San Diego,San Diego County,2023-01,72
92127,San Diego,San Diego County,2023-03,83
92127,San Diego,San Diego County,2023-10,85
92127,San Diego,San Diego County,2023-11,83
92127,San Diego,San Diego County,2025-06,76
92128,San Diego,San Diego County,2012-04,57
92128,San Diego,San Diego County,2012-10,82
92128,San Diego,San Diego County,2013-11,81
92128,San Diego,San Diego County,2013-12,76
92128,San Diego,San Diego County,2014-02,71
92128,San Diego,San Diego County,2015-02,68
92128,San Diego,San Diego County,2015-12,66
92128,San Diego,San Diego County,2018-06,90
92128,San Diego,San Diego County,2018-12,68
92128,San Diego,San Diego County,2021-06,100
92128,San Diego,San Diego County,2021-08,100
92128,San Diego,San Diego County,2022-10,70
92128,San Diego,San Diego County,2023-08,100
92129,San Diego,San Diego County,2012-11,78
92129,San Diego,San Diego County,2013-06,100
92129,San Diego,San Diego County,2014-04,86
92129,San Diego,San Diego County,2015-03,74
92129,San Diego,San Diego County,2015-12,68
92129,San Diego,San Diego County,2016-06,90
92129,San Diego,San Diego County,2016-10,82
92129,San Diego,San Diego County,2017-05,100
92129,San Diego,San Diego County,2019-12,84
92129,San Diego,San Diego County,2023-07,100
92130,San Diego,San Diego County,2012-04,57
92130,San Diego,San Diego County,2017-04,89
92130,San Diego,San Diego County,2017-06,91
92130,San Diego,San Diego County,2017-07,90
92130,San Diego,San Diego County,2018-12,68
92130,San Diego,San Diego County,2019-04,75
92130,San Diego,San Diego County,2021-06,100
92130,San Diego,San Diego County,2022-10,71
92130,San Diego,San Diego County,2023-01,65
92130,San Diego,San Diego County,2023-05,93
92130,San Diego,San Diego County,2024-02,87
92130,San Diego,San Diego County,2024-10,79
92130,San Diego,San Diego County,2025-02,80
92131,San Diego,San Diego County,2012-12,74
92131,San Diego,San Diego County,2013-03,85
92131,San Diego,San Diego County,2013-12,68
92131,San Diego,San Diego County,2014-04,79
92131,San Diego,San Diego County,2016-08,77
92131,San Diego,San Diego County,2018-02,91
92131,San Diego,San Diego County,2018-09,79
92131,San Diego,San Diego County,2019-02,71
92131,San Diego,San Diego County,2020-06,91
92131,San Diego,San Diego County,2022-09,71
92131,San Diego,San Diego County,2023-08,95
92131,San Diego,San Diego County,2023-09,94
92131,San Diego,San Diego County,2023-10,96
92131,San Diego,San Diego County,2023-11,98
92131,San Diego,San Diego County,2025-09,74
92132,San Diego,San Diego County,2020-07,14
92132,San Diego,San Diego County,2023-02,60
92132,San Diego,San Diego County,2024-08,9
92139,San Diego,San Diego County,2012-08,76
92139,San Diego,San Diego County,2014-02,84
92139,San Diego,San Diego County,2014-12,76
92139,San Diego,San Diego County,2015-01,78
92139,San Diego,San Diego County,2015-09,84
92139,San Diego,San Diego County,2015-12,75
92139,San Diego,San Diego County,2016-10,82
92139,San Diego,San Diego County,2018-03,78
92139,San Diego,San Diego County,2018-10,74
92139,San Diego,San Diego County,2019-11,89
92139,San Diego,San Diego County,2021-03,100
92139,San Diego,San Diego County,2021-04,100
92139,San Diego,San Diego County,2022-05,100
92139,San Diego,San Diego County,2022-06,100
92142,San Diego,San Diego County,2014-08,100
92142,San Diego,San Diego County,2016-03,79
92142,San Diego,San Diego County,2016-08,68
92142,San Diego,San Diego County,2021-04,100
92154,San Diego,San Diego County,2012-05,69
92154,San Diego,San Diego County,2012-07,72
92154,San Diego,San Diego County,2013-08,87
92154,San Diego,San Diego County,2013-11,78
92154,San Diego,San Diego County,2015-05,80
92154,San Diego,San Diego County,2015-09,73
92154,San Diego,San Diego County,2017-03,75
92154,San Diego,San Diego County,2017-08,86
92154,San Diego,San Diego County,2018-01,74
92154,San Diego,San Diego County,2018-06,82
92154,San Diego,San Diego County,2018-07,81
92154,San Diego,San Diego County,2021-06,97
92154,San Diego,San Diego County,2022-06,99
92154,San Diego,San Diego County,2022-09,82
92154,San Diego,San Diego County,2023-07,100
92154,San Diego,San Diego County,2024-04,89
92154,San Diego,San Diego County,2025-01,79
92154,San Diego,San Diego County,2025-08,78
92160,San Diego,San Diego County,2013-06,66
92160,San Diego,San Diego County,2015-03,50
92160,San Diego,San Diego County,2016-10,48
92160,San Diego,San Diego County,2016-12,47
92160,San Diego,San Diego County,2017-04,50
92160,San Diego,San Diego County,2017-06,82
92160,San Diego,San Diego County,2017-07,86
92160,San Diego,San Diego County,2018-05,90
92160,San Diego,San Diego County,2018-11,77
92160,San Diego,San Diego County,2019-06,50
92160,San Diego,San Diego County,2019-09,69
92160,San Diego,San Diego County,2020-02,41
92160,San Diego,San Diego County,2020-07,100
92160,San Diego,San Diego County,2020-09,100
92160,San Diego,San Diego County,2021-01,65
92160,San Diego,San Diego County,2021-02,54
92160,San Diego,San Diego County,2023-05,78
92160,San Diego,San Diego County,2024-10,61
92160,San Diego,San Diego County,2025-11,27
92165,San Diego,San Diego County,2019-10,55
92170,San Diego,San Diego County,2014-01,74
92170,San Diego,San Diego County,2017-05,69
92170,San Diego,San Diego County,2019-04,0
92171,San Diego,San Diego County,2013-09,81
92171,San Diego,San Diego County,2015-11,85
92171,San Diego,San Diego County,2015-12,69
92171,San Diego,San Diego County,2016-01,80
92171,San Diego,San Diego County,2018-02,75
92171,San Diego,San Diego County,2018-03,55
92171,San Diego,San Diego County,2018-04,61
92171,San Diego,San Diego County,2018-11,52
92171,San Diego,San Diego County,2020-04,100
92171,San Diego,San Diego County,2020-05,96
92171,San Diego,San Diego County,2020-07,100
92171,San Diego,San Diego County,2021-02,98
92171,San Diego,San Diego County,2021-06,98
92171,San Diego,San Diego County,2023-07,79
92171,San Diego,San Diego County,2023-10,100
92171,San Diego,San Diego County,2024-01,45
92171,San Diego,San Diego County,2024-07,48
92171,San Diego,San Diego County,2024-10,49
92171,San Diego,San Diego County,2024-12,46
92173,San Ysidro,San Diego County,2012-09,69
92173,San Ysidro,San Diego County,2013-05,75
92173,San Ysidro,San Diego County,2014-05,74
92173,San Ysidro,San Diego County,2015-01,69
92173,San Ysidro,San Diego County,2016-03,62
92173,San Ysidro,San Diego County,2016-05,78
92173,San Ysidro,San Diego County,2018-08,77
92173,San Ysidro,San Diego County,2018-09,72
92173,San Ysidro,San Diego County,2019-11,77
92173,San Ysidro,San Diego County,2020-02,94
92173,San Ysidro,San Diego County,2021-04,97
92173,San Ysidro,San Diego County,2021-07,95
92173,San Ysidro,San Diego County,2021-08,94
92173,San Ysidro,San Diego County,2021-12,88
92173,San Ysidro,San Diego County,2022-02,100
92173,San Ysidro,San Diego County,2022-05,100
92173,San Ysidro,San Diego County,2023-07,90
92173,San Ysidro,San Diego County,2024-02,78
92173,San Ysidro,San Diego County,2025-11,65
92178,Coronado,San Diego County,2012-03,57
92178,Coronado,San Diego County,2017-10,26
92178,Coronado,San Diego County,2017-11,26
92178,Coronado,San Diego County,2019-03,33
92193,San Diego,San Diego County,2012-12,42
92195,San Diego,San Diego County,2015-10,47
92196,San Diego,San Diego County,2014-01,34
92196,San Diego,San Diego County,2015-05,67
92196,San Diego,San Diego County,2018-10,41
92196,San Diego,San Diego County,2025-04,59
92197,San Diego,San Diego County,2013-12,81
92197,San Diego,San Diego County,2014-01,81
92197,San Diego,San Diego County,2016-01,73
92197,San Diego,San Diego County,2017-07,100
92197,San Diego,San Diego County,2018-11,83
92197,San Diego,San Diego County,2021-05,100
92197,San Diego,San Diego County,2021-12,95
92197,San Diego,San Diego County,2022-03,100
92197,San Diego,San Diego County,2023-07,88
92197,San Diego,San Diego County,2024-03,100
92197,San Diego,San Diego County,2024-06,100
92197,San Diego,San Diego County,2024-11,100
92197,San Diego,San Diego County,2025-01,86
92197,San Diego,San Diego County,2025-06,84
92201,Indio,Riverside County,2012-12,79
92201,Indio,Riverside County,2014-11,64
92201,Indio,Riverside County,2015-03,57
92201,Indio,Riverside County,2015-05,54
92201,Indio,Riverside County,2015-07,57
92201,Indio,Riverside County,2016-01,54
92201,Indio,Riverside County,2016-03,57
92201,Indio,Riverside County,2017-01,59
92201,Indio,Riverside County,2017-03,56
92201,Indio,Riverside County,2017-06,54
92201,Indio,Riverside County,2018-01,62
92201,Indio,Riverside County,2018-10,68
92201,Indio,Riverside County,2022-10,68
92201,Indio,Riverside County,2022-11,67
92201,Indio,Riverside County,2022-12,60
92201,Indio,Riverside County,2024-01,63
92201,Indio,Riverside County,2024-05,61
92201,Indio,Riverside County,2024-12,58
92201,Indio,Riverside County,2025-06,50
92203,Indio,Riverside County,2012-07,59
92203,Indio,Riverside County,2013-02,75
92203,Indio,Riverside County,2013-09,73
92203,Indio,Riverside County,2013-10,74
92203,Indio,Riverside County,2014-03,59
92203,Indio,Riverside County,2014-10,57
92203,Indio,Riverside County,2016-10,53
92203,Indio,Riverside County,2017-02,46
92203,Indio,Riverside County,2018-05,59
92203,Indio,Riverside County,2018-07,54
92203,Indio,Riverside County,2018-12,59
92203,Indio,Riverside County,2019-05,56
92203,Indio,Riverside County,2020-07,61
92203,Indio,Riverside County,2020-08,69
92203,Indio,Riverside County,2021-01,73
92203,Indio,Riverside County,2021-07,93
92203,Indio,Riverside County,2021-11,91
92203,Indio,Riverside County,2023-06,61
92203,Indio,Riverside County,2024-07,62
92203,Indio,Riverside County,2025-01,56
92203,Indio,Riverside County,2025-07,46
92210,Indian Wells,Riverside County,2014-07,35
92210,Indian Wells,Riverside County,2014-10,34
92210,Indian Wells,Riverside County,2015-11,18
92210,Indian Wells,Riverside County,2016-08,21
92210,Indian Wells,Riverside County,2018-11,42
92210,Indian Wells,Riverside County,2018-12,45
92210,Indian Wells,Riverside County,2019-01,38
92210,Indian Wells,Riverside County,2019-10,26
92210,Indian Wells,Riverside County,2019-11,22
92210,Indian Wells,Riverside County,2019-12,41
92210,Indian Wells,Riverside County,2020-05,39
92210,Indian Wells,Riverside County,2020-06,28
92210,Indian Wells,Riverside County,2020-09,41
92210,Indian Wells,Riverside County,2020-12,52
92210,Indian Wells,Riverside County,2021-09,86
92210,Indian Wells,Riverside County,2022-02,77
92210,Indian Wells,Riverside County,2022-06,87
92210,Indian Wells,Riverside County,2022-11,63
92210,Indian Wells,Riverside County,2022-12,62
92210,Indian Wells,Riverside County,2023-12,65
92210,Indian Wells,Riverside County,2024-03,55
92210,Indian Wells,Riverside County,2025-05,51
92210,Indian Wells,Riverside County,2025-11,57
92211,Palm Desert,Riverside County,2012-05,43
92211,Palm Desert,Riverside County,2012-11,63
92211,Palm Desert,Riverside County,2013-02,63
92211,Palm Desert,Riverside County,2013-07,65
92211,Palm Desert,Riverside County,2015-04,44
92211,Palm Desert,Riverside County,2015-06,42
92211,Palm Desert,Riverside County,2016-11,47
92211,Palm Desert,Riverside County,2016-12,54
92211,Palm Desert,Riverside County,2017-09,47
92211,Palm Desert,Riverside County,2018-11,61
92211,Palm Desert,Riverside County,2019-05,54
92211,Palm Desert,Riverside County,2020-02,62
92211,Palm Desert,Riverside County,2021-03,88
92211,Palm Desert,Riverside County,2021-07,100
92211,Palm Desert,Riverside County,2022-02,94
92211,Palm Desert,Riverside County,2022-10,71
92211,Palm Desert,Riverside County,2023-06,74
92211,Palm Desert,Riverside County,2023-08,73
92211,Palm Desert,Riverside County,2023-11,67
92211,Palm Desert,Riverside County,2024-06,63
92211,Palm Desert,Riverside County,2025-09,45
92220,Banning,Riverside County,2013-03,80
92220,Banning,Riverside County,2015-07,63
92220,Banning,Riverside County,2015-08,66
92220,Banning,Riverside County,2016-04,63
92220,Banning,Riverside County,2016-09,71
92220,Banning,Riverside County,2017-06,75
92220,Banning,Riverside County,2017-11,66
92220,Banning,Riverside County,2018-03,69
92220,Banning,Riverside County,2018-06,68
92220,Banning,Riverside County,2019-02,47
92220,Banning,Riverside County,2019-12,55
92220,Banning,Riverside County,2020-03,57
92220,Banning,Riverside County,2020-04,62
92220,Banning,Riverside County,2020-10,79
92220,Banning,Riverside County,2020-11,83
92220,Banning,Riverside County,2021-10,90
92220,Banning,Riverside County,2022-02,81
92220,Banning,Riverside County,2023-06,71
92220,Banning,Riverside County,2024-02,70
92220,Banning,Riverside County,2024-11,67
92220,Banning,Riverside County,2025-02,60
92220,Banning,Riverside County,2025-04,66
92223,Beaumont,Riverside County,2013-07,91
92223,Beaumont,Riverside County,2014-06,74
92223,Beaumont,Riverside County,2014-11,64
92223,Beaumont,Riverside County,2015-10,71
92223,Beaumont,Riverside County,2016-04,70
92223,Beaumont,Riverside County,2017-10,75
92223,Beaumont,Riverside County,2018-04,74
92223,Beaumont,Riverside County,2018-08,71
92223,Beaumont,Riverside County,2018-10,72
92223,Beaumont,Riverside County,2020-04,71
92223,Beaumont,Riverside County,2021-06,96
92223,Beaumont,Riverside County,2022-04,92
92223,Beaumont,Riverside County,2022-08,80
92223,Beaumont,Riverside County,2023-04,71
92223,Beaumont,Riverside County,2023-05,74
92223,Beaumont,Riverside County,2023-07,76
92223,Beaumont,Riverside County,2023-09,76
92223,Beaumont,Riverside County,2024-03,68
92223,Beaumont,Riverside County,2025-03,61
92223,Beaumont,Riverside County,2025-07,69
92223,Beaumont,Riverside County,2025-11,62
92225,Blythe,Riverside County,2012-06,53
92225,Blythe,Riverside County,2012-10,78
92225,Blythe,Riverside County,2013-01,55
92225,Blythe,Riverside County,2013-03,98
92225,Blythe,Riverside County,2013-07,67
92225,Blythe,Riverside County,2014-06,71
92225,Blythe,Riverside County,2014-12,52
92225,Blythe,Riverside County,2015-07,63
92225,Blythe,Riverside County,2016-04,66
92225,Blythe,Riverside County,2016-05,77
92225,Blythe,Riverside County,2016-08,53
92225,Blythe,Riverside County,2017-06,59
92225,Blythe,Riverside County,2017-09,72
92225,Blythe,Riverside County,2018-04,49
92225,Blythe,Riverside County,2018-05,48
92225,Blythe,Riverside County,2018-09,55
92225,Blythe,Riverside County,2020-03,76
92225,Blythe,Riverside County,2020-04,76
92225,Blythe,Riverside County,2020-07,64
92225,Blythe,Riverside County,2021-10,82
92225,Blythe,Riverside County,2022-03,70
92225,Blythe,Riverside County,2023-04,70
92225,Blythe,Riverside County,2024-06,49
92225,Blythe,Riverside County,2024-07,57
92225,Blythe,Riverside County,2025-02,48
92225,Blythe,Riverside County,2025-04,35
92225,Blythe,Riverside County,2025-05,41
92225,Blythe,Riverside County,2025-06,62
92225,Blythe,Riverside County,2025-11,40
92227,Brawley,Imperial County,2013-03,19
92227,Brawley,Imperial County,2014-02,0
92227,Brawley,Imperial County,2015-08,43
92227,Brawley,Imperial County,2016-09,49
92227,Brawley,Imperial County,2017-08,34
92227,Brawley,Imperial County,2018-08,37
92227,Brawley,Imperial County,2019-07,46
92227,Brawley,Imperial County,2019-08,47
92227,Brawley,Imperial County,2019-09,53
92227,Brawley,Imperial County,2020-05,55
92227,Brawley,Imperial County,2023-05,67
92227,Brawley,Imperial County,2023-10,68
92230,Cabazon,Riverside County,2012-04,87
92230,Cabazon,Riverside County,2012-12,61
92230,Cabazon,Riverside County,2013-08,83
92230,Cabazon,Riverside County,2013-10,80
92230,Cabazon,Riverside County,2014-10,57
92230,Cabazon,Riverside County,2014-12,76
92230,Cabazon,Riverside County,2015-07,43
92230,Cabazon,Riverside County,2016-03,58
92230,Cabazon,Riverside County,2016-08,70
92230,Cabazon,Riverside County,2017-04,56
92230,Cabazon,Riverside County,2017-06,58
92230,Cabazon,Riverside County,2018-08,71
92230,Cabazon,Riverside County,2019-01,50
92230,Cabazon,Riverside County,2020-02,70
92230,Cabazon,Riverside County,2020-04,73
92230,Cabazon,Riverside County,2020-11,62
92230,Cabazon,Riverside County,2022-01,100
92230,Cabazon,Riverside County,2022-10,63
92230,Cabazon,Riverside County,2023-02,51
92230,Cabazon,Riverside County,2023-08,93
92230,Cabazon,Riverside County,2024-08,63
92230,Cabazon,Riverside County,2024-11,53
92230,Cabazon,Riverside County,2025-12,79
92231,Calexico,Imperial County,2014-01,21
92231,Calexico,Imperial County,2014-05,35
92231,Calexico,Imperial County,2014-06,37
92231,Calexico,Imperial County,2016-06,42
92231,Calexico,Imperial County,2018-04,33
92231,Calexico,Imperial County,2019-09,44
92231,Calexico,Imperial County,2019-12,51
92231,Calexico,Imperial County,2020-01,42
92231,Calexico,Imperial County,2020-07,45
92231,Calexico,Imperial County,2020-08,46
92231,Calexico,Imperial County,2020-09,55
92231,Calexico,Imperial County,2021-04,54
92231,Calexico,Imperial County,2022-01,44
92231,Calexico,Imperial County,2023-06,65
92231,Calexico,Imperial County,2025-10,47
92233,Calipatria,Imperial County,2012-06,67
92233,Calipatria,Imperial County,2012-09,68
92233,Calipatria,Imperial County,2015-08,39
92233,Calipatria,Imperial County,2016-12,10
92233,Calipatria,Imperial County,2017-07,40
92233,Calipatria,Imperial County,2017-08,42
92233,Calipatria,Imperial County,2017-11,41
92233,Calipatria,Imperial County,2017-12,35
92233,Calipatria,Imperial County,2019-02,8
92233,Calipatria,Imperial County,2020-01,3
92233,Calipatria,Imperial County,2021-08,48
92233,Calipatria,Imperial County,2021-12,52
92233,Calipatria,Imperial County,2022-01,39
92233,Calipatria,Imperial County,2023-03,30
92233,Calipatria,Imperial County,2023-04,0
92233,Calipatria,Imperial County,2023-07,60
92233,Calipatria,Imperial County,2023-09,25
92233,Calipatria,Imperial County,2024-09,25
92233,Calipatria,Imperial County,2025-06,79
92234,Cathedral City,Riverside County,2012-12,73
92234,Cathedral City,Riverside County,2014-10,61
92234,Cathedral City,Riverside County,2015-01,58
92234,Cathedral City,Riverside County,2015-03,56
92234,Cathedral City,Riverside County,2017-08,62
92234,Cathedral City,Riverside County,2019-09,62
92234,Cathedral City,Riverside County,2019-11,62
92234,Cathedral City,Riverside County,2021-01,73
92234,Cathedral City,Riverside County,2021-10,92
92234,Cathedral City,Riverside County,2022-05,94
92234,Cathedral City,Riverside County,2022-10,66
92234,Cathedral City,Riverside County,2023-12,61
92234,Cathedral City,Riverside County,2025-12,56
92236,Coachella,Riverside County,2013-09,92
92236,Coachella,Riverside County,2014-05,81
92236,Coachella,Riverside County,2016-03,70
92236,Coachella,Riverside County,2016-04,64
92236,Coachella,Riverside County,2016-07,61
92236,Coachella,Riverside County,2017-03,66
92236,Coachella,Riverside County,2017-07,68
92236,Coachella,Riverside County,2017-09,66
92236,Coachella,Riverside County,2018-02,64
92236,Coachella,Riverside County,2018-09,69
92236,Coachella,Riverside County,2019-06,71
92236,Coachella,Riverside County,2019-09,67
92236,Coachella,Riverside County,2019-12,62
92236,Coachella,Riverside County,2020-05,80
92236,Coachella,Riverside County,2022-11,59
92236,Coachella,Riverside County,2025-01,64
92239,Desert Center,Riverside County,2012-07,100
92239,Desert Center,Riverside County,2012-09,100
92239,Desert Center,Riverside County,2013-08,53
92239,Desert Center,Riverside County,2014-03,26
92239,Desert Center,Riverside County,2016-10,39
92239,Desert Center,Riverside County,2018-01,0
92239,Desert Center,Riverside County,2020-11,0
92239,Desert Center,Riverside County,2021-05,36
92239,Desert Center,Riverside County,2023-09,0
92239,Desert Center,Riverside County,2023-10,0
92239,Desert Center,Riverside County,2024-06,38
92240,Desert Hot Springs,Riverside County,2013-02,71
92240,Desert Hot Springs,Riverside County,2014-02,62
92240,Desert Hot Springs,Riverside County,2014-05,60
92240,Desert Hot Springs,Riverside County,2015-09,52
92240,Desert Hot Springs,Riverside County,2016-02,56
92240,Desert Hot Springs,Riverside County,2016-04,56
92240,Desert Hot Springs,Riverside County,2016-07,56
92240,Desert Hot Springs,Riverside County,2016-09,58
92240,Desert Hot Springs,Riverside County,2017-04,56
92240,Desert Hot Springs,Riverside County,2018-08,64
92240,Desert Hot Springs,Riverside County,2020-06,54
92240,Desert Hot Springs,Riverside County,2023-01,58
92240,Desert Hot Springs,Riverside County,2023-08,70
92240,Desert Hot Springs,Riverside County,2024-03,60
92240,Desert Hot Springs,Riverside County,2024-09,61
92240,Desert Hot Springs,Riverside County,2025-04,53
92240,Desert Hot Springs,Riverside County,2025-07,52
92241,Desert Hot Springs,Riverside County,2012-09,63
92241,Desert Hot Springs,Riverside County,2015-11,69
92241,Desert Hot Springs,Riverside County,2016-08,59
92241,Desert Hot Springs,Riverside County,2018-04,69
92241,Desert Hot Springs,Riverside County,2018-07,37
92241,Desert Hot Springs,Riverside County,2018-12,59
92241,Desert Hot Springs,Riverside County,2019-11,59
92241,Desert Hot Springs,Riverside County,2020-04,44
92241,Desert Hot Springs,Riverside County,2020-07,71
92241,Desert Hot Springs,Riverside County,2020-12,71
92241,Desert Hot Springs,Riverside County,2021-04,69
92241,Desert Hot Springs,Riverside County,2022-03,83
92241,Desert Hot Springs,Riverside County,2022-04,82
92241,Desert Hot Springs,Riverside County,2023-01,20
92241,Desert Hot Springs,Riverside County,2023-06,60
92241,Desert Hot Springs,Riverside County,2024-01,20
92241,Desert Hot Springs,Riverside County,2024-08,41
92241,Desert Hot Springs,Riverside County,2024-10,61
92241,Desert Hot Springs,Riverside County,2025-09,53
92241,Desert Hot Springs,Riverside County,2025-11,60
92242,Earp,San Bernardino County,2012-09,0
92242,Earp,San Bernardino County,2013-07,100
92242,Earp,San Bernardino County,2015-02,24
92242,Earp,San Bernardino County,2019-11,45
92242,Earp,San Bernardino County,2020-01,100
92242,Earp,San Bernardino County,2021-06,1
92242,Earp,San Bernardino County,2022-01,25
92242,Earp,San Bernardino County,2022-06,33
92242,Earp,San Bernardino County,2022-09,30
92242,Earp,San Bernardino County,2023-11,0
92242,Earp,San Bernardino County,2024-01,73
92243,El Centro,Imperial County,2012-04,4
92243,El Centro,Imperial County,2012-05,0
92243,El Centro,Imperial County,2013-02,31
92243,El Centro,Imperial County,2014-05,23
92243,El Centro,Imperial County,2015-06,47
92243,El Centro,Imperial County,2015-09,47
92243,El Centro,Imperial County,2016-01,40
92243,El Centro,Imperial County,2016-09,48
92243,El Centro,Imperial County,2017-02,43
92243,El Centro,Imperial County,2017-09,48
92243,El Centro,Imperial County,2017-10,49
92243,El Centro,Imperial County,2020-03,48
92243,El Centro,Imperial County,2021-08,55
92243,El Centro,Imperial County,2022-05,65
92243,El Centro,Imperial County,2022-06,68
92243,El Centro,Imperial County,2023-09,77
92243,El Centro,Imperial County,2023-12,72
92243,El Centro,Imperial County,2024-02,64
92243,El Centro,Imperial County,2024-08,80
92243,El Centro,Imperial County,2024-09,82
92243,El Centro,Imperial County,2025-06,68
92247,La Quinta,Riverside County,2014-07,0
92247,La Quinta,Riverside County,2019-04,51
92247,La Quinta,Riverside County,2019-12,100
92249,Heber,Imperial County,2013-09,13
92249,Heber,Imperial County,2014-09,54
92249,Heber,Imperial County,2015-05,38
92249,Heber,Imperial County,2015-07,38
92249,Heber,Imperial County,2015-08,24
92249,Heber,Imperial County,2015-11,55
92249,Heber,Imperial County,2016-01,51
92249,Heber,Imperial County,2016-06,52
92249,Heber,Imperial County,2018-02,46
92249,Heber,Imperial County,2018-09,51
92249,Heber,Imperial County,2021-05,59
92249,Heber,Imperial County,2021-09,68
92249,Heber,Imperial County,2022-10,73
92249,Heber,Imperial County,2025-01,66
92249,Heber,Imperial County,2025-10,78
92249,Heber,Imperial County,2025-12,87
92250,Holtville,Imperial County,2012-06,0
92250,Holtville,Imperial County,2012-09,40
92250,Holtville,Imperial County,2015-03,53
92250,Holtville,Imperial County,2016-01,44
92250,Holtville,Imperial County,2018-12,35
92250,Holtville,Imperial County,2019-05,46
92250,Holtville,Imperial County,2021-04,39
92250,Holtville,Imperial County,2021-11,61
92250,Holtville,Imperial County,2022-06,60
92250,Holtville,Imperial County,2024-01,67
92250,Holtville,Imperial County,2024-05,81
92250,Holtville,Imperial County,2024-08,63
92251,Imperial,Imperial County,2012-03,12
92251,Imperial,Imperial County,2012-08,91
92251,Imperial,Imperial County,2012-09,62
92251,Imperial,Imperial County,2013-06,25
92251,Imperial,Imperial County,2013-11,46
92251,Imperial,Imperial County,2013-12,29
92251,Imperial,Imperial County,2014-01,14
92251,Imperial,Imperial County,2015-02,37
92251,Imperial,Imperial County,2015-03,43
92251,Imperial,Imperial County,2015-11,47
92251,Imperial,Imperial County,2016-02,49
92251,Imperial,Imperial County,2016-08,48
92251,Imperial,Imperial County,2018-05,44
92251,Imperial,Imperial County,2018-12,50
92251,Imperial,Imperial County,2019-01,45
92251,Imperial,Imperial County,2020-02,38
92251,Imperial,Imperial County,2021-07,60
92251,Imperial,Imperial County,2021-10,64
92251,Imperial,Imperial County,2021-12,61
92251,Imperial,Imperial County,2022-08,70
92251,Imperial,Imperial County,2023-06,78
92251,Imperial,Imperial County,2024-01,81
92251,Imperial,Imperial County,2025-02,80
92251,Imperial,Imperial County,2025-04,84
92252,Joshua Tree,San Bernardino County,2012-05,63
92252,Joshua Tree,San Bernardino County,2012-10,71
92252,Joshua Tree,San Bernardino County,2013-03,72
92252,Joshua Tree,San Bernardino County,2013-05,67
92252,Joshua Tree,San Bernardino County,2013-10,80
92252,Joshua Tree,San Bernardino County,2014-09,66
92252,Joshua Tree,San Bernardino County,2015-01,55
92252,Joshua Tree,San Bernardino County,2015-04,60
92252,Joshua Tree,San Bernardino County,2016-07,77
92252,Joshua Tree,San Bernardino County,2016-12,72
92252,Joshua Tree,San Bernardino County,2017-03,71
92252,Joshua Tree,San Bernardino County,2018-01,69
92252,Joshua Tree,San Bernardino County,2018-05,72
92252,Joshua Tree,San Bernardino County,2019-08,62
92252,Joshua Tree,San Bernardino County,2019-10,64
92252,Joshua Tree,San Bernardino County,2020-04,64
92252,Joshua Tree,San Bernardino County,2020-12,85
92252,Joshua Tree,San Bernardino County,2022-01,77
92252,Joshua Tree,San Bernardino County,2022-05,93
92252,Joshua Tree,San Bernardino County,2022-10,58
92253,La Quinta,Riverside County,2012-10,77
92253,La Quinta,Riverside County,2013-07,58
92253,La Quinta,Riverside County,2014-03,56
92253,La Quinta,Riverside County,2014-06,53
92253,La Quinta,Riverside County,2014-08,58
92253,La Quinta,Riverside County,2014-09,53
92253,La Quinta,Riverside County,2014-12,49
92253,La Quinta,Riverside County,2015-11,44
92253,La Quinta,Riverside County,2016-09,48
92253,La Quinta,Riverside County,2016-10,49
92253,La Quinta,Riverside County,2017-04,48
92253,La Quinta,Riverside County,2017-05,49
92253,La Quinta,Riverside County,2019-05,52
92253,La Quinta,Riverside County,2019-11,58
92253,La Quinta,Riverside County,2020-03,58
92253,La Quinta,Riverside County,2020-06,52
92253,La Quinta,Riverside County,2020-08,63
92253,La Quinta,Riverside County,2020-09,70
92253,La Quinta,Riverside County,2020-10,78
92253,La Quinta,Riverside County,2021-08,95
92253,La Quinta,Riverside County,2021-11,94
92253,La Quinta,Riverside County,2022-11,65
92253,La Quinta,Riverside County,2022-12,59
92253,La Quinta,Riverside County,2023-01,58
92253,La Quinta,Riverside County,2023-06,68
92253,La Quinta,Riverside County,2023-11,64
92253,La Quinta,Riverside County,2025-05,60
92253,La Quinta,Riverside County,2025-07,54
92254,Mecca,Riverside County,2012-09,87
92254,Mecca,Riverside County,2013-09,80
92254,Mecca,Riverside County,2015-02,47
92254,Mecca,Riverside County,2017-10,94
92254,Mecca,Riverside County,2019-02,51
92254,Mecca,Riverside County,2019-09,42
92254,Mecca,Riverside County,2021-05,72
92254,Mecca,Riverside County,2022-06,55
92254,Mecca,Riverside County,2022-08,13
92254,Mecca,Riverside County,2023-08,0
92254,Mecca,Riverside County,2024-02,43
92254,Mecca,Riverside County,2024-06,99
92254,Mecca,Riverside County,2025-11,61
92255,Palm Desert,Riverside County,2012-07,51
92255,Palm Desert,Riverside County,2013-06,1
92255,Palm Desert,Riverside County,2013-09,67
92255,Palm Desert,Riverside County,2013-10,100
92255,Palm Desert,Riverside County,2013-12,43
92255,Palm Desert,Riverside County,2014-01,35
92255,Palm Desert,Riverside County,2014-07,32
92255,Palm Desert,Riverside County,2016-06,0
92255,Palm Desert,Riverside County,2017-11,0
92255,Palm Desert,Riverside County,2018-01,44
92255,Palm Desert,Riverside County,2020-02,57
92255,Palm Desert,Riverside County,2021-07,40
92255,Palm Desert,Riverside County,2022-07,100
92255,Palm Desert,Riverside County,2023-06,39
92255,Palm Desert,Riverside County,2024-05,100
92255,Palm Desert,Riverside County,2025-08,31
92256,Morongo Valley,San Bernardino County,2013-03,72
92256,Morongo Valley,San Bernardino County,2013-04,76
92256,Morongo Valley,San Bernardino County,2013-07,43
92256,Morongo Valley,San Bernardino County,2014-03,78
92256,Morongo Valley,San Bernardino County,2014-10,53
92256,Morongo Valley,San Bernardino County,2016-09,63
92256,Morongo Valley,San Bernardino County,2017-10,41
92256,Morongo Valley,San Bernardino County,2018-02,53
92256,Morongo Valley,San Bernardino County,2018-04,60
92256,Morongo Valley,San Bernardino County,2018-09,52
92256,Morongo Valley,San Bernardino County,2019-04,71
92256,Morongo Valley,San Bernardino County,2020-04,47
92256,Morongo Valley,San Bernardino County,2020-12,79
92256,Morongo Valley,San Bernardino County,2022-11,37
92256,Morongo Valley,San Bernardino County,2024-06,74
92256,Morongo Valley,San Bernardino County,2024-09,66
92256,Morongo Valley,San Bernardino County,2025-09,50
92257,Niland,Imperial County,2014-05,0
92257,Niland,Imperial County,2015-04,0
92257,Niland,Imperial County,2017-07,24
92257,Niland,Imperial County,2017-10,39
92257,Niland,Imperial County,2018-05,35
92257,Niland,Imperial County,2019-08,0
92257,Niland,Imperial County,2021-11,0
92257,Niland,Imperial County,2022-05,9
92257,Niland,Imperial County,2023-12,26
92257,Niland,Imperial County,2024-03,4
92257,Niland,Imperial County,2025-01,24
92257,Niland,Imperial County,2025-07,18
92258,North Palm Springs,Riverside County,2013-11,53
92258,North Palm Springs,Riverside County,2014-02,34
92258,North Palm Springs,Riverside County,2017-11,21
92258,North Palm Springs,Riverside County,2019-01,35
92258,North Palm Springs,Riverside County,2021-05,96
92258,North Palm Springs,Riverside County,2023-04,43
92258,North Palm Springs,Riverside County,2024-08,11
92258,North Palm Springs,Riverside County,2024-09,28
92258,North Palm Springs,Riverside County,2025-07,0
92258,North Palm Springs,Riverside County,2025-08,0
92259,Ocotillo,Imperial County,2015-06,39
92259,Ocotillo,Imperial County,2016-03,32
92259,Ocotillo,Imperial County,2016-07,32
92259,Ocotillo,Imperial County,2016-09,41
92259,Ocotillo,Imperial County,2022-05,78
92259,Ocotillo,Imperial County,2024-05,35
92260,Palm Desert,Riverside County,2012-08,55
92260,Palm Desert,Riverside County,2012-10,61
92260,Palm Desert,Riverside County,2013-05,51
92260,Palm Desert,Riverside County,2014-03,50
92260,Palm Desert,Riverside County,2015-12,48
92260,Palm Desert,Riverside County,2016-03,42
92260,Palm Desert,Riverside County,2016-09,34
92260,Palm Desert,Riverside County,2018-06,49
92260,Palm Desert,Riverside County,2018-09,48
92260,Palm Desert,Riverside County,2018-12,58
92260,Palm Desert,Riverside County,2020-10,66
92260,Palm Desert,Riverside County,2021-07,94
92260,Palm Desert,Riverside County,2022-11,73
92260,Palm Desert,Riverside County,2022-12,67
92260,Palm Desert,Riverside County,2025-02,56
92260,Palm Desert,Riverside County,2025-04,56
92260,Palm Desert,Riverside County,2025-07,49
92260,Palm Desert,Riverside County,2025-10,42
92261,Palm Desert,Riverside County,2014-07,42
92261,Palm Desert,Riverside County,2015-10,43
92261,Palm Desert,Riverside County,2016-06,36
92261,Palm Desert,Riverside County,2017-03,80
92261,Palm Desert,Riverside County,2018-09,94
92262,Palm Springs,Riverside County,2012-04,47
92262,Palm Springs,Riverside County,2015-03,48
92262,Palm Springs,Riverside County,2015-06,60
92262,Palm Springs,Riverside County,2016-09,56
92262,Palm Springs,Riverside County,2017-09,54
92262,Palm Springs,Riverside County,2017-12,66
92262,Palm Springs,Riverside County,2018-03,64
92262,Palm Springs,Riverside County,2018-05,69
92262,Palm Springs,Riverside County,2019-05,60
92262,Palm Springs,Riverside County,2020-06,62
92262,Palm Springs,Riverside County,2021-09,95
92262,Palm Springs,Riverside County,2022-03,99
92262,Palm Springs,Riverside County,2022-05,100
92262,Palm Springs,Riverside County,2023-01,64
92262,Palm Springs,Riverside County,2023-07,63
92262,Palm Springs,Riverside County,2024-08,53
92262,Palm Springs,Riverside County,2025-10,44
92262,Palm Springs,Riverside County,2025-12,53
92263,Palm Springs,Riverside County,2013-03,0
92263,Palm Springs,Riverside County,2015-09,95
92263,Palm Springs,Riverside County,2016-08,36
92263,Palm Springs,Riverside County,2016-11,0
92263,Palm Springs,Riverside County,2018-03,32
92263,Palm Springs,Riverside County,2019-01,0
92263,Palm Springs,Riverside County,2020-06,69
92263,Palm Springs,Riverside County,2020-10,92
92263,Palm Springs,Riverside County,2021-03,7
92263,Palm Springs,Riverside County,2021-04,27
92263,Palm Springs,Riverside County,2022-11,37
92263,Palm Springs,Riverside County,2023-05,45
92263,Palm Springs,Riverside County,2024-01,4
92263,Palm Springs,Riverside County,2025-10,100
92263,Palm Springs,Riverside County,2025-11,100
92264,Palm Springs,Riverside County,2012-04,27
92264,Palm Springs,Riverside County,2012-06,38
92264,Palm Springs,Riverside County,2012-08,44
92264,Palm Springs,Riverside County,2012-11,42
92264,Palm Springs,Riverside County,2012-12,50
92264,Palm Springs,Riverside County,2013-04,59
92264,Palm Springs,Riverside County,2013-07,64
92264,Palm Springs,Riverside County,2014-03,61
92264,Palm Springs,Riverside County,2014-05,60
92264,Palm Springs,Riverside County,2017-03,52
92264,Palm Springs,Riverside County,2018-11,66
92264,Palm Springs,Riverside County,2019-11,57
92264,Palm Springs,Riverside County,2021-05,91
92264,Palm Springs,Riverside County,2021-12,95
92264,Palm Springs,Riverside County,2022-11,67
92264,Palm Springs,Riverside County,2023-06,72
92264,Palm Springs,Riverside County,2023-11,64
92264,Palm Springs,Riverside County,2024-06,55
92264,Palm Springs,Riverside County,2025-04,56
92266,Palo Verde,Imperial County,2012-12,0
92266,Palo Verde,Imperial County,2013-05,52
92266,Palo Verde,Imperial County,2014-12,50
92266,Palo Verde,Imperial County,2015-06,0
92266,Palo Verde,Imperial County,2019-06,67
92266,Palo Verde,Imperial County,2024-04,65
92268,Pioneertown,San Bernardino County,2012-06,5
92268,Pioneertown,San Bernardino County,2013-12,85
92268,Pioneertown,San Bernardino County,2014-12,53
92268,Pioneertown,San Bernardino County,2015-04,28
92268,Pioneertown,San Bernardino County,2015-08,21
92268,Pioneertown,San Bernardino County,2016-12,40
92268,Pioneertown,San Bernardino County,2017-01,69
92268,Pioneertown,San Bernardino County,2017-04,81
92268,Pioneertown,San Bernardino County,2017-05,87
92268,Pioneertown,San Bernardino County,2019-07,17
92268,Pioneertown,San Bernardino County,2020-12,19
92268,Pioneertown,San Bernardino County,2021-07,71
92268,Pioneertown,San Bernardino County,2022-05,10
92268,Pioneertown,San Bernardino County,2025-12,40
92270,Rancho Mirage,Riverside County,2013-01,47
92270,Rancho Mirage,Riverside County,2013-04,47
92270,Rancho Mirage,Riverside County,2013-05,41
92270,Rancho Mirage,Riverside County,2014-04,49
92270,Rancho Mirage,Riverside County,2014-09,36
92270,Rancho Mirage,Riverside County,2015-07,29
92270,Rancho Mirage,Riverside County,2016-05,35
92270,Rancho Mirage,Riverside County,2016-09,27
92270,Rancho Mirage,Riverside County,2017-05,33
92270,Rancho Mirage,Riverside County,2018-03,49
92270,Rancho Mirage,Riverside County,2018-04,49
92270,Rancho Mirage,Riverside County,2019-11,52
92270,Rancho Mirage,Riverside County,2019-12,56
92270,Rancho Mirage,Riverside County,2020-01,51
92270,Rancho Mirage,Riverside County,2020-08,49
92270,Rancho Mirage,Riverside County,2020-12,67
92270,Rancho Mirage,Riverside County,2021-02,66
92270,Rancho Mirage,Riverside County,2022-02,90
92270,Rancho Mirage,Riverside County,2022-06,88
92270,Rancho Mirage,Riverside County,2024-10,53
92270,Rancho Mirage,Riverside County,2025-08,43
92270,Rancho Mirage,Riverside County,2025-11,47
92273,Seeley,Imperial County,2019-08,53
92273,Seeley,Imperial County,2022-10,49
92273,Seeley,Imperial County,2024-12,73
92273,Seeley,Imperial County,2025-07,48
92274,Thermal,Riverside County,2013-08,47
92274,Thermal,Riverside County,2014-08,8
92274,Thermal,Riverside County,2015-06,48
92274,Thermal,Riverside County,2015-07,39
92274,Thermal,Riverside County,2018-06,32
92274,Thermal,Riverside County,2019-07,34
92274,Thermal,Riverside County,2020-01,45
92274,Thermal,Riverside County,2020-02,37
92274,Thermal,Riverside County,2020-04,25
92274,Thermal,Riverside County,2020-08,11
92274,Thermal,Riverside County,2021-06,52
92274,Thermal,Riverside County,2022-04,52
92274,Thermal,Riverside County,2022-12,40
92274,Thermal,Riverside County,2023-01,44
92274,Thermal,Riverside County,2025-08,43
92275,Salton City,Imperial County,2021-02,38
92276,Thousand Palms,Riverside County,2012-08,83
92276,Thousand Palms,Riverside County,2013-09,84
92276,Thousand Palms,Riverside County,2013-10,88
92276,Thousand Palms,Riverside County,2013-11,84
92276,Thousand Palms,Riverside County,2014-06,66
92276,Thousand Palms,Riverside County,2015-06,57
92276,Thousand Palms,Riverside County,2017-03,47
92276,Thousand Palms,Riverside County,2018-11,51
92276,Thousand Palms,Riverside County,2018-12,41
92276,Thousand Palms,Riverside County,2019-01,33
92276,Thousand Palms,Riverside County,2019-02,30
92276,Thousand Palms,Riverside County,2019-12,64
92276,Thousand Palms,Riverside County,2020-09,52
92276,Thousand Palms,Riverside County,2021-07,82
92276,Thousand Palms,Riverside County,2021-09,83
92276,Thousand Palms,Riverside County,2021-12,87
92276,Thousand Palms,Riverside County,2022-03,81
92276,Thousand Palms,Riverside County,2022-07,76
92276,Thousand Palms,Riverside County,2025-04,57
92276,Thousand Palms,Riverside County,2025-07,47
92276,Thousand Palms,Riverside County,2025-10,33
92277,Twentynine Palms,San Bernardino County,2012-04,42
92277,Twentynine Palms,San Bernardino County,2013-03,51
92277,Twentynine Palms,San Bernardino County,2014-06,57
92277,Twentynine Palms,San Bernardino County,2015-06,53
92277,Twentynine Palms,San Bernardino County,2015-10,43
92277,Twentynine Palms,San Bernardino County,2018-10,57
92277,Twentynine Palms,San Bernardino County,2019-05,58
92277,Twentynine Palms,San Bernardino County,2020-09,73
92277,Twentynine Palms,San Bernardino County,2021-02,76
92277,Twentynine Palms,San Bernardino County,2021-06,90
92277,Twentynine Palms,San Bernardino County,2022-02,69
92277,Twentynine Palms,San Bernardino County,2024-07,61
92277,Twentynine Palms,San Bernardino County,2025-04,49
92277,Twentynine Palms,San Bernardino County,2025-05,51
92281,Westmorland,Imperial County,2015-09,100
92281,Westmorland,Imperial County,2016-07,49
92281,Westmorland,Imperial County,2016-10,46
92281,Westmorland,Imperial County,2017-01,60
92281,Westmorland,Imperial County,2018-03,52
92281,Westmorland,Imperial County,2018-08,34
92281,Westmorland,Imperial County,2019-12,65
92281,Westmorland,Imperial County,2020-04,100
92281,Westmorland,Imperial County,2020-05,89
92281,Westmorland,Imperial County,2020-12,0
92281,Westmorland,Imperial County,2022-09,100
92281,Westmorland,Imperial County,2024-05,78
92281,Westmorland,Imperial County,2024-06,0
92282,White Water,Riverside County,2012-09,7
92282,White Water,Riverside County,2014-02,0
92282,White Water,Riverside County,2015-09,60
92282,White Water,Riverside County,2017-02,33
92282,White Water,Riverside County,2017-03,51
92282,White Water,Riverside County,2017-04,57
92282,White Water,Riverside County,2017-07,74
92282,White Water,Riverside County,2017-12,0
92282,White Water,Riverside County,2018-07,68
92282,White Water,Riverside County,2018-08,64
92282,White Water,Riverside County,2019-04,46
92282,White Water,Riverside County,2021-09,85
92282,White Water,Riverside County,2022-01,65
92282,White Water,Riverside County,2022-09,74
92282,White Water,Riverside County,2023-12,21
92282,White Water,Riverside County,2025-01,71
92282,White Water,Riverside County,2025-04,36
92283,Winterhaven,Imperial County,2017-09,70
92283,Winterhaven,Imperial County,2019-02,0
92283,Winterhaven,Imperial County,2022-05,48
92283,Winterhaven,Imperial County,2022-06,53
92283,Winterhaven,Imperial County,2023-02,18
92283,Winterhaven,Imperial County,2025-11,0
92284,Yucca Valley,San Bernardino County,2012-09,56
92284,Yucca Valley,San Bernardino County,2013-09,63
92284,Yucca Valley,San Bernardino County,2016-04,67
92284,Yucca Valley,San Bernardino County,2017-03,63
92284,Yucca Valley,San Bernardino County,2021-02,86
92284,Yucca Valley,San Bernardino County,2022-02,77
92284,Yucca Valley,San Bernardino County,2022-07,87
92284,Yucca Valley,San Bernardino County,2023-06,65
92284,Yucca Valley,San Bernardino County,2025-08,50
92285,Landers,San Bernardino County,2013-02,65
92285,Landers,San Bernardino County,2014-03,47
92285,Landers,San Bernardino County,2015-04,40
92285,Landers,San Bernardino County,2015-09,27
92285,Landers,San Bernardino County,2016-04,33
92285,Landers,San Bernardino County,2016-11,53
92285,Landers,San Bernardino County,2017-02,59
92285,Landers,San Bernardino County,2018-02,55
92285,Landers,San Bernardino County,2018-11,54
92285,Landers,San Bernardino County,2018-12,51
92285,Landers,San Bernardino County,2019-05,58
92285,Landers,San Bernardino County,2019-06,61
92285,Landers,San Bernardino County,2019-09,47
92285,Landers,San Bernardino County,2020-04,62
92285,Landers,San Bernardino County,2020-06,62
92285,Landers,San Bernardino County,2020-10,90
92285,Landers,San Bernardino County,2022-03,78
92285,Landers,San Bernardino County,2022-10,43
92285,Landers,San Bernardino County,2023-02,28
92285,Landers,San Bernardino County,2023-05,49
92285,Landers,San Bernardino County,2024-05,49
92285,Landers,San Bernardino County,2024-08,52
92285,Landers,San Bernardino County,2025-06,44
92285,Landers,San Bernardino County,2025-12,27
92301,Adelanto,San Bernardino County,2012-06,64
92301,Adelanto,San Bernardino County,2012-09,66
92301,Adelanto,San Bernardino County,2013-03,82
92301,Adelanto,San Bernardino County,2013-04,79
92301,Adelanto,San Bernardino County,2013-05,71
92301,Adelanto,San Bernardino County,2015-07,53
92301,Adelanto,San Bernardino County,2017-08,69
92301,Adelanto,San Bernardino County,2017-10,69
92301,Adelanto,San Bernardino County,2017-12,60
92301,Adelanto,San Bernardino County,2018-03,64
92301,Adelanto,San Bernardino County,2019-05,64
92301,Adelanto,San Bernardino County,2021-01,80
92301,Adelanto,San Bernardino County,2021-03,84
92301,Adelanto,San Bernardino County,2021-08,95
92301,Adelanto,San Bernardino County,2023-08,90
92301,Adelanto,San Bernardino County,2024-03,75
92305,Angelus Oaks,San Bernardino County,2012-04,34
92305,Angelus Oaks,San Bernardino County,2013-12,31
92305,Angelus Oaks,San Bernardino County,2014-04,0
92305,Angelus Oaks,San Bernardino County,2014-05,1
92305,Angelus Oaks,San Bernardino County,2015-08,45
92305,Angelus Oaks,San Bernardino County,2015-11,39
92305,Angelus Oaks,San Bernardino County,2016-04,59
92305,Angelus Oaks,San Bernardino County,2016-07,29
92305,Angelus Oaks,San Bernardino County,2017-02,20
92305,Angelus Oaks,San Bernardino County,2018-11,47
92305,Angelus Oaks,San Bernardino County,2023-02,33
92305,Angelus Oaks,San Bernardino County,2023-05,28
92305,Angelus Oaks,San Bernardino County,2023-10,40
92305,Angelus Oaks,San Bernardino County,2024-03,44
92305,Angelus Oaks,San Bernardino County,2024-09,61
92305,Angelus Oaks,San Bernardino County,2025-06,28
92307,Apple Valley,San Bernardino County,2012-06,64
92307,Apple Valley,San Bernardino County,2012-09,64
92307,Apple Valley,San Bernardino County,2012-10,63
92307,Apple Valley,San Bernardino County,2013-05,56
92307,Apple Valley,San Bernardino County,2013-08,54
92307,Apple Valley,San Bernardino County,2014-02,51
92307,Apple Valley,San Bernardino County,2014-06,53
92307,Apple Valley,San Bernardino County,2015-10,50
92307,Apple Valley,San Bernardino County,2015-11,50
92307,Apple Valley,San Bernardino County,2016-09,47
92307,Apple Valley,San Bernardino County,2017-11,54
92307,Apple Valley,San Bernardino County,2018-02,51
92307,Apple Valley,San Bernardino County,2019-07,58
92307,Apple Valley,San Bernardino County,2020-07,59
92307,Apple Valley,San Bernardino County,2021-07,84
92307,Apple Valley,San Bernardino County,2022-03,87
92307,Apple Valley,San Bernardino County,2022-09,76
92307,Apple Valley,San Bernardino County,2024-07,75
92307,Apple Valley,San Bernardino County,2025-12,63
92308,Apple Valley,San Bernardino County,2012-10,68
92308,Apple Valley,San Bernardino County,2015-09,50
92308,Apple Valley,San Bernardino County,2015-10,49
92308,Apple Valley,San Bernardino County,2015-12,47
92308,Apple Valley,San Bernardino County,2016-01,44
92308,Apple Valley,San Bernardino County,2017-04,54
92308,Apple Valley,San Bernardino County,2018-03,54
92308,Apple Valley,San Bernardino County,2018-05,59
92308,Apple Valley,San Bernardino County,2019-01,48
92308,Apple Valley,San Bernardino County,2020-03,47
92308,Apple Valley,San Bernardino County,2020-12,70
92308,Apple Valley,San Bernardino County,2023-01,63
92308,Apple Valley,San Bernardino County,2023-02,62
92308,Apple Valley,San Bernardino County,2023-04,69
92308,Apple Valley,San Bernardino County,2023-12,71
92308,Apple Valley,San Bernardino County,2025-07,63
92308,Apple Valley,San Bernardino County,2025-08,59
92308,Apple Valley,San Bernardino County,2025-12,59
92309,Baker,San Bernardino County,2017-10,0
92309,Baker,San Bernardino County,2019-08,16
92311,Barstow,San Bernardino County,2012-04,49
92311,Barstow,San Bernardino County,2013-07,35
92311,Barstow,San Bernardino County,2014-01,41
92311,Barstow,San Bernardino County,2014-12,24
92311,Barstow,San Bernardino County,2015-09,38
92311,Barstow,San Bernardino County,2015-12,27
92311,Barstow,San Bernardino County,2017-01,41
92311,Barstow,San Bernardino County,2017-05,46
92311,Barstow,San Bernardino County,2017-12,39
92311,Barstow,San Bernardino County,2019-02,45
92311,Barstow,San Bernardino County,2019-11,45
92311,Barstow,San Bernardino County,2020-01,51
92311,Barstow,San Bernardino County,2020-07,46
92311,Barstow,San Bernardino County,2020-09,54
92311,Barstow,San Bernardino County,2020-12,55
92311,Barstow,San Bernardino County,2021-01,54
92311,Barstow,San Bernardino County,2021-08,74
92311,Barstow,San Bernardino County,2021-12,73
92311,Barstow,San Bernardino County,2022-01,65
92311,Barstow,San Bernardino County,2022-04,86
92311,Barstow,San Bernardino County,2022-11,66
92311,Barstow,San Bernardino County,2024-09,66
92311,Barstow,San Bernardino County,2025-02,55
92311,Barstow,San Bernardino County,2025-04,62
92311,Barstow,San Bernardino County,2025-09,59
92313,Grand Terrace,San Bernardino County,2012-11,71
92313,Grand Terrace,San Bernardino County,2013-03,83
92313,Grand Terrace,San Bernardino County,2013-05,88
92313,Grand Terrace,San Bernardino County,2016-03,67
92313,Grand Terrace,San Bernardino County,2017-09,83
92313,Grand Terrace,San Bernardino County,2017-11,68
92313,Grand Terrace,San Bernardino County,2018-08,58
92313,Grand Terrace,San Bernardino County,2018-10,60
92313,Grand Terrace,San Bernardino County,2019-05,71
92313,Grand Terrace,San Bernardino County,2020-10,94
92313,Grand Terrace,San Bernardino County,2021-03,86
92313,Grand Terrace,San Bernardino County,2022-04,100
92313,Grand Terrace,San Bernardino County,2022-10,82
92313,Grand Terrace,San Bernardino County,2024-11,71
92313,Grand Terrace,San Bernardino County,2025-02,65
92313,Grand Terrace,San Bernardino County,2025-03,67
92313,Grand Terrace,San Bernardino County,2025-07,68
92313,Grand Terrace,San Bernardino County,2025-11,65
92314,Big Bear City,San Bernardino County,2012-04,36
92314,Big Bear City,San Bernardino County,2013-06,50
92314,Big Bear City,San Bernardino County,2014-03,43
92314,Big Bear City,San Bernardino County,2015-05,46
92314,Big Bear City,San Bernardino County,2016-06,53
92314,Big Bear City,San Bernardino County,2016-12,40
92314,Big Bear City,San Bernardino County,2017-12,47
92314,Big Bear City,San Bernardino County,2018-11,48
92314,Big Bear City,San Bernardino County,2019-03,33
92314,Big Bear City,San Bernardino County,2020-03,42
92314,Big Bear City,San Bernardino County,2021-07,76
92314,Big Bear City,San Bernardino County,2021-08,75
92314,Big Bear City,San Bernardino County,2021-10,74
92314,Big Bear City,San Bernardino County,2023-05,66
92314,Big Bear City,San Bernardino County,2023-06,64
92314,Big Bear City,San Bernardino County,2023-09,62
92314,Big Bear City,San Bernardino County,2023-12,48
92314,Big Bear City,San Bernardino County,2025-12,33
92315,Big Bear Lake,San Bernardino County,2012-05,34
92315,Big Bear Lake,San Bernardino County,2012-08,34
92315,Big Bear Lake,San Bernardino County,2013-08,52
92315,Big Bear Lake,San Bernardino County,2015-08,49
92315,Big Bear Lake,San Bernardino County,2015-12,31
92315,Big Bear Lake,San Bernardino County,2016-09,49
92315,Big Bear Lake,San Bernardino County,2016-10,44
92315,Big Bear Lake,San Bernardino County,2016-11,42
92315,Big Bear Lake,San Bernardino County,2017-05,46
92315,Big Bear Lake,San Bernardino County,2018-01,48
92315,Big Bear Lake,San Bernardino County,2018-03,54
92315,Big Bear Lake,San Bernardino County,2019-07,54
92315,Big Bear Lake,San Bernardino County,2019-08,57
92315,Big Bear Lake,San Bernardino County,2019-10,50
92315,Big Bear Lake,San Bernardino County,2020-02,36
92315,Big Bear Lake,San Bernardino County,2020-06,48
92315,Big Bear Lake,San Bernardino County,2021-11,78
92315,Big Bear Lake,San Bernardino County,2022-03,98
92315,Big Bear Lake,San Bernardino County,2023-08,65
92315,Big Bear Lake,San Bernardino County,2024-01,43
92315,Big Bear Lake,San Bernardino County,2025-03,34
92316,Bloomington,San Bernardino County,2013-07,88
92316,Bloomington,San Bernardino County,2014-02,86
92316,Bloomington,San Bernardino County,2014-04,80
92316,Bloomington,San Bernardino County,2015-06,80
92316,Bloomington,San Bernardino County,2017-01,64
92316,Bloomington,San Bernardino County,2019-12,64
92316,Bloomington,San Bernardino County,2020-01,66
92316,Bloomington,San Bernardino County,2020-03,72
92316,Bloomington,San Bernardino County,2020-12,91
92316,Bloomington,San Bernardino County,2021-07,96
92316,Bloomington,San Bernardino County,2022-02,84
92316,Bloomington,San Bernardino County,2022-08,81
92316,Bloomington,San Bernardino County,2023-05,78
92316,Bloomington,San Bernardino County,2025-03,73
92317,Blue Jay,San Bernardino County,2013-05,53
92317,Blue Jay,San Bernardino County,2013-07,27
92317,Blue Jay,San Bernardino County,2013-09,44
92317,Blue Jay,San Bernardino County,2013-12,35
92317,Blue Jay,San Bernardino County,2014-05,0
92317,Blue Jay,San Bernardino County,2014-12,12
92317,Blue Jay,San Bernardino County,2015-06,24
92317,Blue Jay,San Bernardino County,2016-08,50
92317,Blue Jay,San Bernardino County,2016-10,58
92317,Blue Jay,San Bernardino County,2016-11,49
92317,Blue Jay,San Bernardino County,2018-02,47
92317,Blue Jay,San Bernardino County,2020-10,38
92317,Blue Jay,San Bernardino County,2021-04,59
92317,Blue Jay,San Bernardino County,2022-09,79
92317,Blue Jay,San Bernardino County,2022-10,100
92317,Blue Jay,San Bernardino County,2022-12,91
92317,Blue Jay,San Bernardino County,2024-07,53
92318,Bryn Mawr,San Bernardino County,2016-02,54
92318,Bryn Mawr,San Bernardino County,2018-10,0
92318,Bryn Mawr,San Bernardino County,2019-04,13
92320,Calimesa,Riverside County,2013-09,77
92320,Calimesa,Riverside County,2014-02,71
92320,Calimesa,Riverside County,2014-11,77
92320,Calimesa,Riverside County,2016-03,53
92320,Calimesa,Riverside County,2016-05,62
92320,Calimesa,Riverside County,2016-10,59
92320,Calimesa,Riverside County,2017-01,63
92320,Calimesa,Riverside County,2017-03,52
92320,Calimesa,Riverside County,2019-03,54
92320,Calimesa,Riverside County,2019-06,64
92320,Calimesa,Riverside County,2020-08,73
92320,Calimesa,Riverside County,2021-10,88
92320,Calimesa,Riverside County,2022-03,95
92320,Calimesa,Riverside County,2022-09,76
92320,Calimesa,Riverside County,2022-10,69
92320,Calimesa,Riverside County,2023-07,76
92320,Calimesa,Riverside County,2023-08,79
92320,Calimesa,Riverside County,2023-09,83
92320,Calimesa,Riverside County,2024-05,77
92320,Calimesa,Riverside County,2024-06,76
92321,Cedar Glen,San Bernardino County,2012-12,0
92321,Cedar Glen,San Bernardino County,2013-05,0
92321,Cedar Glen,San Bernardino County,2013-12,0
92321,Cedar Glen,San Bernardino County,2014-01,0
92321,Cedar Glen,San Bernardino County,2014-11,47
92321,Cedar Glen,San Bernardino County,2017-08,46
92321,Cedar Glen,San Bernardino County,2018-01,43
92321,Cedar Glen,San Bernardino County,2019-09,36
92321,Cedar Glen,San Bernardino County,2019-10,0
92321,Cedar Glen,San Bernardino County,2020-05,59
92321,Cedar Glen,San Bernardino County,2021-04,73
92321,Cedar Glen,San Bernardino County,2021-12,44
92321,Cedar Glen,San Bernardino County,2024-04,5
92321,Cedar Glen,San Bernardino County,2024-06,54
92322,Cedarpines Park,San Bernardino County,2013-09,39
92322,Cedarpines Park,San Bernardino County,2015-02,48
92322,Cedarpines Park,San Bernardino County,2016-04,44
92322,Cedarpines Park,San Bernardino County,2017-03,26
92322,Cedarpines Park,San Bernardino County,2017-04,22
92322,Cedarpines Park,San Bernardino County,2017-11,50
92322,Cedarpines Park,San Bernardino County,2018-03,50
92322,Cedarpines Park,San Bernardino County,2018-08,43
92322,Cedarpines Park,San Bernardino County,2019-09,25
92322,Cedarpines Park,San Bernardino County,2020-05,23
92322,Cedarpines Park,San Bernardino County,2020-08,35
92322,Cedarpines Park,San Bernardino County,2020-10,63
92322,Cedarpines Park,San Bernardino County,2021-07,62
92322,Cedarpines Park,San Bernardino County,2021-08,71
92322,Cedarpines Park,San Bernardino County,2022-10,61
92322,Cedarpines Park,San Bernardino County,2023-03,34
92322,Cedarpines Park,San Bernardino County,2024-07,56
92324,Colton,San Bernardino County,2012-09,68
92324,Colton,San Bernardino County,2015-11,85
92324,Colton,San Bernardino County,2018-05,79
92324,Colton,San Bernardino County,2018-08,75
92324,Colton,San Bernardino County,2019-05,74
92324,Colton,San Bernardino County,2020-07,75
92324,Colton,San Bernardino County,2021-05,97
92324,Colton,San Bernardino County,2022-01,88
92324,Colton,San Bernardino County,2024-04,79
92324,Colton,San Bernardino County,2024-06,77
92324,Colton,San Bernardino County,2024-07,74
92324,Colton,San Bernardino County,2025-09,70
92325,Crestline,San Bernardino County,2014-03,50
92325,Crestline,San Bernardino County,2014-07,45
92325,Crestline,San Bernardino County,2015-07,54
92325,Crestline,San Bernardino County,2016-12,40
92325,Crestline,San Bernardino County,2018-04,53
92325,Crestline,San Bernardino County,2018-06,61
92325,Crestline,San Bernardino County,2018-10,51
92325,Crestline,San Bernardino County,2019-08,59
92325,Crestline,San Bernardino County,2020-02,31
92325,Crestline,San Bernardino County,2020-05,48
92325,Crestline,San Bernardino County,2020-09,67
92325,Crestline,San Bernardino County,2022-03,88
92325,Crestline,San Bernardino County,2022-08,77
92325,Crestline,San Bernardino County,2023-01,50
92325,Crestline,San Bernardino County,2023-05,54
92325,Crestline,San Bernardino County,2024-03,49
92325,Crestline,San Bernardino County,2025-02,38
92326,Crest Park,San Bernardino County,2012-06,33
92326,Crest Park,San Bernardino County,2012-11,27
92326,Crest Park,San Bernardino County,2013-01,27
92326,Crest Park,San Bernardino County,2014-03,0
92326,Crest Park,San Bernardino County,2018-11,68
92326,Crest Park,San Bernardino County,2020-08,90
92326,Crest Park,San Bernardino County,2021-06,63
92326,Crest Park,San Bernardino County,2021-09,53
92326,Crest Park,San Bernardino County,2022-01,37
92326,Crest Park,San Bernardino County,2023-12,84
92326,Crest Park,San Bernardino County,2025-10,35
92327,Daggett,San Bernardino County,2013-08,43
92327,Daggett,San Bernardino County,2014-12,32
92327,Daggett,San Bernardino County,2016-12,7
92327,Daggett,San Bernardino County,2017-03,16
92327,Daggett,San Bernardino County,2018-03,0
92327,Daggett,San Bernardino County,2018-05,100
92327,Daggett,San Bernardino County,2019-08,47
92327,Daggett,San Bernardino County,2021-10,38
92327,Daggett,San Bernardino County,2022-03,0
92327,Daggett,San Bernardino County,2022-06,28
92327,Daggett,San Bernardino County,2023-10,0
92327,Daggett,San Bernardino County,2024-02,0
92327,Daggett,San Bernardino County,2025-11,0
92333,Fawnskin,San Bernardino County,2012-08,27
92333,Fawnskin,San Bernardino County,2013-03,40
92333,Fawnskin,San Bernardino County,2014-05,0
92333,Fawnskin,San Bernardino County,2015-01,15
92333,Fawnskin,San Bernardino County,2015-03,3
92333,Fawnskin,San Bernardino County,2016-03,19
92333,Fawnskin,San Bernardino County,2016-04,17
92333,Fawnskin,San Bernardino County,2017-04,38
92333,Fawnskin,San Bernardino County,2017-06,41
92333,Fawnskin,San Bernardino County,2018-09,39
92333,Fawnskin,San Bernardino County,2019-11,41
92333,Fawnskin,San Bernardino County,2020-09,47
92333,Fawnskin,San Bernardino County,2020-10,53
92333,Fawnskin,San Bernardino County,2021-07,69
92333,Fawnskin,San Bernardino County,2023-03,9
92333,Fawnskin,San Bernardino County,2023-06,54
92333,Fawnskin,San Bernardino County,2024-04,0
92333,Fawnskin,San Bernardino County,2024-06,39
92333,Fawnskin,San Bernardino County,2025-01,51
92333,Fawnskin,San Bernardino County,2025-09,50
92333,Fawnskin,San Bernardino County,2025-12,40
92335,Fontana,San Bernardino County,2012-05,75
92335,Fontana,San Bernardino County,2013-10,92
92335,Fontana,San Bernardino County,2013-12,84
92335,Fontana,San Bernardino County,2014-05,84
92335,Fontana,San Bernardino County,2014-06,84
92335,Fontana,San Bernardino County,2016-04,75
92335,Fontana,San Bernardino County,2016-08,80
92335,Fontana,San Bernardino County,2016-12,74
92335,Fontana,San Bernardino County,2018-09,73
92335,Fontana,San Bernardino County,2019-02,60
92335,Fontana,San Bernardino County,2020-10,90
92335,Fontana,San Bernardino County,2021-10,93
92335,Fontana,San Bernardino County,2023-04,76
92335,Fontana,San Bernardino County,2024-07,77
92335,Fontana,San Bernardino County,2024-08,74
92335,Fontana,San Bernardino County,2024-10,78
92336,Fontana,San Bernardino County,2012-05,77
92336,Fontana,San Bernardino County,2013-03,95
92336,Fontana,San Bernardino County,2014-05,83
92336,Fontana,San Bernardino County,2014-10,77
92336,Fontana,San Bernardino County,2015-04,76
92336,Fontana,San Bernardino County,2016-07,77
92336,Fontana,San Bernardino County,2016-11,78
92336,Fontana,San Bernardino County,2017-05,85
92336,Fontana,San Bernardino County,2020-05,84
92336,Fontana,San Bernardino County,2020-10,99
92336,Fontana,San Bernardino County,2022-03,100
92336,Fontana,San Bernardino County,2022-04,100
92336,Fontana,San Bernardino County,2022-07,92
92336,Fontana,San Bernardino County,2024-02,82
92336,Fontana,San Bernardino County,2025-07,72
92337,Fontana,San Bernardino County,2012-08,79
92337,Fontana,San Bernardino County,2012-11,80
92337,Fontana,San Bernardino County,2013-09,95
92337,Fontana,San Bernardino County,2014-10,73
92337,Fontana,San Bernardino County,2015-01,68
92337,Fontana,San Bernardino County,2015-03,68
92337,Fontana,San Bernardino County,2015-05,80
92337,Fontana,San Bernardino County,2016-09,77
92337,Fontana,San Bernardino County,2017-11,82
92337,Fontana,San Bernardino County,2017-12,77
92337,Fontana,San Bernardino County,2018-03,80
92337,Fontana,San Bernardino County,2020-01,71
92337,Fontana,San Bernardino County,2020-03,77
92337,Fontana,San Bernardino County,2020-06,90
92337,Fontana,San Bernardino County,2022-05,100
92337,Fontana,San Bernardino County,2023-05,86
92337,Fontana,San Bernardino County,2024-12,73
92337,Fontana,San Bernardino County,2025-06,86
92337,Fontana,San Bernardino County,2025-07,80
92339,Forest Falls,San Bernardino County,2012-05,45
92339,Forest Falls,San Bernardino County,2012-09,40
92339,Forest Falls,San Bernardino County,2012-12,42
92339,Forest Falls,San Bernardino County,2013-06,63
92339,Forest Falls,San Bernardino County,2013-09,45
92339,Forest Falls,San Bernardino County,2014-02,36
92339,Forest Falls,San Bernardino County,2014-10,53
92339,Forest Falls,San Bernardino County,2017-08,62
92339,Forest Falls,San Bernardino County,2018-02,44
92339,Forest Falls,San Bernardino County,2019-08,44
92339,Forest Falls,San Bernardino County,2020-04,14
92339,Forest Falls,San Bernardino County,2021-03,42
92339,Forest Falls,San Bernardino County,2021-04,63
92339,Forest Falls,San Bernardino County,2022-12,66
92339,Forest Falls,San Bernardino County,2024-06,52
92339,Forest Falls,San Bernardino County,2024-10,46
92339,Forest Falls,San Bernardino County,2025-11,34
92341,Green Valley Lake,San Bernardino County,2012-04,0
92341,Green Valley Lake,San Bernardino County,2012-08,0
92341,Green Valley Lake,San Bernardino County,2014-01,18
92341,Green Valley Lake,San Bernardino County,2014-03,42
92341,Green Valley Lake,San Bernardino County,2014-06,27
92341,Green Valley Lake,San Bernardino County,2016-02,0
92341,Green Valley Lake,San Bernardino County,2016-04,0
92341,Green Valley Lake,San Bernardino County,2016-06,37
92341,Green Valley Lake,San Bernardino County,2017-04,7
92341,Green Valley Lake,San Bernardino County,2018-01,32
92341,Green Valley Lake,San Bernardino County,2018-03,17
92341,Green Valley Lake,San Bernardino County,2018-06,16
92341,Green Valley Lake,San Bernardino County,2018-08,38
92341,Green Valley Lake,San Bernardino County,2019-07,51
92341,Green Valley Lake,San Bernardino County,2019-12,27
92341,Green Valley Lake,San Bernardino County,2020-08,48
92341,Green Valley Lake,San Bernardino County,2021-02,60
92341,Green Valley Lake,San Bernardino County,2021-11,60
92341,Green Valley Lake,San Bernardino County,2022-05,89
92341,Green Valley Lake,San Bernardino County,2022-08,57
92341,Green Valley Lake,San Bernardino County,2024-01,29
92341,Green Valley Lake,San Bernardino County,2024-10,53
92341,Green Valley Lake,San Bernardino County,2024-11,46
92341,Green Valley Lake,San Bernardino County,2025-01,20
92341,Green Valley Lake,San Bernardino County,2025-04,17
92341,Green Valley Lake,San Bernardino County,2025-08,71
92342,Helendale,San Bernardino County,2012-04,17
92342,Helendale,San Bernardino County,2012-07,60
92342,Helendale,San Bernardino County,2012-08,59
92342,Helendale,San Bernardino County,2013-12,11
92342,Helendale,San Bernardino County,2014-02,35
92342,Helendale,San Bernardino County,2014-05,43
92342,Helendale,San Bernardino County,2014-06,48
92342,Helendale,San Bernardino County,2014-09,42
92342,Helendale,San Bernardino County,2015-01,37
92342,Helendale,San Bernardino County,2015-05,39
92342,Helendale,San Bernardino County,2015-08,36
92342,Helendale,San Bernardino County,2016-10,35
92342,Helendale,San Bernardino County,2016-12,27
92342,Helendale,San Bernardino County,2017-11,43
92342,Helendale,San Bernardino County,2019-03,23
92342,Helendale,San Bernardino County,2020-04,42
92342,Helendale,San Bernardino County,2020-09,55
92342,Helendale,San Bernardino County,2021-11,68
92342,Helendale,San Bernardino County,2021-12,71
92342,Helendale,San Bernardino County,2022-09,70
92342,Helendale,San Bernardino County,2023-08,70
92342,Helendale,San Bernardino County,2023-10,69
92344,Hesperia,San Bernardino County,2013-04,70
92344,Hesperia,San Bernardino County,2013-10,65
92344,Hesperia,San Bernardino County,2013-11,66
92344,Hesperia,San Bernardino County,2013-12,61
92344,Hesperia,San Bernardino County,2014-03,66
92344,Hesperia,San Bernardino County,2014-04,65
92344,Hesperia,San Bernardino County,2014-08,67
92344,Hesperia,San Bernardino County,2014-11,57
92344,Hesperia,San Bernardino County,2016-07,61
92344,Hesperia,San Bernardino County,2017-01,56
92344,Hesperia,San Bernardino County,2018-01,59
92344,Hesperia,San Bernardino County,2019-05,55
92344,Hesperia,San Bernardino County,2019-10,54
92344,Hesperia,San Bernardino County,2020-08,64
92344,Hesperia,San Bernardino County,2020-09,70
92344,Hesperia,San Bernardino County,2021-02,68
92344,Hesperia,San Bernardino County,2021-04,77
92344,Hesperia,San Bernardino County,2021-07,85
92344,Hesperia,San Bernardino County,2021-10,87
92344,Hesperia,San Bernardino County,2023-10,71
92344,Hesperia,San Bernardino County,2024-02,59
92344,Hesperia,San Bernardino County,2025-10,59
92345,Hesperia,San Bernardino County,2013-05,69
92345,Hesperia,San Bernardino County,2013-09,63
92345,Hesperia,San Bernardino County,2015-11,58
92345,Hesperia,San Bernardino County,2016-03,57
92345,Hesperia,San Bernardino County,2017-03,54
92345,Hesperia,San Bernardino County,2017-11,64
92345,Hesperia,San Bernardino County,2022-05,97
92345,Hesperia,San Bernardino County,2022-12,67
92345,Hesperia,San Bernardino County,2023-05,83
92345,Hesperia,San Bernardino County,2024-07,82
92346,Highland,San Bernardino County,2012-05,74
92346,Highland,San Bernardino County,2012-07,78
92346,Highland,San Bernardino County,2013-08,94
92346,Highland,San Bernardino County,2013-09,92
92346,Highland,San Bernardino County,2013-10,89
92346,Highland,San Bernardino County,2014-10,78
92346,Highland,San Bernardino County,2015-02,68
92346,Highland,San Bernardino County,2015-08,74
92346,Highland,San Bernardino County,2016-11,70
92346,Highland,San Bernardino County,2016-12,68
92346,Highland,San Bernardino County,2018-11,69
92346,Highland,San Bernardino County,2019-02,61
92346,Highland,San Bernardino County,2020-04,78
92346,Highland,San Bernardino County,2020-09,88
92346,Highland,San Bernardino County,2021-07,95
92346,Highland,San Bernardino County,2022-05,100
92346,Highland,San Bernardino County,2023-08,91
92346,Highland,San Bernardino County,2023-11,81
92346,Highland,San Bernardino County,2024-03,78
92346,Highland,San Bernardino County,2024-08,79
92347,Hinkley,San Bernardino County,2013-03,0
92347,Hinkley,San Bernardino County,2013-04,30
92347,Hinkley,San Bernardino County,2013-06,23
92347,Hinkley,San Bernardino County,2014-05,100
92347,Hinkley,San Bernardino County,2014-07,69
92347,Hinkley,San Bernardino County,2015-10,0
92347,Hinkley,San Bernardino County,2016-07,45
92347,Hinkley,San Bernardino County,2016-10,29
92347,Hinkley,San Bernardino County,2017-02,72
92347,Hinkley,San Bernardino County,2017-06,19
92347,Hinkley,San Bernardino County,2019-03,10
92347,Hinkley,San Bernardino County,2020-11,49
92347,Hinkley,San Bernardino County,2021-02,34
92347,Hinkley,San Bernardino County,2022-07,0
92347,Hinkley,San Bernardino County,2022-11,0
92347,Hinkley,San Bernardino County,2022-12,15
92352,Lake Arrowhead,San Bernardino County,2012-04,0
92352,Lake Arrowhead,San Bernardino County,2014-01,0
92352,Lake Arrowhead,San Bernardino County,2016-01,14
92352,Lake Arrowhead,San Bernardino County,2016-02,0
92352,Lake Arrowhead,San Bernardino County,2016-03,0
92352,Lake Arrowhead,San Bernardino County,2016-11,21
92352,Lake Arrowhead,San Bernardino County,2017-07,0
92352,Lake Arrowhead,San Bernardino County,2018-03,8
92352,Lake Arrowhead,San Bernardino County,2018-06,26
92352,Lake Arrowhead,San Bernardino County,2018-09,41
92352,Lake Arrowhead,San Bernardino County,2019-11,35
92352,Lake Arrowhead,San Bernardino County,2020-09,57
92352,Lake Arrowhead,San Bernardino County,2020-11,64
92352,Lake Arrowhead,San Bernardino County,2022-02,74
92352,Lake Arrowhead,San Bernardino County,2022-04,90
92352,Lake Arrowhead,San Bernardino County,2022-06,80
92352,Lake Arrowhead,San Bernardino County,2023-02,47
92352,Lake Arrowhead,San Bernardino County,2023-04,37
92352,Lake Arrowhead,San Bernardino County,2023-08,60
92352,Lake Arrowhead,San Bernardino County,2024-05,59
92352,Lake Arrowhead,San Bernardino County,2024-09,52
92352,Lake Arrowhead,San Bernardino County,2025-11,34
92354,Loma Linda,San Bernardino County,2012-07,72
92354,Loma Linda,San Bernardino County,2015-02,56
92354,Loma Linda,San Bernardino County,2015-12,62
92354,Loma Linda,San Bernardino County,2017-04,64
92354,Loma Linda,San Bernardino County,2018-03,60
92354,Loma Linda,San Bernardino County,2019-07,77
92354,Loma Linda,San Bernardino County,2021-05,84
92354,Loma Linda,San Bernardino County,2021-07,92
92354,Loma Linda,San Bernardino County,2021-08,95
92354,Loma Linda,San Bernardino County,2022-12,68
92354,Loma Linda,San Bernardino County,2023-01,66
92354,Loma Linda,San Bernardino County,2024-06,71
92354,Loma Linda,San Bernardino County,2024-07,68
92354,Loma Linda,San Bernardino County,2024-12,68
92354,Loma Linda,San Bernardino County,2025-02,68
92354,Loma Linda,San Bernardino County,2025-08,55
92356,Lucerne Valley,San Bernardino County,2012-04,50
92356,Lucerne Valley,San Bernardino County,2012-06,48
92356,Lucerne Valley,San Bernardino County,2012-09,56
92356,Lucerne Valley,San Bernardino County,2013-05,33
92356,Lucerne Valley,San Bernardino County,2013-12,33
92356,Lucerne Valley,San Bernardino County,2016-02,32
92356,Lucerne Valley,San Bernardino County,2016-08,34
92356,Lucerne Valley,San Bernardino County,2017-01,46
92356,Lucerne Valley,San Bernardino County,2017-02,39
92356,Lucerne Valley,San Bernardino County,2017-06,43
92356,Lucerne Valley,San Bernardino County,2018-10,44
92356,Lucerne Valley,San Bernardino County,2019-10,45
92356,Lucerne Valley,San Bernardino County,2020-07,35
92356,Lucerne Valley,San Bernardino County,2021-10,68
92356,Lucerne Valley,San Bernardino County,2021-11,72
92356,Lucerne Valley,San Bernardino County,2025-04,38
92356,Lucerne Valley,San Bernardino County,2025-07,56
92356,Lucerne Valley,San Bernardino County,2025-10,66
92358,Lytle Creek,San Bernardino County,2012-08,100
92358,Lytle Creek,San Bernardino County,2013-08,66
92358,Lytle Creek,San Bernardino County,2013-11,33
92358,Lytle Creek,San Bernardino County,2014-11,69
92358,Lytle Creek,San Bernardino County,2015-12,73
92358,Lytle Creek,San Bernardino County,2016-03,59
92358,Lytle Creek,San Bernardino County,2016-04,46
92358,Lytle Creek,San Bernardino County,2017-02,84
92358,Lytle Creek,San Bernardino County,2017-09,55
92358,Lytle Creek,San Bernardino County,2017-10,51
92358,Lytle Creek,San Bernardino County,2018-10,59
92358,Lytle Creek,San Bernardino County,2020-05,63
92358,Lytle Creek,San Bernardino County,2020-06,51
92358,Lytle Creek,San Bernardino County,2021-06,65
92358,Lytle Creek,San Bernardino County,2022-01,75
92358,Lytle Creek,San Bernardino County,2023-09,62
92358,Lytle Creek,San Bernardino County,2023-11,53
92358,Lytle Creek,San Bernardino County,2024-01,39
92358,Lytle Creek,San Bernardino County,2024-10,70
92358,Lytle Creek,San Bernardino County,2025-04,27
92358,Lytle Creek,San Bernardino County,2025-06,38
92358,Lytle Creek,San Bernardino County,2025-07,20
92358,Lytle Creek,San Bernardino County,2025-12,32
92359,Mentone,San Bernardino County,2013-08,75
92359,Mentone,San Bernardino County,2013-11,72
92359,Mentone,San Bernardino County,2014-09,73
92359,Mentone,San Bernardino County,2015-09,79
92359,Mentone,San Bernardino County,2015-10,75
92359,Mentone,San Bernardino County,2016-03,78
92359,Mentone,San Bernardino County,2016-11,64
92359,Mentone,San Bernardino County,2017-02,62
92359,Mentone,San Bernardino County,2017-10,63
92359,Mentone,San Bernardino County,2017-11,57
92359,Mentone,San Bernardino County,2018-04,66
92359,Mentone,San Bernardino County,2018-08,66
92359,Mentone,San Bernardino County,2019-06,64
92359,Mentone,San Bernardino County,2019-07,72
92359,Mentone,San Bernardino County,2019-12,64
92359,Mentone,San Bernardino County,2021-07,84
92359,Mentone,San Bernardino County,2022-11,85
92359,Mentone,San Bernardino County,2023-12,77
92359,Mentone,San Bernardino County,2025-11,70
92363,Needles,San Bernardino County,2012-07,55
92363,Needles,San Bernardino County,2013-08,45
92363,Needles,San Bernardino County,2014-10,53
92363,Needles,San Bernardino County,2014-11,63
92363,Needles,San Bernardino County,2016-03,6
92363,Needles,San Bernardino County,2016-04,58
92363,Needles,San Bernardino County,2016-07,53
92363,Needles,San Bernardino County,2016-09,35
92363,Needles,San Bernardino County,2017-02,41
92363,Needles,San Bernardino County,2017-07,47
92363,Needles,San Bernardino County,2017-09,62
92363,Needles,San Bernardino County,2019-09,46
92363,Needles,San Bernardino County,2020-03,26
92363,Needles,San Bernardino County,2020-04,34
92363,Needles,San Bernardino County,2020-09,61
92363,Needles,San Bernardino County,2020-12,55
92363,Needles,San Bernardino County,2021-06,86
92363,Needles,San Bernardino County,2022-05,68
92363,Needles,San Bernardino County,2024-05,43
92363,Needles,San Bernardino County,2024-11,36
92363,Needles,San Bernardino County,2024-12,26
92365,Newberry Springs,San Bernardino County,2014-02,80
92365,Newberry Springs,San Bernardino County,2014-06,28
92365,Newberry Springs,San Bernardino County,2015-12,18
92365,Newberry Springs,San Bernardino County,2016-06,44
92365,Newberry Springs,San Bernardino County,2018-01,0
92365,Newberry Springs,San Bernardino County,2018-12,72
92365,Newberry Springs,San Bernardino County,2019-02,76
92365,Newberry Springs,San Bernardino County,2019-03,10
92365,Newberry Springs,San Bernardino County,2019-04,25
92365,Newberry Springs,San Bernardino County,2021-04,30
92365,Newberry Springs,San Bernardino County,2023-04,36
92365,Newberry Springs,San Bernardino County,2024-01,43
92365,Newberry Springs,San Bernardino County,2024-07,19
92366,Mountain Pass,San Bernardino County,2013-04,50
92366,Mountain Pass,San Bernardino County,2013-09,28
92366,Mountain Pass,San Bernardino County,2014-06,24
92366,Mountain Pass,San Bernardino County,2014-08,30
92366,Mountain Pass,San Bernardino County,2015-04,53
92366,Mountain Pass,San Bernardino County,2015-11,37
92366,Mountain Pass,San Bernardino County,2016-01,11
92366,Mountain Pass,San Bernardino County,2016-08,4
92366,Mountain Pass,San Bernardino County,2017-06,26
92366,Mountain Pass,San Bernardino County,2017-07,43
92366,Mountain Pass,San Bernardino County,2017-10,17
92366,Mountain Pass,San Bernardino County,2017-11,0
92366,Mountain Pass,San Bernardino County,2018-07,1
92366,Mountain Pass,San Bernardino County,2019-10,49
92366,Mountain Pass,San Bernardino County,2020-01,0
92366,Mountain Pass,San Bernardino County,2020-05,25
92366,Mountain Pass,San Bernardino County,2021-01,39
92366,Mountain Pass,San Bernardino County,2021-02,43
92366,Mountain Pass,San Bernardino County,2022-04,40
92366,Mountain Pass,San Bernardino County,2022-08,32
92366,Mountain Pass,San Bernardino County,2023-06,28
92366,Mountain Pass,San Bernardino County,2023-11,17
92366,Mountain Pass,San Bernardino County,2025-04,8
92366,Mountain Pass,San Bernardino County,2025-11,33
92368,Oro Grande,San Bernardino County,2016-04,37
92368,Oro Grande,San Bernardino County,2017-01,38
92368,Oro Grande,San Bernardino County,2019-03,13
92368,Oro Grande,San Bernardino County,2019-05,0
92368,Oro Grande,San Bernardino County,2019-08,66
92368,Oro Grande,San Bernardino County,2019-11,29
92368,Oro Grande,San Bernardino County,2020-03,51
92368,Oro Grande,San Bernardino County,2020-08,84
92368,Oro Grande,San Bernardino County,2020-12,45
92368,Oro Grande,San Bernardino County,2021-03,60
92368,Oro Grande,San Bernardino County,2021-05,67
92368,Oro Grande,San Bernardino County,2021-08,84
92368,Oro Grande,San Bernardino County,2022-02,71
92368,Oro Grande,San Bernardino County,2022-08,67
92368,Oro Grande,San Bernardino County,2022-10,75
92368,Oro Grande,San Bernardino County,2024-11,44
92368,Oro Grande,San Bernardino County,2025-06,0
92371,Phelan,San Bernardino County,2012-05,76
92371,Phelan,San Bernardino County,2012-11,68
92371,Phelan,San Bernardino County,2015-11,51
92371,Phelan,San Bernardino County,2016-03,38
92371,Phelan,San Bernardino County,2017-02,46
92371,Phelan,San Bernardino County,2019-05,46
92371,Phelan,San Bernardino County,2020-08,58
92371,Phelan,San Bernardino County,2020-11,54
92371,Phelan,San Bernardino County,2020-12,57
92371,Phelan,San Bernardino County,2021-03,69
92371,Phelan,San Bernardino County,2021-04,67
92371,Phelan,San Bernardino County,2021-09,85
92371,Phelan,San Bernardino County,2022-09,65
92371,Phelan,San Bernardino County,2023-11,61
92371,Phelan,San Bernardino County,2024-12,60
92372,Pinon Hills,San Bernardino County,2012-12,61
92372,Pinon Hills,San Bernardino County,2013-04,56
92372,Pinon Hills,San Bernardino County,2013-05,59
92372,Pinon Hills,San Bernardino County,2014-05,47
92372,Pinon Hills,San Bernardino County,2014-07,56
92372,Pinon Hills,San Bernardino County,2014-09,45
92372,Pinon Hills,San Bernardino County,2014-10,43
92372,Pinon Hills,San Bernardino County,2015-09,47
92372,Pinon Hills,San Bernardino County,2016-10,45
92372,Pinon Hills,San Bernardino County,2017-01,46
92372,Pinon Hills,San Bernardino County,2017-05,25
92372,Pinon Hills,San Bernardino County,2019-01,43
92372,Pinon Hills,San Bernardino County,2019-03,42
92372,Pinon Hills,San Bernardino County,2019-04,41
92372,Pinon Hills,San Bernardino County,2019-07,46
92372,Pinon Hills,San Bernardino County,2019-08,34
92372,Pinon Hills,San Bernardino County,2019-09,39
92372,Pinon Hills,San Bernardino County,2020-04,49
92372,Pinon Hills,San Bernardino County,2020-12,46
92372,Pinon Hills,San Bernardino County,2021-03,70
92372,Pinon Hills,San Bernardino County,2021-11,70
92372,Pinon Hills,San Bernardino County,2022-05,80
92373,Redlands,San Bernardino County,2012-11,68
92373,Redlands,San Bernardino County,2013-07,77
92373,Redlands,San Bernardino County,2014-12,62
92373,Redlands,San Bernardino County,2015-06,66
92373,Redlands,San Bernardino County,2015-08,62
92373,Redlands,San Bernardino County,2016-02,61
92373,Redlands,San Bernardino County,2016-10,72
92373,Redlands,San Bernardino County,2017-01,48
92373,Redlands,San Bernardino County,2018-04,73
92373,Redlands,San Bernardino County,2019-02,68
92373,Redlands,San Bernardino County,2020-01,64
92373,Redlands,San Bernardino County,2021-03,71
92373,Redlands,San Bernardino County,2022-07,90
92373,Redlands,San Bernardino County,2024-05,82
92373,Redlands,San Bernardino County,2025-01,66
92373,Redlands,San Bernardino County,2025-04,71
92374,Redlands,San Bernardino County,2013-01,80
92374,Redlands,San Bernardino County,2013-03,83
92374,Redlands,San Bernardino County,2013-05,86
92374,Redlands,San Bernardino County,2013-06,89
92374,Redlands,San Bernardino County,2013-08,87
92374,Redlands,San Bernardino County,2013-09,87
92374,Redlands,San Bernardino County,2014-04,76
92374,Redlands,San Bernardino County,2014-10,70
92374,Redlands,San Bernardino County,2015-03,63
92374,Redlands,San Bernardino County,2015-10,66
92374,Redlands,San Bernardino County,2016-09,69
92374,Redlands,San Bernardino County,2017-02,65
92374,Redlands,San Bernardino County,2017-06,80
92374,Redlands,San Bernardino County,2018-10,70
92374,Redlands,San Bernardino County,2019-11,72
92374,Redlands,San Bernardino County,2020-08,84
92374,Redlands,San Bernardino County,2021-05,88
92374,Redlands,San Bernardino County,2021-11,89
92374,Redlands,San Bernardino County,2023-07,90
92374,Redlands,San Bernardino County,2024-08,78
92376,Rialto,San Bernardino County,2013-12,83
92376,Rialto,San Bernardino County,2014-02,77
92376,Rialto,San Bernardino County,2015-09,82
92376,Rialto,San Bernardino County,2016-01,74
92376,Rialto,San Bernardino County,2016-12,70
92376,Rialto,San Bernardino County,2017-01,69
92376,Rialto,San Bernardino County,2017-11,76
92376,Rialto,San Bernardino County,2018-06,78
92376,Rialto,San Bernardino County,2020-03,77
92376,Rialto,San Bernardino County,2020-04,82
92376,Rialto,San Bernardino County,2020-06,86
92376,Rialto,San Bernardino County,2023-03,64
92376,Rialto,San Bernardino County,2024-09,83
92376,Rialto,San Bernardino County,2025-08,70
92376,Rialto,San Bernardino County,2025-12,60
92377,Rialto,San Bernardino County,2014-07,87
92377,Rialto,San Bernardino County,2015-07,77
92377,Rialto,San Bernardino County,2015-11,75
92377,Rialto,San Bernardino County,2015-12,76
92377,Rialto,San Bernardino County,2016-11,75
92377,Rialto,San Bernardino County,2016-12,78
92377,Rialto,San Bernardino County,2017-01,76
92377,Rialto,San Bernardino County,2017-10,86
92377,Rialto,San Bernardino County,2017-11,89
92377,Rialto,San Bernardino County,2018-01,84
92377,Rialto,San Bernardino County,2018-04,82
92377,Rialto,San Bernardino County,2018-05,83
92377,Rialto,San Bernardino County,2019-06,80
92377,Rialto,San Bernardino County,2020-02,75
92377,Rialto,San Bernardino County,2020-06,90
92377,Rialto,San Bernardino County,2022-11,73
92377,Rialto,San Bernardino County,2023-08,89
92377,Rialto,San Bernardino County,2024-10,69
92377,Rialto,San Bernardino County,2025-03,71
92377,Rialto,San Bernardino County,2025-05,66
92378,Rimforest,San Bernardino County,2014-07,26
92378,Rimforest,San Bernardino County,2016-08,58
92378,Rimforest,San Bernardino County,2018-05,65
92378,Rimforest,San Bernardino County,2020-10,26
92378,Rimforest,San Bernardino County,2021-06,48
92378,Rimforest,San Bernardino County,2023-05,41
92378,Rimforest,San Bernardino County,2024-11,66
92378,Rimforest,San Bernardino County,2025-02,52
92378,Rimforest,San Bernardino County,2025-04,0
92382,Running Springs,San Bernardino County,2012-09,29
92382,Running Springs,San Bernardino County,2013-04,19
92382,Running Springs,San Bernardino County,2013-06,43
92382,Running Springs,San Bernardino County,2014-05,35
92382,Running Springs,San Bernardino County,2015-07,46
92382,Running Springs,San Bernardino County,2015-12,21
92382,Running Springs,San Bernardino County,2017-08,52
92382,Running Springs,San Bernardino County,2018-03,39
92382,Running Springs,San Bernardino County,2019-08,54
92382,Running Springs,San Bernardino County,2020-07,61
92382,Running Springs,San Bernardino County,2020-09,61
92382,Running Springs,San Bernardino County,2021-06,78
92382,Running Springs,San Bernardino County,2021-11,72
92382,Running Springs,San Bernardino County,2022-03,86
92382,Running Springs,San Bernardino County,2022-05,97
92382,Running Springs,San Bernardino County,2022-09,66
92382,Running Springs,San Bernardino County,2024-05,61
92382,Running Springs,San Bernardino County,2024-06,65
92382,Running Springs,San Bernardino County,2024-12,50
92382,Running Springs,San Bernardino County,2025-01,45
92382,Running Springs,San Bernardino County,2025-02,43
92382,Running Springs,San Bernardino County,2025-07,58
92382,Running Springs,San Bernardino County,2025-09,46
92385,Skyforest,San Bernardino County,2012-09,1
92385,Skyforest,San Bernardino County,2013-02,38
92385,Skyforest,San Bernardino County,2013-03,46
92385,Skyforest,San Bernardino County,2013-05,1
92385,Skyforest,San Bernardino County,2014-05,16
92385,Skyforest,San Bernardino County,2014-07,47
92385,Skyforest,San Bernardino County,2015-06,33
92385,Skyforest,San Bernardino County,2016-07,36
92385,Skyforest,San Bernardino County,2018-05,0
92385,Skyforest,San Bernardino County,2019-03,38
92385,Skyforest,San Bernardino County,2021-10,55
92385,Skyforest,San Bernardino County,2022-06,85
92385,Skyforest,San Bernardino County,2024-10,67
92385,Skyforest,San Bernardino County,2024-11,64
92385,Skyforest,San Bernardino County,2025-05,26
92385,Skyforest,San Bernardino County,2025-08,0
92385,Skyforest,San Bernardino County,2025-12,32
92386,Sugarloaf,San Bernardino County,2012-12,36
92386,Sugarloaf,San Bernardino County,2015-01,38
92386,Sugarloaf,San Bernardino County,2015-09,46
92386,Sugarloaf,San Bernardino County,2016-12,47
92386,Sugarloaf,San Bernardino County,2017-02,39
92386,Sugarloaf,San Bernardino County,2017-07,58
92386,Sugarloaf,San Bernardino County,2018-06,59
92386,Sugarloaf,San Bernardino County,2018-11,45
92386,Sugarloaf,San Bernardino County,2019-07,46
92386,Sugarloaf,San Bernardino County,2020-09,58
92386,Sugarloaf,San Bernardino County,2020-11,70
92386,Sugarloaf,San Bernardino County,2021-09,71
92386,Sugarloaf,San Bernardino County,2021-10,73
92386,Sugarloaf,San Bernardino County,2021-11,78
92386,Sugarloaf,San Bernardino County,2022-07,74
92386,Sugarloaf,San Bernardino County,2022-09,60
92386,Sugarloaf,San Bernardino County,2023-02,46
92386,Sugarloaf,San Bernardino County,2023-11,49
92386,Sugarloaf,San Bernardino County,2024-07,56
92386,Sugarloaf,San Bernardino County,2024-09,64
92386,Sugarloaf,San Bernardino County,2024-11,40
92386,Sugarloaf,San Bernardino County,2025-01,31
92391,Twin Peaks,San Bernardino County,2012-04,36
92391,Twin Peaks,San Bernardino County,2013-05,28
92391,Twin Peaks,San Bernardino County,2013-09,39
92391,Twin Peaks,San Bernardino County,2014-04,50
92391,Twin Peaks,San Bernardino County,2015-04,18
92391,Twin Peaks,San Bernardino County,2015-06,35
92391,Twin Peaks,San Bernardino County,2015-08,42
92391,Twin Peaks,San Bernardino County,2016-02,35
92391,Twin Peaks,San Bernardino County,2016-05,43
92391,Twin Peaks,San Bernardino County,2018-02,35
92391,Twin Peaks,San Bernardino County,2018-04,33
92391,Twin Peaks,San Bernardino County,2018-07,46
92391,Twin Peaks,San Bernardino County,2019-11,42
92391,Twin Peaks,San Bernardino County,2021-12,62
92391,Twin Peaks,San Bernardino County,2023-04,41
92391,Twin Peaks,San Bernardino County,2023-06,73
92391,Twin Peaks,San Bernardino County,2023-09,59
92391,Twin Peaks,San Bernardino County,2024-02,61
92391,Twin Peaks,San Bernardino County,2024-08,57
92391,Twin Peaks,San Bernardino County,2025-01,37
92391,Twin Peaks,San Bernardino County,2025-11,52
92392,Victorville,San Bernardino County,2012-11,79
92392,Victorville,San Bernardino County,2013-04,80
92392,Victorville,San Bernardino County,2015-07,59
92392,Victorville,San Bernardino County,2015-10,61
92392,Victorville,San Bernardino County,2016-07,70
92392,Victorville,San Bernardino County,2016-08,71
92392,Victorville,San Bernardino County,2017-11,65
92392,Victorville,San Bernardino County,2018-02,56
92392,Victorville,San Bernardino County,2018-06,68
92392,Victorville,San Bernardino County,2019-01,59
92392,Victorville,San Bernardino County,2019-05,63
92392,Victorville,San Bernardino County,2019-09,64
92392,Victorville,San Bernardino County,2020-11,82
92392,Victorville,San Bernardino County,2021-05,88
92392,Victorville,San Bernardino County,2022-04,98
92392,Victorville,San Bernardino County,2023-11,74
92392,Victorville,San Bernardino County,2024-01,63
92392,Victorville,San Bernardino County,2025-03,68
92393,Victorville,San Bernardino County,2015-11,16
92393,Victorville,San Bernardino County,2017-12,56
92393,Victorville,San Bernardino County,2018-10,73
92393,Victorville,San Bernardino County,2021-09,97
92393,Victorville,San Bernardino County,2021-11,84
92393,Victorville,San Bernardino County,2022-03,66
92393,Victorville,San Bernardino County,2023-07,100
92393,Victorville,San Bernardino County,2023-08,100
92393,Victorville,San Bernardino County,2024-03,75
92393,Victorville,San Bernardino County,2025-03,38
92393,Victorville,San Bernardino County,2025-09,100
92394,Victorville,San Bernardino County,2012-07,71
92394,Victorville,San Bernardino County,2013-02,79
92394,Victorville,San Bernardino County,2014-01,63
92394,Victorville,San Bernardino County,2014-06,60
92394,Victorville,San Bernardino County,2015-10,58
92394,Victorville,San Bernardino County,2015-11,56
92394,Victorville,San Bernardino County,2016-08,66
92394,Victorville,San Bernardino County,2017-01,61
92394,Victorville,San Bernardino County,2017-02,60
92394,Victorville,San Bernardino County,2017-03,64
92394,Victorville,San Bernardino County,2017-04,68
92394,Victorville,San Bernardino County,2018-03,64
92394,Victorville,San Bernardino County,2018-10,64
92394,Victorville,San Bernardino County,2019-02,60
92394,Victorville,San Bernardino County,2019-09,64
92394,Victorville,San Bernardino County,2020-12,80
92394,Victorville,San Bernardino County,2021-02,83
92394,Victorville,San Bernardino County,2021-07,90
92394,Victorville,San Bernardino County,2021-12,92
92394,Victorville,San Bernardino County,2022-01,95
92394,Victorville,San Bernardino County,2022-04,94
92394,Victorville,San Bernardino County,2022-05,93
92394,Victorville,San Bernardino County,2023-05,79
92394,Victorville,San Bernardino County,2024-02,75
92394,Victorville,San Bernardino County,2024-05,83
92394,Victorville,San Bernardino County,2025-09,64
92395,Victorville,San Bernardino County,2012-04,53
92395,Victorville,San Bernardino County,2014-09,59
92395,Victorville,San Bernardino County,2015-06,55
92395,Victorville,San Bernardino County,2015-08,55
92395,Victorville,San Bernardino County,2015-10,53
92395,Victorville,San Bernardino County,2016-07,61
92395,Victorville,San Bernardino County,2017-01,56
92395,Victorville,San Bernardino County,2019-10,58
92395,Victorville,San Bernardino County,2020-02,51
92395,Victorville,San Bernardino County,2021-07,83
92395,Victorville,San Bernardino County,2022-10,71
92395,Victorville,San Bernardino County,2023-08,88
92395,Victorville,San Bernardino County,2024-01,70
92395,Victorville,San Bernardino County,2024-07,84
92395,Victorville,San Bernardino County,2025-02,64
92395,Victorville,San Bernardino County,2025-08,65
92397,Wrightwood,San Bernardino County,2012-08,63
92397,Wrightwood,San Bernardino County,2013-04,50
92397,Wrightwood,San Bernardino County,2013-06,38
92397,Wrightwood,San Bernardino County,2014-06,23
92397,Wrightwood,San Bernardino County,2014-11,44
92397,Wrightwood,San Bernardino County,2015-06,38
92397,Wrightwood,San Bernardino County,2015-10,45
92397,Wrightwood,San Bernardino County,2016-10,47
92397,Wrightwood,San Bernardino County,2017-01,27
92397,Wrightwood,San Bernardino County,2017-02,26
92397,Wrightwood,San Bernardino County,2017-03,36
92397,Wrightwood,San Bernardino County,2017-07,47
92397,Wrightwood,San Bernardino County,2020-04,45
92397,Wrightwood,San Bernardino County,2021-01,65
92397,Wrightwood,San Bernardino County,2021-03,60
92397,Wrightwood,San Bernardino County,2021-07,79
92397,Wrightwood,San Bernardino County,2023-02,47
92397,Wrightwood,San Bernardino County,2023-03,38
92397,Wrightwood,San Bernardino County,2023-04,49
92397,Wrightwood,San Bernardino County,2024-02,42
92397,Wrightwood,San Bernardino County,2024-03,36
92397,Wrightwood,San Bernardino County,2024-04,48
92397,Wrightwood,San Bernardino County,2024-06,60
92397,Wrightwood,San Bernardino County,2024-10,59
92397,Wrightwood,San Bernardino County,2024-12,56
92397,Wrightwood,San Bernardino County,2025-06,54
92398,Yermo,San Bernardino County,2012-05,62
92398,Yermo,San Bernardino County,2012-07,80
92398,Yermo,San Bernardino County,2013-08,1
92398,Yermo,San Bernardino County,2014-08,10
92398,Yermo,San Bernardino County,2014-11,0
92398,Yermo,San Bernardino County,2015-09,14
92398,Yermo,San Bernardino County,2015-11,12
92398,Yermo,San Bernardino County,2017-11,20
92398,Yermo,San Bernardino County,2018-04,36
92398,Yermo,San Bernardino County,2018-06,34
92398,Yermo,San Bernardino County,2019-09,46
92398,Yermo,San Bernardino County,2020-02,38
92398,Yermo,San Bernardino County,2024-04,74
92398,Yermo,San Bernardino County,2024-05,85
92398,Yermo,San Bernardino County,2025-10,51
92399,Yucaipa,San Bernardino County,2014-08,76
92399,Yucaipa,San Bernardino County,2015-02,64
92399,Yucaipa,San Bernardino County,2016-01,66
92399,Yucaipa,San Bernardino County,2017-09,71
92399,Yucaipa,San Bernardino County,2018-05,70
92399,Yucaipa,San Bernardino County,2018-07,75
92399,Yucaipa,San Bernardino County,2018-08,73
92399,Yucaipa,San Bernardino County,2018-12,58
92399,Yucaipa,San Bernardino County,2019-01,58
92399,Yucaipa,San Bernardino County,2020-02,56
92399,Yucaipa,San Bernardino County,2021-08,89
92399,Yucaipa,San Bernardino County,2022-02,88
92399,Yucaipa,San Bernardino County,2023-04,70
92399,Yucaipa,San Bernardino County,2023-09,77
92399,Yucaipa,San Bernardino County,2024-02,67
92399,Yucaipa,San Bernardino County,2024-06,80
92399,Yucaipa,San Bernardino County,2025-04,75
92399,Yucaipa,San Bernardino County,2025-10,74
92401,San Bernardino,San Bernardino County,2012-05,40
92401,San Bernardino,San Bernardino County,2012-06,33
92401,San Bernardino,San Bernardino County,2012-07,46
92401,San Bernardino,San Bernardino County,2012-11,71
92401,San Bernardino,San Bernardino County,2013-03,77
92401,San Bernardino,San Bernardino County,2013-06,40
92401,San Bernardino,San Bernardino County,2014-07,84
92401,San Bernardino,San Bernardino County,2014-12,78
92401,San Bernardino,San Bernardino County,2015-02,66
92401,San Bernardino,San Bernardino County,2015-09,77
92401,San Bernardino,San Bernardino County,2017-06,57
92401,San Bernardino,San Bernardino County,2017-10,60
92401,San Bernardino,San Bernardino County,2018-03,32
92401,San Bernardino,San Bernardino County,2018-04,63
92401,San Bernardino,San Bernardino County,2018-10,69
92401,San Bernardino,San Bernardino County,2019-06,81
92401,San Bernardino,San Bernardino County,2019-09,27
92401,San Bernardino,San Bernardino County,2020-06,49
92401,San Bernardino,San Bernardino County,2020-12,66
92401,San Bernardino,San Bernardino County,2024-12,85
92402,San Bernardino,San Bernardino County,2013-03,46
92402,San Bernardino,San Bernardino County,2015-09,57
92402,San Bernardino,San Bernardino County,2016-07,42
92402,San Bernardino,San Bernardino County,2019-12,0
92402,San Bernardino,San Bernardino County,2020-01,10
92402,San Bernardino,San Bernardino County,2022-08,84
92402,San Bernardino,San Bernardino County,2022-11,34
92402,San Bernardino,San Bernardino County,2023-01,57
92402,San Bernardino,San Bernardino County,2023-02,79
92402,San Bernardino,San Bernardino County,2024-11,26
92402,San Bernardino,San Bernardino County,2025-03,27
92402,San Bernardino,San Bernardino County,2025-05,61
92402,San Bernardino,San Bernardino County,2025-10,44
92404,San Bernardino,San Bernardino County,2012-10,80
92404,San Bernardino,San Bernardino County,2012-12,82
92404,San Bernardino,San Bernardino County,2013-03,87
92404,San Bernardino,San Bernardino County,2015-10,73
92404,San Bernardino,San Bernardino County,2016-01,72
92404,San Bernardino,San Bernardino County,2016-03,77
92404,San Bernardino,San Bernardino County,2016-05,82
92404,San Bernardino,San Bernardino County,2017-05,72
92404,San Bernardino,San Bernardino County,2019-06,73
92404,San Bernardino,San Bernardino County,2020-05,68
92404,San Bernardino,San Bernardino County,2021-05,93
92404,San Bernardino,San Bernardino County,2021-07,96
92404,San Bernardino,San Bernardino County,2021-12,93
92404,San Bernardino,San Bernardino County,2022-01,89
92404,San Bernardino,San Bernardino County,2022-09,79
92404,San Bernardino,San Bernardino County,2024-02,78
92404,San Bernardino,San Bernardino County,2024-03,80
92404,San Bernardino,San Bernardino County,2024-08,80
92404,San Bernardino,San Bernardino County,2025-02,62
92404,San Bernardino,San Bernardino County,2025-09,67
92405,San Bernardino,San Bernardino County,2012-11,79
92405,San Bernardino,San Bernardino County,2014-02,82
92405,San Bernardino,San Bernardino County,2014-04,73
92405,San Bernardino,San Bernardino County,2014-10,69
92405,San Bernardino,San Bernardino County,2014-11,70
92405,San Bernardino,San Bernardino County,2015-02,70
92405,San Bernardino,San Bernardino County,2015-03,72
92405,San Bernardino,San Bernardino County,2015-05,77
92405,San Bernardino,San Bernardino County,2016-02,72
92405,San Bernardino,San Bernardino County,2017-01,64
92405,San Bernardino,San Bernardino County,2018-09,74
92405,San Bernardino,San Bernardino County,2019-03,68
92405,San Bernardino,San Bernardino County,2019-05,70
92405,San Bernardino,San Bernardino County,2019-06,73
92405,San Bernardino,San Bernardino County,2019-11,77
92405,San Bernardino,San Bernardino County,2020-02,69
92405,San Bernardino,San Bernardino County,2020-03,72
92405,San Bernardino,San Bernardino County,2020-10,94
92405,San Bernardino,San Bernardino County,2021-12,98
92405,San Bernardino,San Bernardino County,2024-12,69
92407,San Bernardino,San Bernardino County,2012-06,75
92407,San Bernardino,San Bernardino County,2012-08,77
92407,San Bernardino,San Bernardino County,2013-01,81
92407,San Bernardino,San Bernardino County,2014-03,79
92407,San Bernardino,San Bernardino County,2014-05,79
92407,San Bernardino,San Bernardino County,2014-11,76
92407,San Bernardino,San Bernardino County,2015-04,74
92407,San Bernardino,San Bernardino County,2015-10,75
92407,San Bernardino,San Bernardino County,2016-02,72
92407,San Bernardino,San Bernardino County,2016-09,73
92407,San Bernardino,San Bernardino County,2018-11,69
92407,San Bernardino,San Bernardino County,2021-03,99
92407,San Bernardino,San Bernardino County,2021-08,100
92407,San Bernardino,San Bernardino County,2021-11,92
92407,San Bernardino,San Bernardino County,2023-01,62
92407,San Bernardino,San Bernardino County,2024-01,74
92407,San Bernardino,San Bernardino County,2024-06,80
92407,San Bernardino,San Bernardino County,2025-04,75
92407,San Bernardino,San Bernardino County,2025-07,67
92408,San Bernardino,San Bernardino County,2012-09,71
92408,San Bernardino,San Bernardino County,2013-02,76
92408,San Bernardino,San Bernardino County,2014-08,77
92408,San Bernardino,San Bernardino County,2017-02,62
92408,San Bernardino,San Bernardino County,2018-03,67
92408,San Bernardino,San Bernardino County,2018-12,85
92408,San Bernardino,San Bernardino County,2019-02,59
92408,San Bernardino,San Bernardino County,2019-09,74
92408,San Bernardino,San Bernardino County,2020-05,75
92408,San Bernardino,San Bernardino County,2023-06,86
92408,San Bernardino,San Bernardino County,2024-04,65
92408,San Bernardino,San Bernardino County,2024-08,76
92408,San Bernardino,San Bernardino County,2025-08,72
92410,San Bernardino,San Bernardino County,2012-12,76
92410,San Bernardino,San Bernardino County,2013-02,76
92410,San Bernardino,San Bernardino County,2013-03,77
92410,San Bernardino,San Bernardino County,2014-01,76
92410,San Bernardino,San Bernardino County,2014-12,68
92410,San Bernardino,San Bernardino County,2015-08,73
92410,San Bernardino,San Bernardino County,2017-04,58
92410,San Bernardino,San Bernardino County,2019-08,77
92410,San Bernardino,San Bernardino County,2021-07,82
92410,San Bernardino,San Bernardino County,2021-08,85
92410,San Bernardino,San Bernardino County,2021-12,90
92410,San Bernardino,San Bernardino County,2023-02,64
92410,San Bernardino,San Bernardino County,2023-03,63
92411,San Bernardino,San Bernardino County,2013-08,79
92411,San Bernardino,San Bernardino County,2014-10,81
92411,San Bernardino,San Bernardino County,2015-02,78
92411,San Bernardino,San Bernardino County,2016-03,75
92411,San Bernardino,San Bernardino County,2016-09,77
92411,San Bernardino,San Bernardino County,2017-05,70
92411,San Bernardino,San Bernardino County,2018-07,78
92411,San Bernardino,San Bernardino County,2018-09,71
92411,San Bernardino,San Bernardino County,2019-12,66
92411,San Bernardino,San Bernardino County,2020-12,80
92411,San Bernardino,San Bernardino County,2021-06,86
92411,San Bernardino,San Bernardino County,2022-08,88
92411,San Bernardino,San Bernardino County,2022-09,79
92411,San Bernardino,San Bernardino County,2022-10,77
92411,San Bernardino,San Bernardino County,2023-01,69
92411,San Bernardino,San Bernardino County,2023-02,74
92411,San Bernardino,San Bernardino County,2023-07,86
92411,San Bernardino,San Bernardino County,2023-11,87
92411,San Bernardino,San Bernardino County,2024-04,79
92413,San Bernardino,San Bernardino County,2013-10,62
92413,San Bernardino,San Bernardino County,2014-09,67
92413,San Bernardino,San Bernardino County,2022-01,100
92413,San Bernardino,San Bernardino County,2024-09,75
92501,Riverside,Riverside County,2013-10,86
92501,Riverside,Riverside County,2013-11,85
92501,Riverside,Riverside County,2014-06,82
92501,Riverside,Riverside County,2014-09,76
92501,Riverside,Riverside County,2016-03,67
92501,Riverside,Riverside County,2017-08,73
92501,Riverside,Riverside County,2019-04,48
92501,Riverside,Riverside County,2021-06,88
92501,Riverside,Riverside County,2022-09,84
92501,Riverside,Riverside County,2025-12,61
92503,Riverside,Riverside County,2013-03,85
92503,Riverside,Riverside County,2014-08,84
92503,Riverside,Riverside County,2015-02,66
92503,Riverside,Riverside County,2015-03,68
92503,Riverside,Riverside County,2015-10,73
92503,Riverside,Riverside County,2016-01,70
92503,Riverside,Riverside County,2016-03,71
92503,Riverside,Riverside County,2016-11,70
92503,Riverside,Riverside County,2017-04,69
92503,Riverside,Riverside County,2017-06,78
92503,Riverside,Riverside County,2018-08,73
92503,Riverside,Riverside County,2020-07,82
92503,Riverside,Riverside County,2020-08,89
92503,Riverside,Riverside County,2021-10,97
92503,Riverside,Riverside County,2022-05,100
92503,Riverside,Riverside County,2022-08,90
92503,Riverside,Riverside County,2023-01,64
92503,Riverside,Riverside County,2023-03,71
92503,Riverside,Riverside County,2023-04,82
92503,Riverside,Riverside County,2023-08,98
92503,Riverside,Riverside County,2023-10,93
92503,Riverside,Riverside County,2024-01,75
92503,Riverside,Riverside County,2025-07,64
92503,Riverside,Riverside County,2025-10,64
92504,Riverside,Riverside County,2012-07,79
92504,Riverside,Riverside County,2013-01,81
92504,Riverside,Riverside County,2015-11,74
92504,Riverside,Riverside County,2015-12,69
92504,Riverside,Riverside County,2016-05,75
92504,Riverside,Riverside County,2017-01,68
92504,Riverside,Riverside County,2018-03,79
92504,Riverside,Riverside County,2019-02,57
92504,Riverside,Riverside County,2020-07,80
92504,Riverside,Riverside County,2021-01,94
92504,Riverside,Riverside County,2021-06,97
92504,Riverside,Riverside County,2022-01,94
92504,Riverside,Riverside County,2022-04,100
92504,Riverside,Riverside County,2025-07,74
92505,Riverside,Riverside County,2013-04,93
92505,Riverside,Riverside County,2013-10,92
92505,Riverside,Riverside County,2016-03,64
92505,Riverside,Riverside County,2016-06,76
92505,Riverside,Riverside County,2017-01,64
92505,Riverside,Riverside County,2017-08,79
92505,Riverside,Riverside County,2018-01,74
92505,Riverside,Riverside County,2018-07,73
92505,Riverside,Riverside County,2019-01,59
92505,Riverside,Riverside County,2019-08,70
92505,Riverside,Riverside County,2020-05,83
92505,Riverside,Riverside County,2020-06,80
92505,Riverside,Riverside County,2021-07,100
92505,Riverside,Riverside County,2021-09,93
92505,Riverside,Riverside County,2022-07,94
92505,Riverside,Riverside County,2022-10,81
92505,Riverside,Riverside County,2023-08,94
92505,Riverside,Riverside County,2023-12,71
92506,Riverside,Riverside County,2012-04,66
92506,Riverside,Riverside County,2012-10,71
92506,Riverside,Riverside County,2014-01,76
92506,Riverside,Riverside County,2015-01,62
92506,Riverside,Riverside County,2016-05,76
92506,Riverside,Riverside County,2017-04,72
92506,Riverside,Riverside County,2017-08,78
92506,Riverside,Riverside County,2018-06,75
92506,Riverside,Riverside County,2019-08,77
92506,Riverside,Riverside County,2019-12,65
92506,Riverside,Riverside County,2020-07,80
92506,Riverside,Riverside County,2020-10,89
92506,Riverside,Riverside County,2021-02,87
92506,Riverside,Riverside County,2021-05,98
92506,Riverside,Riverside County,2021-11,92
92506,Riverside,Riverside County,2022-05,100
92506,Riverside,Riverside County,2023-01,59
92506,Riverside,Riverside County,2023-11,84
92506,Riverside,Riverside County,2025-07,71
92507,Riverside,Riverside County,2012-08,78
92507,Riverside,Riverside County,2013-01,81
92507,Riverside,Riverside County,2013-02,76
92507,Riverside,Riverside County,2013-12,81
92507,Riverside,Riverside County,2014-01,79
92507,Riverside,Riverside County,2016-07,77
92507,Riverside,Riverside County,2017-04,71
92507,Riverside,Riverside County,2018-02,73
92507,Riverside,Riverside County,2018-09,77
92507,Riverside,Riverside County,2018-12,62
92507,Riverside,Riverside County,2019-07,69
92507,Riverside,Riverside County,2020-08,82
92507,Riverside,Riverside County,2020-09,87
92507,Riverside,Riverside County,2020-11,82
92507,Riverside,Riverside County,2021-09,96
92507,Riverside,Riverside County,2021-12,88
92507,Riverside,Riverside County,2022-01,87
92507,Riverside,Riverside County,2022-05,100
92507,Riverside,Riverside County,2023-07,84
92507,Riverside,Riverside County,2023-08,86
92507,Riverside,Riverside County,2023-09,84
92507,Riverside,Riverside County,2025-01,59
92507,Riverside,Riverside County,2025-10,57
92508,Riverside,Riverside County,2012-10,82
92508,Riverside,Riverside County,2016-12,61
92508,Riverside,Riverside County,2017-04,77
92508,Riverside,Riverside County,2017-07,82
92508,Riverside,Riverside County,2017-12,73
92508,Riverside,Riverside County,2018-04,78
92508,Riverside,Riverside County,2019-03,54
92508,Riverside,Riverside County,2019-04,69
92508,Riverside,Riverside County,2019-07,77
92508,Riverside,Riverside County,2022-09,80
92508,Riverside,Riverside County,2023-09,94
92508,Riverside,Riverside County,2024-01,74
92508,Riverside,Riverside County,2024-02,80
92508,Riverside,Riverside County,2025-05,66
92508,Riverside,Riverside County,2025-09,62
92509,Riverside,Riverside County,2012-11,79
92509,Riverside,Riverside County,2014-02,80
92509,Riverside,Riverside County,2014-12,74
92509,Riverside,Riverside County,2015-02,67
92509,Riverside,Riverside County,2017-04,65
92509,Riverside,Riverside County,2017-11,72
92509,Riverside,Riverside County,2018-05,76
92509,Riverside,Riverside County,2018-06,75
92509,Riverside,Riverside County,2019-03,66
92509,Riverside,Riverside County,2020-01,73
92509,Riverside,Riverside County,2020-03,79
92509,Riverside,Riverside County,2020-11,92
92509,Riverside,Riverside County,2021-03,98
92509,Riverside,Riverside County,2021-08,96
92509,Riverside,Riverside County,2023-01,69
92509,Riverside,Riverside County,2023-07,88
92509,Riverside,Riverside County,2024-01,72
92509,Riverside,Riverside County,2024-03,76
92509,Riverside,Riverside County,2024-06,91
92509,Riverside,Riverside County,2024-07,88
92509,Riverside,Riverside County,2025-09,77
92509,Riverside,Riverside County,2025-11,70
92513,Riverside,Riverside County,2013-06,7
92513,Riverside,Riverside County,2013-07,4
92513,Riverside,Riverside County,2013-09,91
92513,Riverside,Riverside County,2015-09,100
92513,Riverside,Riverside County,2016-06,67
92513,Riverside,Riverside County,2017-08,56
92513,Riverside,Riverside County,2017-09,54
92513,Riverside,Riverside County,2018-10,32
92513,Riverside,Riverside County,2020-06,5
92513,Riverside,Riverside County,2023-07,95
92513,Riverside,Riverside County,2024-06,100
92513,Riverside,Riverside County,2025-12,45
92517,Riverside,Riverside County,2013-12,80
92517,Riverside,Riverside County,2014-12,25
92517,Riverside,Riverside County,2015-06,57
92517,Riverside,Riverside County,2016-04,50
92517,Riverside,Riverside County,2022-10,100
92517,Riverside,Riverside County,2025-04,66
92519,Riverside,Riverside County,2012-06,47
92530,Lake Elsinore,Riverside County,2012-06,69
92530,Lake Elsinore,Riverside County,2012-08,74
92530,Lake Elsinore,Riverside County,2013-08,91
92530,Lake Elsinore,Riverside County,2016-01,67
92530,Lake Elsinore,Riverside County,2016-07,76
92530,Lake Elsinore,Riverside County,2017-01,64
92530,Lake Elsinore,Riverside County,2017-06,81
92530,Lake Elsinore,Riverside County,2019-08,74
92530,Lake Elsinore,Riverside County,2020-08,86
92530,Lake Elsinore,Riverside County,2021-11,90
92530,Lake Elsinore,Riverside County,2022-04,99
92530,Lake Elsinore,Riverside County,2022-05,98
92530,Lake Elsinore,Riverside County,2022-10,73
92530,Lake Elsinore,Riverside County,2023-07,87
92530,Lake Elsinore,Riverside County,2024-03,72
92530,Lake Elsinore,Riverside County,2024-05,75
92530,Lake Elsinore,Riverside County,2025-01,64
92531,Lake Elsinore,Riverside County,2018-03,83
92532,Lake Elsinore,Riverside County,2012-09,71
92532,Lake Elsinore,Riverside County,2016-08,72
92532,Lake Elsinore,Riverside County,2018-12,60
92532,Lake Elsinore,Riverside County,2019-05,67
92532,Lake Elsinore,Riverside County,2019-07,68
92532,Lake Elsinore,Riverside County,2020-03,70
92532,Lake Elsinore,Riverside County,2022-05,97
92532,Lake Elsinore,Riverside County,2022-09,71
92532,Lake Elsinore,Riverside County,2022-10,63
92532,Lake Elsinore,Riverside County,2023-06,82
92532,Lake Elsinore,Riverside County,2024-02,64
92532,Lake Elsinore,Riverside County,2024-09,69
92532,Lake Elsinore,Riverside County,2025-02,52
92536,Aguanga,Riverside County,2012-08,57
92536,Aguanga,Riverside County,2012-09,55
92536,Aguanga,Riverside County,2013-03,63
92536,Aguanga,Riverside County,2014-02,72
92536,Aguanga,Riverside County,2015-08,48
92536,Aguanga,Riverside County,2016-04,47
92536,Aguanga,Riverside County,2016-09,46
92536,Aguanga,Riverside County,2016-11,46
92536,Aguanga,Riverside County,2016-12,45
92536,Aguanga,Riverside County,2017-11,37
92536,Aguanga,Riverside County,2018-01,46
92536,Aguanga,Riverside County,2019-11,49
92536,Aguanga,Riverside County,2021-04,68
92536,Aguanga,Riverside County,2021-05,72
92536,Aguanga,Riverside County,2021-12,48
92536,Aguanga,Riverside County,2022-02,76
92536,Aguanga,Riverside County,2022-12,49
92536,Aguanga,Riverside County,2023-02,54
92536,Aguanga,Riverside County,2024-11,41
92536,Aguanga,Riverside County,2025-04,49
92539,Anza,Riverside County,2012-07,60
92539,Anza,Riverside County,2012-09,69
92539,Anza,Riverside County,2012-12,43
92539,Anza,Riverside County,2015-10,54
92539,Anza,Riverside County,2017-04,100
92539,Anza,Riverside County,2018-01,31
92539,Anza,Riverside County,2018-08,37
92539,Anza,Riverside County,2019-03,77
92539,Anza,Riverside County,2019-06,62
92539,Anza,Riverside County,2020-06,42
92539,Anza,Riverside County,2021-05,49
92539,Anza,Riverside County,2021-09,49
92539,Anza,Riverside County,2022-05,75
92539,Anza,Riverside County,2022-11,51
92539,Anza,Riverside County,2024-07,71
92543,Hemet,Riverside County,2012-04,64
92543,Hemet,Riverside County,2013-12,69
92543,Hemet,Riverside County,2014-08,68
92543,Hemet,Riverside County,2015-01,63
92543,Hemet,Riverside County,2015-05,70
92543,Hemet,Riverside County,2016-03,71
92543,Hemet,Riverside County,2016-08,76
92543,Hemet,Riverside County,2016-10,77
92543,Hemet,Riverside County,2018-04,76
92543,Hemet,Riverside County,2020-02,68
92543,Hemet,Riverside County,2020-03,72
92543,Hemet,Riverside County,2020-05,74
92543,Hemet,Riverside County,2022-04,90
92543,Hemet,Riverside County,2023-10,78
92543,Hemet,Riverside County,2024-09,74
92543,Hemet,Riverside County,2024-12,64
92543,Hemet,Riverside County,2025-07,66
92544,Hemet,Riverside County,2013-06,87
92544,Hemet,Riverside County,2013-10,81
92544,Hemet,Riverside County,2014-06,78
92544,Hemet,Riverside County,2015-06,73
92544,Hemet,Riverside County,2015-09,74
92544,Hemet,Riverside County,2016-11,73
92544,Hemet,Riverside County,2017-04,74
92544,Hemet,Riverside County,2017-11,75
92544,Hemet,Riverside County,2018-04,74
92544,Hemet,Riverside County,2018-06,78
92544,Hemet,Riverside County,2020-08,90
92544,Hemet,Riverside County,2023-02,59
92544,Hemet,Riverside County,2023-07,88
92544,Hemet,Riverside County,2025-05,75
92545,Hemet,Riverside County,2013-12,83
92545,Hemet,Riverside County,2014-10,73
92545,Hemet,Riverside County,2014-11,72
92545,Hemet,Riverside County,2014-12,68
92545,Hemet,Riverside County,2015-01,66
92545,Hemet,Riverside County,2016-04,75
92545,Hemet,Riverside County,2017-07,83
92545,Hemet,Riverside County,2018-12,61
92545,Hemet,Riverside County,2019-02,57
92545,Hemet,Riverside County,2019-11,71
92545,Hemet,Riverside County,2020-11,90
92545,Hemet,Riverside County,2021-06,100
92545,Hemet,Riverside County,2021-09,100
92545,Hemet,Riverside County,2022-02,91
92545,Hemet,Riverside County,2022-03,95
92545,Hemet,Riverside County,2024-04,80
92545,Hemet,Riverside County,2025-11,63
92546,Hemet,Riverside County,2020-12,68
92546,Hemet,Riverside County,2023-04,13
92546,Hemet,Riverside County,2024-03,9
92548,Homeland,Riverside County,2012-09,12
92548,Homeland,Riverside County,2013-04,76
92548,Homeland,Riverside County,2013-07,69
92548,Homeland,Riverside County,2013-08,69
92548,Homeland,Riverside County,2013-09,91
92548,Homeland,Riverside County,2014-04,67
92548,Homeland,Riverside County,2015-12,52
92548,Homeland,Riverside County,2017-01,36
92548,Homeland,Riverside County,2017-08,71
92548,Homeland,Riverside County,2018-02,75
92548,Homeland,Riverside County,2018-05,72
92548,Homeland,Riverside County,2019-02,58
92548,Homeland,Riverside County,2019-10,49
92548,Homeland,Riverside County,2019-11,47
92548,Homeland,Riverside County,2020-02,41
92548,Homeland,Riverside County,2020-05,39
92548,Homeland,Riverside County,2021-12,86
92548,Homeland,Riverside County,2022-02,100
92548,Homeland,Riverside County,2023-09,66
92548,Homeland,Riverside County,2024-04,61
92548,Homeland,Riverside County,2024-11,59
92549,Idyllwild,Riverside County,2012-04,40
92549,Idyllwild,Riverside County,2012-12,49
92549,Idyllwild,Riverside County,2013-04,34
92549,Idyllwild,Riverside County,2013-08,50
92549,Idyllwild,Riverside County,2014-03,34
92549,Idyllwild,Riverside County,2016-04,51
92549,Idyllwild,Riverside County,2017-08,58
92549,Idyllwild,Riverside County,2018-02,73
92549,Idyllwild,Riverside County,2019-09,28
92549,Idyllwild,Riverside County,2020-05,36
92549,Idyllwild,Riverside County,2020-12,55
92549,Idyllwild,Riverside County,2024-02,45
92549,Idyllwild,Riverside County,2024-09,59
92551,Moreno Valley,Riverside County,2013-03,90
92551,Moreno Valley,Riverside County,2014-01,84
92551,Moreno Valley,Riverside County,2014-11,74
92551,Moreno Valley,Riverside County,2015-03,68
92551,Moreno Valley,Riverside County,2017-04,79
92551,Moreno Valley,Riverside County,2018-02,83
92551,Moreno Valley,Riverside County,2018-04,81
92551,Moreno Valley,Riverside County,2018-07,81
92551,Moreno Valley,Riverside County,2019-02,69
92551,Moreno Valley,Riverside County,2020-09,87
92551,Moreno Valley,Riverside County,2020-11,94
92551,Moreno Valley,Riverside County,2021-03,100
92551,Moreno Valley,Riverside County,2021-04,100
92551,Moreno Valley,Riverside County,2021-09,100
92551,Moreno Valley,Riverside County,2021-12,100
92551,Moreno Valley,Riverside County,2022-04,97
92551,Moreno Valley,Riverside County,2022-07,92
92551,Moreno Valley,Riverside County,2024-08,78
92551,Moreno Valley,Riverside County,2024-09,75
92551,Moreno Valley,Riverside County,2025-04,72
92551,Moreno Valley,Riverside County,2025-06,74
92552,Moreno Valley,Riverside County,2012-11,0
92552,Moreno Valley,Riverside County,2014-02,58
92552,Moreno Valley,Riverside County,2014-03,56
92552,Moreno Valley,Riverside County,2020-12,72
92552,Moreno Valley,Riverside County,2021-06,80
92552,Moreno Valley,Riverside County,2024-03,43
92553,Moreno Valley,Riverside County,2012-10,90
92553,Moreno Valley,Riverside County,2013-03,90
92553,Moreno Valley,Riverside County,2015-01,73
92553,Moreno Valley,Riverside County,2015-03,76
92553,Moreno Valley,Riverside County,2015-05,76
92553,Moreno Valley,Riverside County,2015-06,74
92553,Moreno Valley,Riverside County,2015-07,78
92553,Moreno Valley,Riverside County,2016-08,86
92553,Moreno Valley,Riverside County,2017-01,74
92553,Moreno Valley,Riverside County,2017-02,70
92553,Moreno Valley,Riverside County,2020-02,78
92553,Moreno Valley,Riverside County,2021-10,99
92553,Moreno Valley,Riverside County,2023-06,90
92553,Moreno Valley,Riverside County,2024-09,83
92553,Moreno Valley,Riverside County,2025-01,78
92553,Moreno Valley,Riverside County,2025-06,74
92555,Moreno Valley,Riverside County,2013-01,85
92555,Moreno Valley,Riverside County,2013-02,89
92555,Moreno Valley,Riverside County,2014-05,80
92555,Moreno Valley,Riverside County,2014-12,60
92555,Moreno Valley,Riverside County,2015-02,64
92555,Moreno Valley,Riverside County,2016-05,70
92555,Moreno Valley,Riverside County,2017-04,77
92555,Moreno Valley,Riverside County,2017-10,77
92555,Moreno Valley,Riverside County,2018-04,75
92555,Moreno Valley,Riverside County,2019-07,78
92555,Moreno Valley,Riverside County,2020-03,73
92555,Moreno Valley,Riverside County,2020-07,89
92555,Moreno Valley,Riverside County,2021-07,100
92555,Moreno Valley,Riverside County,2023-08,85
92555,Moreno Valley,Riverside County,2024-05,80
92555,Moreno Valley,Riverside County,2025-06,66
92557,Moreno Valley,Riverside County,2012-06,75
92557,Moreno Valley,Riverside County,2013-04,91
92557,Moreno Valley,Riverside County,2013-07,93
92557,Moreno Valley,Riverside County,2014-11,71
92557,Moreno Valley,Riverside County,2014-12,70
92557,Moreno Valley,Riverside County,2015-07,83
92557,Moreno Valley,Riverside County,2015-11,77
92557,Moreno Valley,Riverside County,2017-05,80
92557,Moreno Valley,Riverside County,2018-02,79
92557,Moreno Valley,Riverside County,2018-03,82
92557,Moreno Valley,Riverside County,2018-05,86
92557,Moreno Valley,Riverside County,2019-03,68
92557,Moreno Valley,Riverside County,2020-06,86
92557,Moreno Valley,Riverside County,2020-12,99
92557,Moreno Valley,Riverside County,2021-06,100
92557,Moreno Valley,Riverside County,2022-01,92
92561,Mountain Center,Riverside County,2012-06,56
92561,Mountain Center,Riverside County,2013-12,0
92561,Mountain Center,Riverside County,2014-02,0
92561,Mountain Center,Riverside County,2014-07,0
92561,Mountain Center,Riverside County,2015-09,2
92561,Mountain Center,Riverside County,2016-10,12
92561,Mountain Center,Riverside County,2016-12,23
92561,Mountain Center,Riverside County,2017-12,38
92561,Mountain Center,Riverside County,2018-03,38
92561,Mountain Center,Riverside County,2018-04,32
92561,Mountain Center,Riverside County,2019-03,0
92561,Mountain Center,Riverside County,2019-05,27
92561,Mountain Center,Riverside County,2020-03,22
92561,Mountain Center,Riverside County,2020-04,2
92561,Mountain Center,Riverside County,2021-02,52
92561,Mountain Center,Riverside County,2021-09,79
92561,Mountain Center,Riverside County,2022-03,59
92561,Mountain Center,Riverside County,2022-10,2
92561,Mountain Center,Riverside County,2023-10,37
92561,Mountain Center,Riverside County,2024-03,32
92561,Mountain Center,Riverside County,2024-04,37
92561,Mountain Center,Riverside County,2024-07,41
92561,Mountain Center,Riverside County,2025-02,32
92561,Mountain Center,Riverside County,2025-05,47
92562,Murrieta,Riverside County,2012-04,68
92562,Murrieta,Riverside County,2013-02,84
92562,Murrieta,Riverside County,2013-12,79
92562,Murrieta,Riverside County,2014-03,79
92562,Murrieta,Riverside County,2015-07,75
92562,Murrieta,Riverside County,2015-08,77
92562,Murrieta,Riverside County,2015-12,69
92562,Murrieta,Riverside County,2016-01,69
92562,Murrieta,Riverside County,2016-04,76
92562,Murrieta,Riverside County,2016-07,82
92562,Murrieta,Riverside County,2016-08,82
92562,Murrieta,Riverside County,2016-12,75
92562,Murrieta,Riverside County,2018-03,73
92562,Murrieta,Riverside County,2018-04,83
92562,Murrieta,Riverside County,2020-06,87
92562,Murrieta,Riverside County,2020-08,95
92562,Murrieta,Riverside County,2021-06,100
92562,Murrieta,Riverside County,2024-04,84
92562,Murrieta,Riverside County,2024-07,84
92562,Murrieta,Riverside County,2024-09,80
92562,Murrieta,Riverside County,2025-04,72
92563,Murrieta,Riverside County,2012-09,77
92563,Murrieta,Riverside County,2012-11,80
92563,Murrieta,Riverside County,2013-01,89
92563,Murrieta,Riverside County,2013-09,91
92563,Murrieta,Riverside County,2015-04,74
92563,Murrieta,Riverside County,2016-02,75
92563,Murrieta,Riverside County,2019-08,80
92563,Murrieta,Riverside County,2019-09,77
92563,Murrieta,Riverside County,2019-12,69
92563,Murrieta,Riverside County,2020-06,89
92563,Murrieta,Riverside County,2021-12,99
92563,Murrieta,Riverside County,2023-01,59
92563,Murrieta,Riverside County,2023-02,65
92563,Murrieta,Riverside County,2024-05,89
92563,Murrieta,Riverside County,2025-01,67
92563,Murrieta,Riverside County,2025-11,67
92564,Murrieta,Riverside County,2013-04,70
92564,Murrieta,Riverside County,2013-11,57
92564,Murrieta,Riverside County,2014-07,54
92564,Murrieta,Riverside County,2015-09,22
92564,Murrieta,Riverside County,2016-08,49
92564,Murrieta,Riverside County,2016-09,53
92564,Murrieta,Riverside County,2017-10,48
92564,Murrieta,Riverside County,2017-11,55
92564,Murrieta,Riverside County,2017-12,13
92564,Murrieta,Riverside County,2018-11,26
92564,Murrieta,Riverside County,2019-01,59
92564,Murrieta,Riverside County,2019-12,25
92564,Murrieta,Riverside County,2021-05,99
92564,Murrieta,Riverside County,2021-12,53
92564,Murrieta,Riverside County,2023-03,48
92564,Murrieta,Riverside County,2024-07,65
92564,Murrieta,Riverside County,2025-09,37
92567,Nuevo,Riverside County,2012-09,62
92567,Nuevo,Riverside County,2013-01,90
92567,Nuevo,Riverside County,2015-01,72
92567,Nuevo,Riverside County,2015-11,48
92567,Nuevo,Riverside County,2016-08,54
92567,Nuevo,Riverside County,2018-03,57
92567,Nuevo,Riverside County,2018-11,42
92567,Nuevo,Riverside County,2019-01,47
92567,Nuevo,Riverside County,2019-05,51
92567,Nuevo,Riverside County,2019-08,61
92567,Nuevo,Riverside County,2019-12,64
92567,Nuevo,Riverside County,2020-04,51
92567,Nuevo,Riverside County,2020-05,56
92567,Nuevo,Riverside County,2020-10,79
92567,Nuevo,Riverside County,2022-02,89
92567,Nuevo,Riverside County,2022-07,83
92567,Nuevo,Riverside County,2022-08,78
92567,Nuevo,Riverside County,2023-03,57
92567,Nuevo,Riverside County,2024-03,59
92567,Nuevo,Riverside County,2024-09,73
92567,Nuevo,Riverside County,2024-10,74
92570,Perris,Riverside County,2013-04,86
92570,Perris,Riverside County,2014-06,80
92570,Perris,Riverside County,2014-09,73
92570,Perris,Riverside County,2015-01,60
92570,Perris,Riverside County,2015-05,74
92570,Perris,Riverside County,2015-07,71
92570,Perris,Riverside County,2016-06,72
92570,Perris,Riverside County,2017-10,73
92570,Perris,Riverside County,2018-05,66
92570,Perris,Riverside County,2019-09,62
92570,Perris,Riverside County,2020-01,62
92570,Perris,Riverside County,2021-07,90
92570,Perris,Riverside County,2022-01,84
92570,Perris,Riverside County,2022-07,82
92570,Perris,Riverside County,2023-01,63
92570,Perris,Riverside County,2023-03,68
92570,Perris,Riverside County,2023-08,84
92570,Perris,Riverside County,2024-05,78
92570,Perris,Riverside County,2025-01,71
92571,Perris,Riverside County,2013-06,97
92571,Perris,Riverside County,2013-08,96
92571,Perris,Riverside County,2014-01,85
92571,Perris,Riverside County,2014-12,72
92571,Perris,Riverside County,2015-01,72
92571,Perris,Riverside County,2015-02,72
92571,Perris,Riverside County,2015-12,75
92571,Perris,Riverside County,2016-10,84
92571,Perris,Riverside County,2016-11,81
92571,Perris,Riverside County,2017-05,82
92571,Perris,Riverside County,2017-08,88
92571,Perris,Riverside County,2018-04,81
92571,Perris,Riverside County,2018-07,87
92571,Perris,Riverside County,2018-12,65
92571,Perris,Riverside County,2020-10,99
92571,Perris,Riverside County,2020-12,100
92571,Perris,Riverside County,2021-01,99
92571,Perris,Riverside County,2021-04,100
92571,Perris,Riverside County,2022-05,100
92571,Perris,Riverside County,2022-06,99
92571,Perris,Riverside County,2024-10,76
92582,San Jacinto,Riverside County,2012-04,57
92582,San Jacinto,Riverside County,2013-06,94
92582,San Jacinto,Riverside County,2014-05,73
92582,San Jacinto,Riverside County,2014-07,71
92582,San Jacinto,Riverside County,2014-09,75
92582,San Jacinto,Riverside County,2016-04,72
92582,San Jacinto,Riverside County,2017-10,79
92582,San Jacinto,Riverside County,2018-01,84
92582,San Jacinto,Riverside County,2018-09,62
92582,San Jacinto,Riverside County,2019-07,70
92582,San Jacinto,Riverside County,2019-09,70
92582,San Jacinto,Riverside County,2020-02,68
92582,San Jacinto,Riverside County,2021-05,94
92582,San Jacinto,Riverside County,2022-01,95
92582,San Jacinto,Riverside County,2022-09,69
92582,San Jacinto,Riverside County,2023-05,71
92582,San Jacinto,Riverside County,2023-09,89
92582,San Jacinto,Riverside County,2024-01,68
92582,San Jacinto,Riverside County,2024-03,68
92582,San Jacinto,Riverside County,2024-05,73
92582,San Jacinto,Riverside County,2024-06,74
92583,San Jacinto,Riverside County,2012-06,78
92583,San Jacinto,Riverside County,2014-02,79
92583,San Jacinto,Riverside County,2015-08,75
92583,San Jacinto,Riverside County,2016-09,80
92583,San Jacinto,Riverside County,2019-12,68
92583,San Jacinto,Riverside County,2020-01,67
92583,San Jacinto,Riverside County,2021-03,98
92583,San Jacinto,Riverside County,2021-12,97
92583,San Jacinto,Riverside County,2022-09,77
92583,San Jacinto,Riverside County,2024-02,78
92583,San Jacinto,Riverside County,2024-07,88
92583,San Jacinto,Riverside County,2024-08,82
92583,San Jacinto,Riverside County,2025-07,61
92583,San Jacinto,Riverside County,2025-12,74
92584,Menifee,Riverside County,2017-05,85
92584,Menifee,Riverside County,2018-02,71
92584,Menifee,Riverside County,2019-07,72
92584,Menifee,Riverside County,2019-12,64
92584,Menifee,Riverside County,2020-01,67
92584,Menifee,Riverside County,2021-10,100
92584,Menifee,Riverside County,2024-02,69
92584,Menifee,Riverside County,2024-09,81
92584,Menifee,Riverside County,2025-03,64
92584,Menifee,Riverside County,2025-05,73
92584,Menifee,Riverside County,2025-10,60
92585,Sun City,Riverside County,2013-07,96
92585,Sun City,Riverside County,2014-03,79
92585,Sun City,Riverside County,2014-07,79
92585,Sun City,Riverside County,2014-09,74
92585,Sun City,Riverside County,2014-11,69
92585,Sun City,Riverside County,2015-06,74
92585,Sun City,Riverside County,2015-08,71
92585,Sun City,Riverside County,2016-09,74
92585,Sun City,Riverside County,2017-04,76
92585,Sun City,Riverside County,2019-02,63
92585,Sun City,Riverside County,2019-09,71
92585,Sun City,Riverside County,2020-11,100
92585,Sun City,Riverside County,2021-12,92
92585,Sun City,Riverside County,2022-06,98
92585,Sun City,Riverside County,2023-03,70
92585,Sun City,Riverside County,2023-10,77
92585,Sun City,Riverside County,2024-04,78
92585,Sun City,Riverside County,2024-11,69
92585,Sun City,Riverside County,2025-01,68
92586,Sun City,Riverside County,2012-05,69
92586,Sun City,Riverside County,2013-02,80
92586,Sun City,Riverside County,2013-03,84
92586,Sun City,Riverside County,2015-01,67
92586,Sun City,Riverside County,2016-08,79
92586,Sun City,Riverside County,2017-02,63
92586,Sun City,Riverside County,2017-07,74
92586,Sun City,Riverside County,2018-10,67
92586,Sun City,Riverside County,2019-03,52
92586,Sun City,Riverside County,2020-12,88
92586,Sun City,Riverside County,2021-05,100
92586,Sun City,Riverside County,2021-11,93
92586,Sun City,Riverside County,2023-02,71
92586,Sun City,Riverside County,2024-01,67
92586,Sun City,Riverside County,2025-03,60
92587,Sun City,Riverside County,2014-01,65
92587,Sun City,Riverside County,2015-11,44
92587,Sun City,Riverside County,2016-07,60
92587,Sun City,Riverside County,2016-09,54
92587,Sun City,Riverside County,2016-10,53
92587,Sun City,Riverside County,2017-03,49
92587,Sun City,Riverside County,2017-10,69
92587,Sun City,Riverside County,2018-08,63
92587,Sun City,Riverside County,2018-09,62
92587,Sun City,Riverside County,2019-12,56
92587,Sun City,Riverside County,2020-07,69
92587,Sun City,Riverside County,2023-04,68
92587,Sun City,Riverside County,2023-06,80
92587,Sun City,Riverside County,2023-11,74
92587,Sun City,Riverside County,2024-07,79
92590,Temecula,Riverside County,2012-04,32
92590,Temecula,Riverside County,2014-12,56
92590,Temecula,Riverside County,2017-01,15
92590,Temecula,Riverside County,2017-02,0
92590,Temecula,Riverside County,2017-05,0
92590,Temecula,Riverside County,2017-11,0
92590,Temecula,Riverside County,2018-10,27
92590,Temecula,Riverside County,2019-06,43
92590,Temecula,Riverside County,2019-08,15
92590,Temecula,Riverside County,2020-02,24
92590,Temecula,Riverside County,2021-03,63
92590,Temecula,Riverside County,2021-07,62
92590,Temecula,Riverside County,2021-09,69
92590,Temecula,Riverside County,2022-01,44
92590,Temecula,Riverside County,2022-02,58
92590,Temecula,Riverside County,2023-07,40
92590,Temecula,Riverside County,2023-08,51
92590,Temecula,Riverside County,2024-01,37
92590,Temecula,Riverside County,2024-10,59
92591,Temecula,Riverside County,2012-10,81
92591,Temecula,Riverside County,2013-01,89
92591,Temecula,Riverside County,2014-05,77
92591,Temecula,Riverside County,2014-10,67
92591,Temecula,Riverside County,2015-06,78
92591,Temecula,Riverside County,2015-07,76
92591,Temecula,Riverside County,2016-07,80
92591,Temecula,Riverside County,2016-09,76
92591,Temecula,Riverside County,2016-10,74
92591,Temecula,Riverside County,2017-05,81
92591,Temecula,Riverside County,2018-02,76
92591,Temecula,Riverside County,2018-12,63
92591,Temecula,Riverside County,2019-08,77
92591,Temecula,Riverside County,2020-08,99
92591,Temecula,Riverside County,2021-06,100
92591,Temecula,Riverside County,2021-11,96
92591,Temecula,Riverside County,2022-03,99
92591,Temecula,Riverside County,2023-08,91
92591,Temecula,Riverside County,2023-10,82
92591,Temecula,Riverside County,2024-03,81
92591,Temecula,Riverside County,2024-09,76
92591,Temecula,Riverside County,2024-12,74
92591,Temecula,Riverside County,2025-06,66
92592,Temecula,Riverside County,2012-12,88
92592,Temecula,Riverside County,2013-01,92
92592,Temecula,Riverside County,2013-05,97
92592,Temecula,Riverside County,2014-08,76
92592,Temecula,Riverside County,2015-02,67
92592,Temecula,Riverside County,2015-03,72
92592,Temecula,Riverside County,2015-11,72
92592,Temecula,Riverside County,2015-12,70
92592,Temecula,Riverside County,2016-06,86
92592,Temecula,Riverside County,2016-09,77
92592,Temecula,Riverside County,2016-10,75
92592,Temecula,Riverside County,2017-03,73
92592,Temecula,Riverside County,2017-05,88
92592,Temecula,Riverside County,2017-08,83
92592,Temecula,Riverside County,2017-10,80
92592,Temecula,Riverside County,2018-01,74
92592,Temecula,Riverside County,2018-10,68
92592,Temecula,Riverside County,2019-08,77
92592,Temecula,Riverside County,2021-07,100
92592,Temecula,Riverside County,2022-03,100
92592,Temecula,Riverside County,2023-02,65
92592,Temecula,Riverside County,2023-05,91
92592,Temecula,Riverside County,2023-06,95
92592,Temecula,Riverside County,2024-12,75
92592,Temecula,Riverside County,2025-04,85
92592,Temecula,Riverside County,2025-07,69
92592,Temecula,Riverside County,2025-12,62
92595,Wildomar,Riverside County,2012-12,82
92595,Wildomar,Riverside County,2013-08,88
92595,Wildomar,Riverside County,2013-12,81
92595,Wildomar,Riverside County,2014-02,72
92595,Wildomar,Riverside County,2014-04,70
92595,Wildomar,Riverside County,2014-05,75
92595,Wildomar,Riverside County,2015-05,68
92595,Wildomar,Riverside County,2015-11,68
92595,Wildomar,Riverside County,2016-02,64
92595,Wildomar,Riverside County,2018-04,69
92595,Wildomar,Riverside County,2018-06,71
92595,Wildomar,Riverside County,2018-08,69
92595,Wildomar,Riverside County,2020-03,70
92595,Wildomar,Riverside County,2021-04,100
92595,Wildomar,Riverside County,2022-09,78
92595,Wildomar,Riverside County,2023-11,76
92595,Wildomar,Riverside County,2023-12,76
92595,Wildomar,Riverside County,2024-06,83
92595,Wildomar,Riverside County,2024-08,79
92595,Wildomar,Riverside County,2024-09,79
92595,Wildomar,Riverside County,2024-12,65
92595,Wildomar,Riverside County,2025-03,68
92595,Wildomar,Riverside County,2025-07,74
92595,Wildomar,Riverside County,2025-09,76
92596,Winchester,Riverside County,2013-08,87
92596,Winchester,Riverside County,2016-08,78
92596,Winchester,Riverside County,2016-12,67
92596,Winchester,Riverside County,2017-01,67
92596,Winchester,Riverside County,2017-06,77
92596,Winchester,Riverside County,2017-12,67
92596,Winchester,Riverside County,2018-01,64
92596,Winchester,Riverside County,2019-09,67
92596,Winchester,Riverside County,2021-03,100
92596,Winchester,Riverside County,2021-10,91
92596,Winchester,Riverside County,2022-03,97
92596,Winchester,Riverside County,2022-11,71
92596,Winchester,Riverside County,2023-08,89
92596,Winchester,Riverside County,2025-07,67
92602,Irvine,Orange County,2012-06,65
92602,Irvine,Orange County,2012-09,71
92602,Irvine,Orange County,2012-10,66
92602,Irvine,Orange County,2013-02,84
92602,Irvine,Orange County,2013-04,97
92602,Irvine,Orange County,2013-10,72
92602,Irvine,Orange County,2016-02,57
92602,Irvine,Orange County,2017-02,69
92602,Irvine,Orange County,2017-08,69
92602,Irvine,Orange County,2018-07,79
92602,Irvine,Orange County,2019-09,59
92602,Irvine,Orange County,2020-06,67
92602,Irvine,Orange County,2020-10,68
92602,Irvine,Orange County,2020-12,69
92602,Irvine,Orange County,2022-12,64
92602,Irvine,Orange County,2023-01,58
92602,Irvine,Orange County,2023-07,88
92603,Irvine,Orange County,2012-05,62
92603,Irvine,Orange County,2012-11,67
92603,Irvine,Orange County,2014-03,68
92603,Irvine,Orange County,2014-04,75
92603,Irvine,Orange County,2014-08,61
92603,Irvine,Orange County,2014-10,56
92603,Irvine,Orange County,2016-02,58
92603,Irvine,Orange County,2016-06,67
92603,Irvine,Orange County,2016-10,56
92603,Irvine,Orange County,2016-11,50
92603,Irvine,Orange County,2017-02,44
92603,Irvine,Orange County,2017-03,50
92603,Irvine,Orange County,2018-11,54
92603,Irvine,Orange County,2019-01,33
92603,Irvine,Orange County,2019-09,53
92603,Irvine,Orange County,2020-03,39
92603,Irvine,Orange County,2020-09,65
92603,Irvine,Orange County,2022-02,100
92603,Irvine,Orange County,2022-07,87
92603,Irvine,Orange County,2023-11,83
92604,Irvine,Orange County,2014-01,68
92604,Irvine,Orange County,2014-04,84
92604,Irvine,Orange County,2014-08,78
92604,Irvine,Orange County,2015-07,70
92604,Irvine,Orange County,2016-05,73
92604,Irvine,Orange County,2016-11,69
92604,Irvine,Orange County,2017-10,68
92604,Irvine,Orange County,2018-05,84
92604,Irvine,Orange County,2018-07,78
92604,Irvine,Orange County,2018-08,69
92604,Irvine,Orange County,2019-02,54
92604,Irvine,Orange County,2019-04,69
92604,Irvine,Orange County,2019-09,59
92604,Irvine,Orange County,2019-11,55
92604,Irvine,Orange County,2020-07,73
92604,Irvine,Orange County,2020-10,77
92604,Irvine,Orange County,2021-08,99
92604,Irvine,Orange County,2024-06,95
92604,Irvine,Orange County,2024-08,82
92606,Irvine,Orange County,2012-11,77
92606,Irvine,Orange County,2013-11,76
92606,Irvine,Orange County,2014-12,62
92606,Irvine,Orange County,2015-09,66
92606,Irvine,Orange County,2016-02,78
92606,Irvine,Orange County,2019-01,55
92606,Irvine,Orange County,2020-04,67
92606,Irvine,Orange County,2021-12,100
92606,Irvine,Orange County,2022-07,96
92606,Irvine,Orange County,2023-10,97
92606,Irvine,Orange County,2025-03,91
92606,Irvine,Orange County,2025-07,82
92606,Irvine,Orange County,2025-10,62
92610,Foothill Ranch,Orange County,2012-05,74
92610,Foothill Ranch,Orange County,2012-06,74
92610,Foothill Ranch,Orange County,2013-02,93
92610,Foothill Ranch,Orange County,2013-06,95
92610,Foothill Ranch,Orange County,2013-10,79
92610,Foothill Ranch,Orange County,2014-02,67
92610,Foothill Ranch,Orange County,2014-08,71
92610,Foothill Ranch,Orange County,2015-08,81
92610,Foothill Ranch,Orange County,2015-12,60
92610,Foothill Ranch,Orange County,2016-02,76
92610,Foothill Ranch,Orange County,2017-04,81
92610,Foothill Ranch,Orange County,2018-05,92
92610,Foothill Ranch,Orange County,2019-08,68
92610,Foothill Ranch,Orange County,2019-09,63
92610,Foothill Ranch,Orange County,2020-06,74
92610,Foothill Ranch,Orange County,2020-07,75
92610,Foothill Ranch,Orange County,2020-12,73
92610,Foothill Ranch,Orange County,2022-10,71
92610,Foothill Ranch,Orange County,2023-05,94
92610,Foothill Ranch,Orange County,2023-08,84
92610,Foothill Ranch,Orange County,2024-07,82
92610,Foothill Ranch,Orange County,2025-08,57
92612,Irvine,Orange County,2012-04,61
92612,Irvine,Orange County,2012-09,79
92612,Irvine,Orange County,2013-05,90
92612,Irvine,Orange County,2013-08,77
92612,Irvine,Orange County,2014-05,71
92612,Irvine,Orange County,2015-04,61
92612,Irvine,Orange County,2015-06,62
92612,Irvine,Orange County,2015-12,52
92612,Irvine,Orange County,2016-02,53
92612,Irvine,Orange County,2016-12,52
92612,Irvine,Orange County,2017-02,57
92612,Irvine,Orange County,2017-06,78
92612,Irvine,Orange County,2018-07,75
92612,Irvine,Orange County,2019-07,60
92612,Irvine,Orange County,2019-08,54
92612,Irvine,Orange County,2020-06,60
92612,Irvine,Orange County,2021-08,89
92612,Irvine,Orange County,2021-09,92
92612,Irvine,Orange County,2021-12,95
92612,Irvine,Orange County,2022-01,95
92612,Irvine,Orange County,2022-06,93
92612,Irvine,Orange County,2022-09,73
92612,Irvine,Orange County,2023-06,86
92612,Irvine,Orange County,2023-09,88
92612,Irvine,Orange County,2023-11,79
92612,Irvine,Orange County,2024-06,85
92612,Irvine,Orange County,2025-08,55
92614,Irvine,Orange County,2012-07,77
92614,Irvine,Orange County,2013-02,82
92614,Irvine,Orange County,2013-07,90
92614,Irvine,Orange County,2014-08,77
92614,Irvine,Orange County,2014-12,52
92614,Irvine,Orange County,2016-02,64
92614,Irvine,Orange County,2017-04,81
92614,Irvine,Orange County,2017-06,84
92614,Irvine,Orange County,2019-02,56
92614,Irvine,Orange County,2019-08,68
92614,Irvine,Orange County,2020-02,68
92614,Irvine,Orange County,2020-07,68
92614,Irvine,Orange County,2023-05,97
92614,Irvine,Orange County,2023-06,100
92614,Irvine,Orange County,2023-07,100
92614,Irvine,Orange County,2023-08,98
92614,Irvine,Orange County,2023-12,78
92614,Irvine,Orange County,2024-11,80
92618,Irvine,Orange County,2012-08,69
92618,Irvine,Orange County,2014-01,63
92618,Irvine,Orange County,2014-08,64
92618,Irvine,Orange County,2015-08,66
92618,Irvine,Orange County,2017-04,70
92618,Irvine,Orange County,2017-12,68
92618,Irvine,Orange County,2019-11,56
92618,Irvine,Orange County,2020-03,64
92618,Irvine,Orange County,2021-02,72
92618,Irvine,Orange County,2021-05,87
92618,Irvine,Orange County,2021-08,96
92618,Irvine,Orange County,2022-03,100
92618,Irvine,Orange County,2022-12,64
92618,Irvine,Orange County,2025-08,50
92620,Irvine,Orange County,2012-06,70
92620,Irvine,Orange County,2013-10,71
92620,Irvine,Orange County,2014-09,68
92620,Irvine,Orange County,2015-10,67
92620,Irvine,Orange County,2015-11,65
92620,Irvine,Orange County,2016-10,64
92620,Irvine,Orange County,2017-07,79
92620,Irvine,Orange County,2019-05,72
92620,Irvine,Orange County,2020-10,77
92620,Irvine,Orange County,2022-03,100
92620,Irvine,Orange County,2023-09,99
92620,Irvine,Orange County,2023-10,92
92620,Irvine,Orange County,2024-02,87
92620,Irvine,Orange County,2024-09,81
92624,Capistrano Beach,Orange County,2013-04,66
92624,Capistrano Beach,Orange County,2014-06,75
92624,Capistrano Beach,Orange County,2014-07,67
92624,Capistrano Beach,Orange County,2015-01,32
92624,Capistrano Beach,Orange County,2016-04,68
92624,Capistrano Beach,Orange County,2017-05,14
92624,Capistrano Beach,Orange County,2018-04,51
92624,Capistrano Beach,Orange County,2018-08,54
92624,Capistrano Beach,Orange County,2019-01,47
92624,Capistrano Beach,Orange County,2021-03,64
92624,Capistrano Beach,Orange County,2021-08,100
92624,Capistrano Beach,Orange County,2021-12,82
92624,Capistrano Beach,Orange County,2024-07,50
92624,Capistrano Beach,Orange County,2024-12,62
92624,Capistrano Beach,Orange County,2025-09,66
92625,Corona Del Mar,Orange County,2013-05,76
92625,Corona Del Mar,Orange County,2013-12,66
92625,Corona Del Mar,Orange County,2015-05,58
92625,Corona Del Mar,Orange County,2015-11,47
92625,Corona Del Mar,Orange County,2016-04,48
92625,Corona Del Mar,Orange County,2017-02,40
92625,Corona Del Mar,Orange County,2017-04,55
92625,Corona Del Mar,Orange County,2018-05,53
92625,Corona Del Mar,Orange County,2020-08,53
92625,Corona Del Mar,Orange County,2020-11,49
92625,Corona Del Mar,Orange County,2020-12,47
92625,Corona Del Mar,Orange County,2021-02,46
92625,Corona Del Mar,Orange County,2022-01,71
92625,Corona Del Mar,Orange County,2024-02,58
92625,Corona Del Mar,Orange County,2024-05,50
92625,Corona Del Mar,Orange County,2024-08,51
92625,Corona Del Mar,Orange County,2025-07,58
92626,Costa Mesa,Orange County,2012-08,77
92626,Costa Mesa,Orange County,2012-10,79
92626,Costa Mesa,Orange County,2013-11,78
92626,Costa Mesa,Orange County,2014-12,62
92626,Costa Mesa,Orange County,2015-11,69
92626,Costa Mesa,Orange County,2016-05,81
92626,Costa Mesa,Orange County,2017-03,75
92626,Costa Mesa,Orange County,2018-10,66
92626,Costa Mesa,Orange County,2019-12,67
92626,Costa Mesa,Orange County,2020-02,72
92626,Costa Mesa,Orange County,2021-12,97
92626,Costa Mesa,Orange County,2022-09,76
92626,Costa Mesa,Orange County,2024-09,83
92626,Costa Mesa,Orange County,2025-07,74
92627,Costa Mesa,Orange County,2012-06,76
92627,Costa Mesa,Orange County,2013-03,90
92627,Costa Mesa,Orange County,2013-08,83
92627,Costa Mesa,Orange County,2014-01,66
92627,Costa Mesa,Orange County,2014-03,72
92627,Costa Mesa,Orange County,2014-08,72
92627,Costa Mesa,Orange County,2015-12,66
92627,Costa Mesa,Orange County,2016-06,69
92627,Costa Mesa,Orange County,2016-08,66
92627,Costa Mesa,Orange County,2016-12,61
92627,Costa Mesa,Orange County,2017-03,71
92627,Costa Mesa,Orange County,2017-04,76
92627,Costa Mesa,Orange County,2017-07,68
92627,Costa Mesa,Orange County,2018-02,60
92627,Costa Mesa,Orange County,2018-07,74
92627,Costa Mesa,Orange County,2019-02,58
92627,Costa Mesa,Orange County,2019-06,63
92627,Costa Mesa,Orange County,2019-08,60
92627,Costa Mesa,Orange County,2021-01,75
92627,Costa Mesa,Orange County,2021-03,86
92627,Costa Mesa,Orange County,2021-05,91
92627,Costa Mesa,Orange County,2021-06,92
92627,Costa Mesa,Orange County,2021-11,87
92627,Costa Mesa,Orange County,2023-08,87
92627,Costa Mesa,Orange County,2024-04,86
92627,Costa Mesa,Orange County,2024-06,85
92627,Costa Mesa,Orange County,2024-10,75
92627,Costa Mesa,Orange County,2024-11,71
92627,Costa Mesa,Orange County,2025-02,75
92627,Costa Mesa,Orange County,2025-11,79
92629,Dana Point,Orange County,2013-03,75
92629,Dana Point,Orange County,2013-12,65
92629,Dana Point,Orange County,2014-07,69
92629,Dana Point,Orange County,2016-03,62
92629,Dana Point,Orange County,2016-05,71
92629,Dana Point,Orange County,2016-10,59
92629,Dana Point,Orange County,2017-02,58
92629,Dana Point,Orange County,2018-07,66
92629,Dana Point,Orange County,2018-08,62
92629,Dana Point,Orange County,2018-12,54
92629,Dana Point,Orange County,2019-10,55
92629,Dana Point,Orange County,2020-01,48
92629,Dana Point,Orange County,2021-08,92
92629,Dana Point,Orange County,2023-10,70
92629,Dana Point,Orange County,2024-03,77
92629,Dana Point,Orange County,2024-11,63
92629,Dana Point,Orange County,2025-06,67
92629,Dana Point,Orange County,2025-07,63
92630,Lake Forest,Orange County,2012-06,81
92630,Lake Forest,Orange County,2013-06,98
92630,Lake Forest,Orange County,2013-10,81
92630,Lake Forest,Orange County,2014-06,79
92630,Lake Forest,Orange County,2016-05,79
92630,Lake Forest,Orange County,2018-02,79
92630,Lake Forest,Orange County,2018-05,83
92630,Lake Forest,Orange County,2019-02,62
92630,Lake Forest,Orange County,2019-05,68
92630,Lake Forest,Orange County,2019-11,64
92630,Lake Forest,Orange County,2020-06,76
92630,Lake Forest,Orange County,2020-08,79
92630,Lake Forest,Orange County,2022-04,100
92630,Lake Forest,Orange County,2022-05,100
92630,Lake Forest,Orange County,2022-09,79
92630,Lake Forest,Orange County,2024-07,89
92630,Lake Forest,Orange County,2024-08,86
92630,Lake Forest,Orange County,2024-10,77
92630,Lake Forest,Orange County,2025-01,69
92637,Laguna Hills,Orange County,2012-10,61
92637,Laguna Hills,Orange County,2014-03,61
92637,Laguna Hills,Orange County,2015-08,58
92637,Laguna Hills,Orange County,2015-12,57
92637,Laguna Hills,Orange County,2016-07,65
92637,Laguna Hills,Orange County,2016-10,65
92637,Laguna Hills,Orange County,2017-03,61
92637,Laguna Hills,Orange County,2018-06,61
92637,Laguna Hills,Orange County,2019-08,55
92637,Laguna Hills,Orange County,2019-12,44
92637,Laguna Hills,Orange County,2020-06,52
92637,Laguna Hills,Orange County,2020-10,53
92637,Laguna Hills,Orange County,2022-01,75
92637,Laguna Hills,Orange County,2022-08,82
92637,Laguna Hills,Orange County,2023-05,75
92637,Laguna Hills,Orange County,2024-11,70
92637,Laguna Hills,Orange County,2025-03,67
92646,Huntington Beach,Orange County,2012-11,81
92646,Huntington Beach,Orange County,2013-02,90
92646,Huntington Beach,Orange County,2013-03,94
92646,Huntington Beach,Orange County,2017-05,89
92646,Huntington Beach,Orange County,2018-02,77
92646,Huntington Beach,Orange County,2019-07,73
92646,Huntington Beach,Orange County,2020-01,70
92646,Huntington Beach,Orange County,2020-05,80
92646,Huntington Beach,Orange County,2020-06,74
92646,Huntington Beach,Orange County,2020-08,80
92646,Huntington Beach,Orange County,2020-10,86
92646,Huntington Beach,Orange County,2021-09,94
92646,Huntington Beach,Orange County,2021-10,95
92646,Huntington Beach,Orange County,2022-07,90
92646,Huntington Beach,Orange County,2023-04,82
92646,Huntington Beach,Orange County,2024-06,94
92646,Huntington Beach,Orange County,2025-09,77
92647,Huntington Beach,Orange County,2013-02,86
92647,Huntington Beach,Orange County,2013-05,91
92647,Huntington Beach,Orange County,2013-09,84
92647,Huntington Beach,Orange County,2014-06,80
92647,Huntington Beach,Orange County,2014-08,77
92647,Huntington Beach,Orange County,2015-05,77
92647,Huntington Beach,Orange County,2015-06,76
92647,Huntington Beach,Orange County,2015-08,74
92647,Huntington Beach,Orange County,2016-04,78
92647,Huntington Beach,Orange County,2016-09,73
92647,Huntington Beach,Orange County,2017-01,74
92647,Huntington Beach,Orange County,2017-03,79
92647,Huntington Beach,Orange County,2017-07,77
92647,Huntington Beach,Orange County,2017-12,71
92647,Huntington Beach,Orange County,2019-09,73
92647,Huntington Beach,Orange County,2023-03,73
92647,Huntington Beach,Orange County,2023-05,83
92647,Huntington Beach,Orange County,2024-02,77
92647,Huntington Beach,Orange County,2024-04,95
92647,Huntington Beach,Orange County,2024-05,95
92647,Huntington Beach,Orange County,2025-05,84
92647,Huntington Beach,Orange County,2025-06,83
92647,Huntington Beach,Orange County,2025-07,80
92647,Huntington Beach,Orange County,2025-08,79
92648,Huntington Beach,Orange County,2012-05,62
92648,Huntington Beach,Orange County,2014-10,66
92648,Huntington Beach,Orange County,2015-12,61
92648,Huntington Beach,Orange County,2017-03,59
92648,Huntington Beach,Orange County,2017-06,70
92648,Huntington Beach,Orange County,2017-07,71
92648,Huntington Beach,Orange County,2019-08,59
92648,Huntington Beach,Orange County,2021-03,76
92648,Huntington Beach,Orange County,2021-05,82
92648,Huntington Beach,Orange County,2021-11,82
92648,Huntington Beach,Orange County,2022-06,88
92648,Huntington Beach,Orange County,2022-10,67
92648,Huntington Beach,Orange County,2023-12,71
92648,Huntington Beach,Orange County,2024-10,68
92648,Huntington Beach,Orange County,2025-07,62
92649,Huntington Beach,Orange County,2012-10,65
92649,Huntington Beach,Orange County,2013-01,74
92649,Huntington Beach,Orange County,2014-05,66
92649,Huntington Beach,Orange County,2015-09,61
92649,Huntington Beach,Orange County,2015-12,60
92649,Huntington Beach,Orange County,2017-07,67
92649,Huntington Beach,Orange County,2018-03,72
92649,Huntington Beach,Orange County,2021-03,80
92649,Huntington Beach,Orange County,2021-05,86
92649,Huntington Beach,Orange County,2021-08,92
92649,Huntington Beach,Orange County,2023-06,82
92649,Huntington Beach,Orange County,2023-10,77
92649,Huntington Beach,Orange County,2023-11,72
92649,Huntington Beach,Orange County,2024-02,71
92649,Huntington Beach,Orange County,2025-01,64
92649,Huntington Beach,Orange County,2025-03,71
92651,Laguna Beach,Orange County,2013-07,65
92651,Laguna Beach,Orange County,2015-08,50
92651,Laguna Beach,Orange County,2017-02,37
92651,Laguna Beach,Orange County,2017-05,46
92651,Laguna Beach,Orange County,2017-07,46
92651,Laguna Beach,Orange County,2017-09,40
92651,Laguna Beach,Orange County,2017-11,38
92651,Laguna Beach,Orange County,2017-12,41
92651,Laguna Beach,Orange County,2018-07,42
92651,Laguna Beach,Orange County,2019-04,41
92651,Laguna Beach,Orange County,2019-12,36
92651,Laguna Beach,Orange County,2020-07,44
92651,Laguna Beach,Orange County,2020-10,49
92651,Laguna Beach,Orange County,2022-10,62
92651,Laguna Beach,Orange County,2023-06,64
92651,Laguna Beach,Orange County,2023-08,66
92651,Laguna Beach,Orange County,2023-09,54
92651,Laguna Beach,Orange County,2023-10,49
92651,Laguna Beach,Orange County,2023-12,50
92651,Laguna Beach,Orange County,2024-06,65
92651,Laguna Beach,Orange County,2024-07,61
92651,Laguna Beach,Orange County,2025-03,38
92653,Laguna Hills,Orange County,2012-04,67
92653,Laguna Hills,Orange County,2013-05,89
92653,Laguna Hills,Orange County,2014-03,77
92653,Laguna Hills,Orange County,2014-11,53
92653,Laguna Hills,Orange County,2015-07,70
92653,Laguna Hills,Orange County,2016-03,68
92653,Laguna Hills,Orange County,2016-09,66
92653,Laguna Hills,Orange County,2016-11,64
92653,Laguna Hills,Orange County,2016-12,62
92653,Laguna Hills,Orange County,2018-02,68
92653,Laguna Hills,Orange County,2018-06,76
92653,Laguna Hills,Orange County,2020-09,80
92653,Laguna Hills,Orange County,2021-10,88
92653,Laguna Hills,Orange County,2022-09,72
92653,Laguna Hills,Orange County,2022-11,66
92653,Laguna Hills,Orange County,2023-02,63
92653,Laguna Hills,Orange County,2023-07,85
92653,Laguna Hills,Orange County,2024-11,74
92655,Midway City,Orange County,2012-05,81
92655,Midway City,Orange County,2012-06,88
92655,Midway City,Orange County,2015-03,77
92655,Midway City,Orange County,2016-02,64
92655,Midway City,Orange County,2017-05,86
92655,Midway City,Orange County,2017-11,64
92655,Midway City,Orange County,2018-03,56
92655,Midway City,Orange County,2018-07,62
92655,Midway City,Orange County,2019-06,65
92655,Midway City,Orange County,2019-11,73
92655,Midway City,Orange County,2020-03,77
92655,Midway City,Orange County,2021-02,88
92655,Midway City,Orange County,2022-04,100
92655,Midway City,Orange County,2022-07,100
92655,Midway City,Orange County,2024-09,96
92655,Midway City,Orange County,2024-10,94
92655,Midway City,Orange County,2025-06,100
92655,Midway City,Orange County,2025-11,84
92656,Aliso Viejo,Orange County,2013-01,91
92656,Aliso Viejo,Orange County,2013-02,99
92656,Aliso Viejo,Orange County,2013-03,100
92656,Aliso Viejo,Orange County,2016-04,79
92656,Aliso Viejo,Orange County,2016-10,73
92656,Aliso Viejo,Orange County,2016-12,72
92656,Aliso Viejo,Orange County,2018-02,84
92656,Aliso Viejo,Orange County,2018-07,82
92656,Aliso Viejo,Orange County,2018-08,78
92656,Aliso Viejo,Orange County,2019-02,55
92656,Aliso Viejo,Orange County,2019-08,69
92656,Aliso Viejo,Orange County,2020-06,74
92656,Aliso Viejo,Orange County,2021-01,87
92656,Aliso Viejo,Orange County,2022-12,65
92656,Aliso Viejo,Orange County,2023-05,91
92656,Aliso Viejo,Orange County,2024-08,86
92657,Newport Coast,Orange County,2012-06,54
92657,Newport Coast,Orange County,2012-10,41
92657,Newport Coast,Orange County,2013-06,70
92657,Newport Coast,Orange County,2014-05,64
92657,Newport Coast,Orange County,2014-10,57
92657,Newport Coast,Orange County,2015-11,43
92657,Newport Coast,Orange County,2016-07,49
92657,Newport Coast,Orange County,2016-12,37
92657,Newport Coast,Orange County,2017-12,36
92657,Newport Coast,Orange County,2018-02,36
92657,Newport Coast,Orange County,2018-11,35
92657,Newport Coast,Orange County,2021-08,74
92657,Newport Coast,Orange County,2022-03,80
92657,Newport Coast,Orange County,2022-06,82
92657,Newport Coast,Orange County,2022-09,63
92657,Newport Coast,Orange County,2022-11,59
92657,Newport Coast,Orange County,2023-07,75
92657,Newport Coast,Orange County,2023-12,57
92657,Newport Coast,Orange County,2024-05,76
92657,Newport Coast,Orange County,2024-11,60
92657,Newport Coast,Orange County,2025-02,54
92660,Newport Beach,Orange County,2012-05,59
92660,Newport Beach,Orange County,2013-01,72
92660,Newport Beach,Orange County,2013-02,68
92660,Newport Beach,Orange County,2013-04,76
92660,Newport Beach,Orange County,2013-08,76
92660,Newport Beach,Orange County,2013-11,68
92660,Newport Beach,Orange County,2014-07,68
92660,Newport Beach,Orange County,2015-03,55
92660,Newport Beach,Orange County,2015-12,49
92660,Newport Beach,Orange County,2018-05,60
92660,Newport Beach,Orange County,2018-09,49
92660,Newport Beach,Orange County,2019-04,41
92660,Newport Beach,Orange County,2020-06,65
92660,Newport Beach,Orange County,2020-12,62
92660,Newport Beach,Orange County,2023-02,51
92660,Newport Beach,Orange County,2023-03,64
92660,Newport Beach,Orange County,2023-05,84
92660,Newport Beach,Orange County,2023-06,84
92660,Newport Beach,Orange County,2023-12,68
92660,Newport Beach,Orange County,2024-07,66
92660,Newport Beach,Orange County,2024-10,65
92660,Newport Beach,Orange County,2025-10,59
92661,Newport Beach,Orange County,2013-11,62
92661,Newport Beach,Orange County,2015-03,32
92661,Newport Beach,Orange County,2015-08,34
92661,Newport Beach,Orange County,2015-12,40
92661,Newport Beach,Orange County,2018-01,16
92661,Newport Beach,Orange County,2018-11,25
92661,Newport Beach,Orange County,2020-01,24
92661,Newport Beach,Orange County,2020-07,29
92661,Newport Beach,Orange County,2020-08,39
92661,Newport Beach,Orange County,2021-12,68
92661,Newport Beach,Orange County,2022-03,61
92661,Newport Beach,Orange County,2025-05,72
92662,Newport Beach,Orange County,2012-03,35
92662,Newport Beach,Orange County,2013-02,67
92662,Newport Beach,Orange County,2013-06,76
92662,Newport Beach,Orange County,2013-10,66
92662,Newport Beach,Orange County,2016-12,53
92662,Newport Beach,Orange County,2018-03,46
92662,Newport Beach,Orange County,2018-05,64
92662,Newport Beach,Orange County,2018-12,35
92662,Newport Beach,Orange County,2019-07,49
92662,Newport Beach,Orange County,2021-09,68
92662,Newport Beach,Orange County,2021-11,85
92662,Newport Beach,Orange County,2022-01,84
92662,Newport Beach,Orange County,2023-03,90
92662,Newport Beach,Orange County,2023-11,82
92662,Newport Beach,Orange County,2024-02,57
92662,Newport Beach,Orange County,2025-06,72
92662,Newport Beach,Orange County,2025-09,37
92662,Newport Beach,Orange County,2025-10,52
92663,Newport Beach,Orange County,2013-12,55
92663,Newport Beach,Orange County,2014-10,54
92663,Newport Beach,Orange County,2015-08,64
92663,Newport Beach,Orange County,2016-08,49
92663,Newport Beach,Orange County,2017-03,52
92663,Newport Beach,Orange County,2017-11,42
92663,Newport Beach,Orange County,2018-08,57
92663,Newport Beach,Orange County,2018-09,44
92663,Newport Beach,Orange County,2019-01,40
92663,Newport Beach,Orange County,2019-02,41
92663,Newport Beach,Orange County,2020-02,49
92663,Newport Beach,Orange County,2020-11,59
92663,Newport Beach,Orange County,2021-09,84
92663,Newport Beach,Orange County,2022-10,70
92663,Newport Beach,Orange County,2023-06,63
92663,Newport Beach,Orange County,2023-07,55
92663,Newport Beach,Orange County,2025-09,54
92663,Newport Beach,Orange County,2025-10,48
92672,San Clemente,Orange County,2012-12,66
92672,San Clemente,Orange County,2013-02,65
92672,San Clemente,Orange County,2013-11,63
92672,San Clemente,Orange County,2014-05,71
92672,San Clemente,Orange County,2014-08,71
92672,San Clemente,Orange County,2015-02,57
92672,San Clemente,Orange County,2018-02,55
92672,San Clemente,Orange County,2018-03,64
92672,San Clemente,Orange County,2018-06,65
92672,San Clemente,Orange County,2019-04,63
92672,San Clemente,Orange County,2021-09,88
92672,San Clemente,Orange County,2023-10,86
92672,San Clemente,Orange County,2024-02,70
92672,San Clemente,Orange County,2025-08,59
92673,San Clemente,Orange County,2013-03,84
92673,San Clemente,Orange County,2014-07,68
92673,San Clemente,Orange County,2014-09,63
92673,San Clemente,Orange County,2015-07,63
92673,San Clemente,Orange County,2016-06,61
92673,San Clemente,Orange County,2016-07,60
92673,San Clemente,Orange County,2017-06,68
92673,San Clemente,Orange County,2017-11,62
92673,San Clemente,Orange County,2018-01,53
92673,San Clemente,Orange County,2018-08,62
92673,San Clemente,Orange County,2019-06,68
92673,San Clemente,Orange County,2019-10,54
92673,San Clemente,Orange County,2020-02,59
92673,San Clemente,Orange County,2021-03,97
92673,San Clemente,Orange County,2022-04,100
92673,San Clemente,Orange County,2022-07,88
92673,San Clemente,Orange County,2023-02,61
92673,San Clemente,Orange County,2023-06,85
92673,San Clemente,Orange County,2023-08,86
92673,San Clemente,Orange County,2024-08,79
92673,San Clemente,Orange County,2025-06,74
92674,San Clemente,Orange County,2022-12,93
92674,San Clemente,Orange County,2023-01,63
92675,San Juan Capistrano,Orange County,2012-04,64
92675,San Juan Capistrano,Orange County,2012-12,82
92675,San Juan Capistrano,Orange County,2014-06,63
92675,San Juan Capistrano,Orange County,2015-08,61
92675,San Juan Capistrano,Orange County,2015-12,53
92675,San Juan Capistrano,Orange County,2016-05,62
92675,San Juan Capistrano,Orange County,2018-03,57
92675,San Juan Capistrano,Orange County,2018-07,64
92675,San Juan Capistrano,Orange County,2020-02,49
92675,San Juan Capistrano,Orange County,2020-06,71
92675,San Juan Capistrano,Orange County,2021-06,93
92675,San Juan Capistrano,Orange County,2021-09,95
92675,San Juan Capistrano,Orange County,2023-03,74
92675,San Juan Capistrano,Orange County,2023-12,69
92675,San Juan Capistrano,Orange County,2025-02,74
92675,San Juan Capistrano,Orange County,2025-06,72
92675,San Juan Capistrano,Orange County,2025-10,65
92676,Silverado,Orange County,2013-04,66
92676,Silverado,Orange County,2015-01,42
92676,Silverado,Orange County,2015-11,53
92676,Silverado,Orange County,2016-03,10
92676,Silverado,Orange County,2016-11,69
92676,Silverado,Orange County,2016-12,62
92676,Silverado,Orange County,2017-08,64
92676,Silverado,Orange County,2019-02,42
92676,Silverado,Orange County,2019-06,56
92676,Silverado,Orange County,2020-01,44
92676,Silverado,Orange County,2020-05,93
92676,Silverado,Orange County,2020-12,78
92676,Silverado,Orange County,2021-02,76
92676,Silverado,Orange County,2021-04,57
92676,Silverado,Orange County,2023-02,20
92676,Silverado,Orange County,2023-04,87
92676,Silverado,Orange County,2023-11,77
92676,Silverado,Orange County,2024-01,41
92676,Silverado,Orange County,2024-02,78
92676,Silverado,Orange County,2025-07,65
92677,Laguna Niguel,Orange County,2013-08,88
92677,Laguna Niguel,Orange County,2015-05,74
92677,Laguna Niguel,Orange County,2015-07,73
92677,Laguna Niguel,Orange County,2016-01,60
92677,Laguna Niguel,Orange County,2016-06,74
92677,Laguna Niguel,Orange County,2017-10,68
92677,Laguna Niguel,Orange County,2017-11,66
92677,Laguna Niguel,Orange County,2017-12,62
92677,Laguna Niguel,Orange County,2018-03,76
92677,Laguna Niguel,Orange County,2018-04,78
92677,Laguna Niguel,Orange County,2018-05,78
92677,Laguna Niguel,Orange County,2019-07,68
92677,Laguna Niguel,Orange County,2019-10,58
92677,Laguna Niguel,Orange County,2020-12,82
92677,Laguna Niguel,Orange County,2022-01,100
92677,Laguna Niguel,Orange County,2022-07,92
92677,Laguna Niguel,Orange County,2023-02,63
92677,Laguna Niguel,Orange County,2023-03,70
92677,Laguna Niguel,Orange County,2024-02,81
92677,Laguna Niguel,Orange County,2024-04,92
92677,Laguna Niguel,Orange County,2024-05,93
92677,Laguna Niguel,Orange County,2025-07,68
92678,Trabuco Canyon,Orange County,2012-03,19
92678,Trabuco Canyon,Orange County,2013-10,38
92678,Trabuco Canyon,Orange County,2014-12,0
92678,Trabuco Canyon,Orange County,2016-09,42
92678,Trabuco Canyon,Orange County,2017-03,93
92678,Trabuco Canyon,Orange County,2017-05,68
92678,Trabuco Canyon,Orange County,2017-09,59
92678,Trabuco Canyon,Orange County,2017-12,43
92678,Trabuco Canyon,Orange County,2019-08,100
92678,Trabuco Canyon,Orange County,2023-09,47
92679,Trabuco Canyon,Orange County,2012-07,72
92679,Trabuco Canyon,Orange County,2012-09,73
92679,Trabuco Canyon,Orange County,2012-10,72
92679,Trabuco Canyon,Orange County,2013-01,70
92679,Trabuco Canyon,Orange County,2013-02,71
92679,Trabuco Canyon,Orange County,2013-05,86
92679,Trabuco Canyon,Orange County,2014-03,67
92679,Trabuco Canyon,Orange County,2015-03,60
92679,Trabuco Canyon,Orange County,2015-11,56
92679,Trabuco Canyon,Orange County,2016-12,48
92679,Trabuco Canyon,Orange County,2017-11,58
92679,Trabuco Canyon,Orange County,2020-07,70
92679,Trabuco Canyon,Orange County,2021-02,87
92679,Trabuco Canyon,Orange County,2021-07,100
92679,Trabuco Canyon,Orange County,2021-12,95
92679,Trabuco Canyon,Orange County,2022-08,81
92679,Trabuco Canyon,Orange County,2023-02,68
92679,Trabuco Canyon,Orange County,2023-08,86
92679,Trabuco Canyon,Orange County,2023-09,82
92679,Trabuco Canyon,Orange County,2024-12,56
92679,Trabuco Canyon,Orange County,2025-06,68
92683,Westminster,Orange County,2013-02,82
92683,Westminster,Orange County,2013-05,90
92683,Westminster,Orange County,2013-10,83
92683,Westminster,Orange County,2015-12,64
92683,Westminster,Orange County,2016-12,76
92683,Westminster,Orange County,2017-04,87
92683,Westminster,Orange County,2018-04,87
92683,Westminster,Orange County,2018-05,90
92683,Westminster,Orange County,2018-08,79
92683,Westminster,Orange County,2018-09,76
92683,Westminster,Orange County,2019-03,65
92683,Westminster,Orange County,2019-04,71
92683,Westminster,Orange County,2020-04,86
92683,Westminster,Orange County,2021-05,100
92683,Westminster,Orange County,2022-11,70
92683,Westminster,Orange County,2023-02,76
92683,Westminster,Orange County,2024-04,90
92683,Westminster,Orange County,2024-12,82
92683,Westminster,Orange County,2025-02,78
92683,Westminster,Orange County,2025-07,82
92683,Westminster,Orange County,2025-09,81
92688,Rancho Santa Margarita,Orange County,2013-01,93
92688,Rancho Santa Margarita,Orange County,2013-08,92
92688,Rancho Santa Margarita,Orange County,2013-12,70
92688,Rancho Santa Margarita,Orange County,2014-02,72
92688,Rancho Santa Margarita,Orange County,2015-05,82
92688,Rancho Santa Margarita,Orange County,2017-03,77
92688,Rancho Santa Margarita,Orange County,2017-06,84
92688,Rancho Santa Margarita,Orange County,2017-08,78
92688,Rancho Santa Margarita,Orange County,2017-10,75
92688,Rancho Santa Margarita,Orange County,2017-12,72
92688,Rancho Santa Margarita,Orange County,2018-07,82
92688,Rancho Santa Margarita,Orange County,2018-09,66
92688,Rancho Santa Margarita,Orange County,2019-04,61
92688,Rancho Santa Margarita,Orange County,2019-07,71
92688,Rancho Santa Margarita,Orange County,2020-03,92
92688,Rancho Santa Margarita,Orange County,2020-05,91
92688,Rancho Santa Margarita,Orange County,2021-02,98
92688,Rancho Santa Margarita,Orange County,2021-04,100
92688,Rancho Santa Margarita,Orange County,2023-04,87
92688,Rancho Santa Margarita,Orange County,2023-11,83
92688,Rancho Santa Margarita,Orange County,2024-02,90
92688,Rancho Santa Margarita,Orange County,2024-05,100
92688,Rancho Santa Margarita,Orange County,2025-02,69
92691,Mission Viejo,Orange County,2013-05,100
92691,Mission Viejo,Orange County,2013-09,86
92691,Mission Viejo,Orange County,2014-03,71
92691,Mission Viejo,Orange County,2014-04,73
92691,Mission Viejo,Orange County,2016-03,78
92691,Mission Viejo,Orange County,2016-04,80
92691,Mission Viejo,Orange County,2017-03,81
92691,Mission Viejo,Orange County,2021-02,97
92691,Mission Viejo,Orange County,2021-07,100
92691,Mission Viejo,Orange County,2021-09,100
92691,Mission Viejo,Orange County,2022-03,100
92691,Mission Viejo,Orange County,2024-03,94
92691,Mission Viejo,Orange County,2024-09,86
92691,Mission Viejo,Orange County,2025-02,73
92691,Mission Viejo,Orange County,2025-05,87
92691,Mission Viejo,Orange County,2025-11,65
92692,Mission Viejo,Orange County,2012-12,84
92692,Mission Viejo,Orange County,2013-05,91
92692,Mission Viejo,Orange County,2013-07,90
92692,Mission Viejo,Orange County,2013-09,84
92692,Mission Viejo,Orange County,2013-10,78
92692,Mission Viejo,Orange County,2014-03,74
92692,Mission Viejo,Orange County,2015-03,65
92692,Mission Viejo,Orange County,2015-04,74
92692,Mission Viejo,Orange County,2015-09,68
92692,Mission Viejo,Orange County,2015-12,64
92692,Mission Viejo,Orange County,2016-02,67
92692,Mission Viejo,Orange County,2017-08,76
92692,Mission Viejo,Orange County,2017-10,66
92692,Mission Viejo,Orange County,2017-11,64
92692,Mission Viejo,Orange County,2018-12,50
92692,Mission Viejo,Orange County,2019-10,61
92692,Mission Viejo,Orange County,2021-09,100
92692,Mission Viejo,Orange County,2021-10,100
92692,Mission Viejo,Orange County,2022-07,91
92692,Mission Viejo,Orange County,2022-11,68
92692,Mission Viejo,Orange County,2023-03,84
92692,Mission Viejo,Orange County,2023-07,93
92692,Mission Viejo,Orange County,2023-08,91
92692,Mission Viejo,Orange County,2025-01,70
92694,Ladera Ranch,Orange County,2012-03,59
92694,Ladera Ranch,Orange County,2012-08,81
92694,Ladera Ranch,Orange County,2012-10,82
92694,Ladera Ranch,Orange County,2013-09,74
92694,Ladera Ranch,Orange County,2014-02,67
92694,Ladera Ranch,Orange County,2014-12,56
92694,Ladera Ranch,Orange County,2016-05,72
92694,Ladera Ranch,Orange County,2017-07,75
92694,Ladera Ranch,Orange County,2017-08,73
92694,Ladera Ranch,Orange County,2018-07,69
92694,Ladera Ranch,Orange County,2018-11,58
92694,Ladera Ranch,Orange County,2018-12,57
92694,Ladera Ranch,Orange County,2021-08,100
92694,Ladera Ranch,Orange County,2022-12,65
92694,Ladera Ranch,Orange County,2024-02,73
92701,Santa Ana,Orange County,2013-05,82
92701,Santa Ana,Orange County,2014-04,75
92701,Santa Ana,Orange County,2014-06,77
92701,Santa Ana,Orange County,2014-08,70
92701,Santa Ana,Orange County,2017-10,69
92701,Santa Ana,Orange County,2019-12,69
92701,Santa Ana,Orange County,2020-02,69
92701,Santa Ana,Orange County,2022-01,86
92701,Santa Ana,Orange County,2022-03,88
92701,Santa Ana,Orange County,2022-05,93
92701,Santa Ana,Orange County,2022-08,83
92701,Santa Ana,Orange County,2022-10,73
92701,Santa Ana,Orange County,2023-06,86
92701,Santa Ana,Orange County,2023-07,86
92701,Santa Ana,Orange County,2024-01,71
92701,Santa Ana,Orange County,2024-07,69
92701,Santa Ana,Orange County,2025-11,61
92703,Santa Ana,Orange County,2012-08,81
92703,Santa Ana,Orange County,2012-10,86
92703,Santa Ana,Orange County,2013-06,80
92703,Santa Ana,Orange County,2015-02,61
92703,Santa Ana,Orange County,2018-02,60
92703,Santa Ana,Orange County,2019-03,56
92703,Santa Ana,Orange County,2019-07,67
92703,Santa Ana,Orange County,2019-08,67
92703,Santa Ana,Orange County,2020-07,65
92703,Santa Ana,Orange County,2020-08,69
92703,Santa Ana,Orange County,2021-07,88
92703,Santa Ana,Orange County,2022-05,91
92703,Santa Ana,Orange County,2022-12,59
92703,Santa Ana,Orange County,2025-01,67
92703,Santa Ana,Orange County,2025-08,61
92704,Santa Ana,Orange County,2013-05,89
92704,Santa Ana,Orange County,2014-08,80
92704,Santa Ana,Orange County,2016-08,74
92704,Santa Ana,Orange County,2016-09,72
92704,Santa Ana,Orange County,2017-08,74
92704,Santa Ana,Orange County,2018-02,66
92704,Santa Ana,Orange County,2019-05,68
92704,Santa Ana,Orange County,2020-02,73
92704,Santa Ana,Orange County,2020-07,71
92704,Santa Ana,Orange County,2020-08,74
92704,Santa Ana,Orange County,2020-10,77
92704,Santa Ana,Orange County,2020-12,79
92704,Santa Ana,Orange County,2021-02,85
92704,Santa Ana,Orange County,2021-11,89
92704,Santa Ana,Orange County,2022-04,100
92705,Santa Ana,Orange County,2012-11,64
92705,Santa Ana,Orange County,2014-06,73
92705,Santa Ana,Orange County,2016-05,69
92705,Santa Ana,Orange County,2017-05,75
92705,Santa Ana,Orange County,2017-11,66
92705,Santa Ana,Orange County,2019-02,58
92705,Santa Ana,Orange County,2021-01,77
92705,Santa Ana,Orange County,2022-02,94
92705,Santa Ana,Orange County,2023-01,64
92705,Santa Ana,Orange County,2023-08,86
92705,Santa Ana,Orange County,2023-12,76
92706,Santa Ana,Orange County,2013-01,77
92706,Santa Ana,Orange County,2013-05,82
92706,Santa Ana,Orange County,2013-08,85
92706,Santa Ana,Orange County,2013-10,72
92706,Santa Ana,Orange County,2013-11,70
92706,Santa Ana,Orange County,2015-05,73
92706,Santa Ana,Orange County,2015-07,72
92706,Santa Ana,Orange County,2015-11,60
92706,Santa Ana,Orange County,2016-02,49
92706,Santa Ana,Orange County,2016-03,58
92706,Santa Ana,Orange County,2018-01,69
92706,Santa Ana,Orange County,2018-06,76
92706,Santa Ana,Orange County,2019-11,77
92706,Santa Ana,Orange County,2020-01,68
92706,Santa Ana,Orange County,2020-05,86
92706,Santa Ana,Orange County,2021-03,91
92706,Santa Ana,Orange County,2022-01,90
92706,Santa Ana,Orange County,2022-03,98
92706,Santa Ana,Orange County,2023-07,89
92706,Santa Ana,Orange County,2023-08,96
92706,Santa Ana,Orange County,2024-11,80
92706,Santa Ana,Orange County,2025-08,73
92706,Santa Ana,Orange County,2025-11,65
92707,Santa Ana,Orange County,2012-03,62
92707,Santa Ana,Orange County,2013-03,84
92707,Santa Ana,Orange County,2014-10,69
92707,Santa Ana,Orange County,2014-12,62
92707,Santa Ana,Orange County,2015-09,76
92707,Santa Ana,Orange County,2016-11,65
92707,Santa Ana,Orange County,2017-02,65
92707,Santa Ana,Orange County,2017-03,63
92707,Santa Ana,Orange County,2019-10,72
92707,Santa Ana,Orange County,2019-11,68
92707,Santa Ana,Orange County,2019-12,73
92707,Santa Ana,Orange County,2023-02,68
92707,Santa Ana,Orange County,2023-10,88
92707,Santa Ana,Orange County,2024-10,83
92707,Santa Ana,Orange County,2025-09,67
92708,Fountain Valley,Orange County,2012-10,83
92708,Fountain Valley,Orange County,2013-02,83
92708,Fountain Valley,Orange County,2013-05,94
92708,Fountain Valley,Orange County,2015-10,70
92708,Fountain Valley,Orange County,2016-10,82
92708,Fountain Valley,Orange County,2018-03,90
92708,Fountain Valley,Orange County,2018-05,92
92708,Fountain Valley,Orange County,2019-03,75
92708,Fountain Valley,Orange County,2020-12,89
92708,Fountain Valley,Orange County,2022-01,100
92708,Fountain Valley,Orange County,2022-04,100
92708,Fountain Valley,Orange County,2023-05,86
92708,Fountain Valley,Orange County,2024-01,83
92708,Fountain Valley,Orange County,2024-02,80
92708,Fountain Valley,Orange County,2024-05,100
92708,Fountain Valley,Orange County,2024-08,91
92708,Fountain Valley,Orange County,2024-12,93
92711,Santa Ana,Orange County,2012-06,77
92711,Santa Ana,Orange County,2013-04,100
92711,Santa Ana,Orange County,2013-06,90
92711,Santa Ana,Orange County,2015-07,96
92711,Santa Ana,Orange County,2016-08,24
92711,Santa Ana,Orange County,2025-05,37
92711,Santa Ana,Orange County,2025-06,47
92780,Tustin,Orange County,2012-08,81
92780,Tustin,Orange County,2013-01,89
92780,Tustin,Orange County,2013-08,91
92780,Tustin,Orange County,2014-10,68
92780,Tustin,Orange County,2016-05,80
92780,Tustin,Orange County,2017-03,74
92780,Tustin,Orange County,2018-10,70
92780,Tustin,Orange County,2021-08,100
92780,Tustin,Orange County,2021-12,100
92780,Tustin,Orange County,2025-01,75
92780,Tustin,Orange County,2025-12,77
92782,Tustin,Orange County,2012-08,80
92782,Tustin,Orange County,2013-12,70
92782,Tustin,Orange County,2014-02,72
92782,Tustin,Orange County,2017-09,69
92782,Tustin,Orange County,2019-06,73
92782,Tustin,Orange County,2019-08,67
92782,Tustin,Orange County,2021-02,83
92782,Tustin,Orange County,2021-05,100
92782,Tustin,Orange County,2021-06,100
92782,Tustin,Orange County,2021-10,100
92782,Tustin,Orange County,2022-09,73
92782,Tustin,Orange County,2022-12,71
92782,Tustin,Orange County,2023-12,90
92782,Tustin,Orange County,2024-05,100
92782,Tustin,Orange County,2025-06,83
92801,Anaheim,Orange County,2013-02,76
92801,Anaheim,Orange County,2014-12,61
92801,Anaheim,Orange County,2015-04,71
92801,Anaheim,Orange County,2015-05,75
92801,Anaheim,Orange County,2016-10,73
92801,Anaheim,Orange County,2018-08,75
92801,Anaheim,Orange County,2018-10,68
92801,Anaheim,Orange County,2019-01,56
92801,Anaheim,Orange County,2019-02,55
92801,Anaheim,Orange County,2020-11,90
92801,Anaheim,Orange County,2021-05,100
92801,Anaheim,Orange County,2022-01,89
92801,Anaheim,Orange County,2022-03,100
92801,Anaheim,Orange County,2023-09,91
92801,Anaheim,Orange County,2025-06,76
92802,Anaheim,Orange County,2013-01,86
92802,Anaheim,Orange County,2013-03,90
92802,Anaheim,Orange County,2013-06,90
92802,Anaheim,Orange County,2015-02,77
92802,Anaheim,Orange County,2015-08,74
92802,Anaheim,Orange County,2015-11,69
92802,Anaheim,Orange County,2016-09,60
92802,Anaheim,Orange County,2017-01,60
92802,Anaheim,Orange County,2017-05,71
92802,Anaheim,Orange County,2018-06,86
92802,Anaheim,Orange County,2019-04,74
92802,Anaheim,Orange County,2019-06,73
92802,Anaheim,Orange County,2019-08,68
92802,Anaheim,Orange County,2020-05,77
92802,Anaheim,Orange County,2020-08,84
92802,Anaheim,Orange County,2021-08,100
92802,Anaheim,Orange County,2022-01,89
92802,Anaheim,Orange County,2023-06,81
92802,Anaheim,Orange County,2024-06,85
92804,Anaheim,Orange County,2013-02,82
92804,Anaheim,Orange County,2014-08,81
92804,Anaheim,Orange County,2015-01,61
92804,Anaheim,Orange County,2015-07,79
92804,Anaheim,Orange County,2016-02,69
92804,Anaheim,Orange County,2016-03,75
92804,Anaheim,Orange County,2017-04,77
92804,Anaheim,Orange County,2017-05,79
92804,Anaheim,Orange County,2019-01,56
92804,Anaheim,Orange County,2020-03,82
92804,Anaheim,Orange County,2020-05,85
92804,Anaheim,Orange County,2020-12,92
92804,Anaheim,Orange County,2021-01,89
92804,Anaheim,Orange County,2022-01,94
92804,Anaheim,Orange County,2024-10,82
92804,Anaheim,Orange County,2025-01,75
92804,Anaheim,Orange County,2025-06,79
92804,Anaheim,Orange County,2025-08,73
92805,Anaheim,Orange County,2013-03,82
92805,Anaheim,Orange County,2013-07,86
92805,Anaheim,Orange County,2013-12,77
92805,Anaheim,Orange County,2014-03,62
92805,Anaheim,Orange County,2014-05,70
92805,Anaheim,Orange County,2015-10,66
92805,Anaheim,Orange County,2016-03,64
92805,Anaheim,Orange County,2017-04,75
92805,Anaheim,Orange County,2017-09,71
92805,Anaheim,Orange County,2018-05,77
92805,Anaheim,Orange County,2019-04,68
92805,Anaheim,Orange County,2020-05,80
92805,Anaheim,Orange County,2021-04,94
92805,Anaheim,Orange County,2021-07,96
92805,Anaheim,Orange County,2023-01,63
92805,Anaheim,Orange County,2023-04,77
92805,Anaheim,Orange County,2025-02,74
92805,Anaheim,Orange County,2025-11,64
92806,Anaheim,Orange County,2013-06,100
92806,Anaheim,Orange County,2015-03,69
92806,Anaheim,Orange County,2015-04,73
92806,Anaheim,Orange County,2015-06,71
92806,Anaheim,Orange County,2015-08,76
92806,Anaheim,Orange County,2016-06,83
92806,Anaheim,Orange County,2017-10,69
92806,Anaheim,Orange County,2019-04,74
92806,Anaheim,Orange County,2019-05,70
92806,Anaheim,Orange County,2020-04,85
92806,Anaheim,Orange County,2020-10,85
92806,Anaheim,Orange County,2020-11,86
92806,Anaheim,Orange County,2021-05,95
92806,Anaheim,Orange County,2022-01,96
92806,Anaheim,Orange County,2024-04,94
92807,Anaheim,Orange County,2014-04,75
92807,Anaheim,Orange County,2015-03,67
92807,Anaheim,Orange County,2016-09,67
92807,Anaheim,Orange County,2017-05,77
92807,Anaheim,Orange County,2017-10,74
92807,Anaheim,Orange County,2017-11,74
92807,Anaheim,Orange County,2018-03,73
92807,Anaheim,Orange County,2018-04,74
92807,Anaheim,Orange County,2018-09,67
92807,Anaheim,Orange County,2019-05,72
92807,Anaheim,Orange County,2020-02,77
92807,Anaheim,Orange County,2020-08,77
92807,Anaheim,Orange County,2020-09,82
92807,Anaheim,Orange County,2021-01,84
92807,Anaheim,Orange County,2021-08,100
92807,Anaheim,Orange County,2021-09,100
92807,Anaheim,Orange County,2024-05,94
92807,Anaheim,Orange County,2025-09,72
92808,Anaheim,Orange County,2012-12,75
92808,Anaheim,Orange County,2013-02,83
92808,Anaheim,Orange County,2015-08,70
92808,Anaheim,Orange County,2018-02,72
92808,Anaheim,Orange County,2018-04,76
92808,Anaheim,Orange County,2018-05,75
92808,Anaheim,Orange County,2020-08,88
92808,Anaheim,Orange County,2020-09,92
92808,Anaheim,Orange County,2020-12,78
92808,Anaheim,Orange County,2022-04,100
92808,Anaheim,Orange County,2023-03,84
92808,Anaheim,Orange County,2023-05,92
92808,Anaheim,Orange County,2023-10,81
92808,Anaheim,Orange County,2024-02,92
92808,Anaheim,Orange County,2024-04,94
92808,Anaheim,Orange County,2024-09,78
92808,Anaheim,Orange County,2025-05,82
92808,Anaheim,Orange County,2025-08,64
92816,Anaheim,Orange County,2015-07,65
92816,Anaheim,Orange County,2016-01,32
92816,Anaheim,Orange County,2016-10,41
92816,Anaheim,Orange County,2016-11,44
92816,Anaheim,Orange County,2021-12,90
92816,Anaheim,Orange County,2025-03,63
92821,Brea,Orange County,2013-01,75
92821,Brea,Orange County,2014-08,75
92821,Brea,Orange County,2015-04,71
92821,Brea,Orange County,2017-04,77
92821,Brea,Orange County,2017-09,72
92821,Brea,Orange County,2018-02,72
92821,Brea,Orange County,2021-01,96
92821,Brea,Orange County,2021-09,100
92821,Brea,Orange County,2022-01,100
92821,Brea,Orange County,2022-05,100
92821,Brea,Orange County,2022-06,100
92821,Brea,Orange County,2023-01,69
92821,Brea,Orange County,2023-12,90
92821,Brea,Orange County,2024-03,99
92821,Brea,Orange County,2024-05,95
92821,Brea,Orange County,2025-03,99
92821,Brea,Orange County,2025-06,92
92821,Brea,Orange County,2025-09,79
92823,Brea,Orange County,2012-07,72
92823,Brea,Orange County,2012-09,73
92823,Brea,Orange County,2013-11,69
92823,Brea,Orange County,2014-01,63
92823,Brea,Orange County,2014-02,60
92823,Brea,Orange County,2014-09,64
92823,Brea,Orange County,2016-12,55
92823,Brea,Orange County,2018-12,37
92823,Brea,Orange County,2019-06,54
92823,Brea,Orange County,2021-01,69
92823,Brea,Orange County,2023-02,75
92823,Brea,Orange County,2023-07,89
92823,Brea,Orange County,2024-05,74
92823,Brea,Orange County,2024-06,73
92825,Anaheim,Orange County,2013-08,63
92831,Fullerton,Orange County,2014-11,66
92831,Fullerton,Orange County,2016-10,74
92831,Fullerton,Orange County,2017-12,72
92831,Fullerton,Orange County,2019-06,73
92831,Fullerton,Orange County,2021-08,100
92831,Fullerton,Orange County,2024-10,79
92831,Fullerton,Orange County,2025-02,73
92831,Fullerton,Orange County,2025-03,75
92831,Fullerton,Orange County,2025-05,83
92831,Fullerton,Orange County,2025-10,72
92831,Fullerton,Orange County,2025-12,69
92832,Fullerton,Orange County,2012-05,81
92832,Fullerton,Orange County,2013-01,68
92832,Fullerton,Orange County,2015-01,61
92832,Fullerton,Orange County,2015-03,69
92832,Fullerton,Orange County,2015-05,74
92832,Fullerton,Orange County,2015-09,74
92832,Fullerton,Orange County,2016-03,66
92832,Fullerton,Orange County,2016-07,74
92832,Fullerton,Orange County,2016-09,74
92832,Fullerton,Orange County,2016-11,60
92832,Fullerton,Orange County,2016-12,55
92832,Fullerton,Orange County,2018-12,73
92832,Fullerton,Orange County,2021-10,92
92832,Fullerton,Orange County,2022-01,90
92832,Fullerton,Orange County,2022-03,99
92832,Fullerton,Orange County,2025-03,58
92833,Fullerton,Orange County,2012-09,81
92833,Fullerton,Orange County,2013-05,89
92833,Fullerton,Orange County,2014-07,79
92833,Fullerton,Orange County,2014-09,77
92833,Fullerton,Orange County,2016-04,76
92833,Fullerton,Orange County,2017-02,63
92833,Fullerton,Orange County,2018-02,73
92833,Fullerton,Orange County,2018-03,78
92833,Fullerton,Orange County,2018-05,84
92833,Fullerton,Orange County,2019-03,69
92833,Fullerton,Orange County,2021-08,97
92833,Fullerton,Orange County,2022-08,83
92833,Fullerton,Orange County,2023-03,82
92833,Fullerton,Orange County,2025-06,79
92834,Fullerton,Orange County,2016-05,61
92834,Fullerton,Orange County,2022-05,94
92834,Fullerton,Orange County,2022-07,40
92834,Fullerton,Orange County,2023-10,100
92835,Fullerton,Orange County,2012-09,71
92835,Fullerton,Orange County,2012-12,66
92835,Fullerton,Orange County,2013-11,77
92835,Fullerton,Orange County,2014-02,74
92835,Fullerton,Orange County,2014-05,80
92835,Fullerton,Orange County,2015-01,57
92835,Fullerton,Orange County,2015-12,54
92835,Fullerton,Orange County,2016-08,67
92835,Fullerton,Orange County,2017-06,81
92835,Fullerton,Orange County,2017-10,67
92835,Fullerton,Orange County,2018-05,76
92835,Fullerton,Orange County,2018-07,65
92835,Fullerton,Orange County,2019-06,69
92835,Fullerton,Orange County,2019-09,64
92835,Fullerton,Orange County,2020-01,65
92835,Fullerton,Orange County,2021-01,88
92835,Fullerton,Orange County,2021-12,96
92835,Fullerton,Orange County,2023-01,72
92835,Fullerton,Orange County,2023-05,94
92835,Fullerton,Orange County,2024-08,86
92835,Fullerton,Orange County,2024-11,81
92835,Fullerton,Orange County,2025-04,84
92835,Fullerton,Orange County,2025-10,77
92840,Garden Grove,Orange County,2013-09,83
92840,Garden Grove,Orange County,2014-09,72
92840,Garden Grove,Orange County,2015-05,76
92840,Garden Grove,Orange County,2015-10,69
92840,Garden Grove,Orange County,2018-01,78
92840,Garden Grove,Orange County,2018-05,86
92840,Garden Grove,Orange County,2018-10,69
92840,Garden Grove,Orange County,2020-02,78
92840,Garden Grove,Orange County,2021-03,100
92840,Garden Grove,Orange County,2021-08,99
92840,Garden Grove,Orange County,2022-11,73
92840,Garden Grove,Orange County,2023-03,76
92840,Garden Grove,Orange County,2023-04,86
92840,Garden Grove,Orange County,2024-07,96
92840,Garden Grove,Orange County,2024-09,94
92840,Garden Grove,Orange County,2025-11,79
92841,Garden Grove,Orange County,2012-05,54
92841,Garden Grove,Orange County,2012-08,82
92841,Garden Grove,Orange County,2013-09,78
92841,Garden Grove,Orange County,2014-03,76
92841,Garden Grove,Orange County,2014-08,77
92841,Garden Grove,Orange County,2016-02,60
92841,Garden Grove,Orange County,2016-06,73
92841,Garden Grove,Orange County,2017-11,76
92841,Garden Grove,Orange County,2021-01,85
92841,Garden Grove,Orange County,2022-01,99
92841,Garden Grove,Orange County,2025-03,69
92843,Garden Grove,Orange County,2012-04,69
92843,Garden Grove,Orange County,2012-11,75
92843,Garden Grove,Orange County,2012-12,79
92843,Garden Grove,Orange County,2013-01,75
92843,Garden Grove,Orange County,2014-05,79
92843,Garden Grove,Orange County,2014-09,76
92843,Garden Grove,Orange County,2014-10,71
92843,Garden Grove,Orange County,2015-02,69
92843,Garden Grove,Orange County,2015-11,68
92843,Garden Grove,Orange County,2017-05,86
92843,Garden Grove,Orange County,2020-05,76
92843,Garden Grove,Orange County,2020-06,74
92843,Garden Grove,Orange County,2020-12,90
92843,Garden Grove,Orange County,2021-02,93
92843,Garden Grove,Orange County,2023-03,69
92843,Garden Grove,Orange County,2023-06,87
92843,Garden Grove,Orange County,2023-08,95
92843,Garden Grove,Orange County,2023-12,89
92843,Garden Grove,Orange County,2024-01,82
92843,Garden Grove,Orange County,2024-12,88
92843,Garden Grove,Orange County,2025-05,75
92843,Garden Grove,Orange County,2025-09,70
92844,Garden Grove,Orange County,2012-10,75
92844,Garden Grove,Orange County,2013-08,86
92844,Garden Grove,Orange County,2013-09,84
92844,Garden Grove,Orange County,2013-12,71
92844,Garden Grove,Orange County,2014-02,65
92844,Garden Grove,Orange County,2014-07,71
92844,Garden Grove,Orange County,2015-01,64
92844,Garden Grove,Orange County,2015-10,65
92844,Garden Grove,Orange County,2017-04,69
92844,Garden Grove,Orange County,2018-02,76
92844,Garden Grove,Orange County,2018-10,78
92844,Garden Grove,Orange County,2019-06,72
92844,Garden Grove,Orange County,2019-09,76
92844,Garden Grove,Orange County,2022-02,82
92844,Garden Grove,Orange County,2022-04,91
92844,Garden Grove,Orange County,2022-05,87
92844,Garden Grove,Orange County,2023-03,71
92844,Garden Grove,Orange County,2023-11,84
92844,Garden Grove,Orange County,2024-06,92
92844,Garden Grove,Orange County,2024-09,87
92844,Garden Grove,Orange County,2025-01,82
92844,Garden Grove,Orange County,2025-03,88
92844,Garden Grove,Orange County,2025-06,73
92844,Garden Grove,Orange County,2025-12,81
92845,Garden Grove,Orange County,2013-02,86
92845,Garden Grove,Orange County,2013-05,91
92845,Garden Grove,Orange County,2016-06,75
92845,Garden Grove,Orange County,2016-07,81
92845,Garden Grove,Orange County,2016-10,71
92845,Garden Grove,Orange County,2017-04,73
92845,Garden Grove,Orange County,2019-05,76
92845,Garden Grove,Orange County,2019-09,80
92845,Garden Grove,Orange County,2021-09,100
92845,Garden Grove,Orange County,2022-02,99
92845,Garden Grove,Orange County,2022-04,100
92845,Garden Grove,Orange County,2024-03,92
92845,Garden Grove,Orange County,2024-05,100
92845,Garden Grove,Orange County,2025-08,77
92859,Orange,Orange County,2012-07,100
92859,Orange,Orange County,2012-08,100
92859,Orange,Orange County,2013-04,67
92859,Orange,Orange County,2015-03,0
92859,Orange,Orange County,2016-08,40
92859,Orange,Orange County,2016-11,33
92859,Orange,Orange County,2017-05,72
92859,Orange,Orange County,2017-12,26
92859,Orange,Orange County,2020-12,43
92859,Orange,Orange County,2021-11,68
92859,Orange,Orange County,2022-02,42
92859,Orange,Orange County,2022-07,58
92860,Norco,Riverside County,2012-06,70
92860,Norco,Riverside County,2013-08,84
92860,Norco,Riverside County,2013-12,72
92860,Norco,Riverside County,2014-01,74
92860,Norco,Riverside County,2014-03,69
92860,Norco,Riverside County,2014-07,71
92860,Norco,Riverside County,2015-02,55
92860,Norco,Riverside County,2016-02,47
92860,Norco,Riverside County,2017-09,62
92860,Norco,Riverside County,2019-10,61
92860,Norco,Riverside County,2019-12,55
92860,Norco,Riverside County,2021-07,87
92860,Norco,Riverside County,2021-08,88
92860,Norco,Riverside County,2021-09,83
92860,Norco,Riverside County,2022-02,89
92860,Norco,Riverside County,2022-03,98
92860,Norco,Riverside County,2022-05,98
92860,Norco,Riverside County,2022-07,85
92860,Norco,Riverside County,2023-06,78
92860,Norco,Riverside County,2024-02,67
92860,Norco,Riverside County,2025-04,74
92861,Villa Park,Orange County,2012-06,74
92861,Villa Park,Orange County,2012-11,39
92861,Villa Park,Orange County,2013-01,56
92861,Villa Park,Orange County,2014-02,34
92861,Villa Park,Orange County,2014-04,41
92861,Villa Park,Orange County,2014-06,51
92861,Villa Park,Orange County,2015-02,59
92861,Villa Park,Orange County,2015-11,37
92861,Villa Park,Orange County,2016-03,47
92861,Villa Park,Orange County,2016-05,49
92861,Villa Park,Orange County,2017-03,38
92861,Villa Park,Orange County,2017-04,50
92861,Villa Park,Orange County,2017-08,57
92861,Villa Park,Orange County,2019-03,41
92861,Villa Park,Orange County,2019-11,45
92861,Villa Park,Orange County,2021-04,79
92861,Villa Park,Orange County,2021-06,92
92861,Villa Park,Orange County,2021-09,86
92861,Villa Park,Orange County,2021-11,90
92861,Villa Park,Orange County,2022-08,73
92861,Villa Park,Orange County,2023-02,56
92861,Villa Park,Orange County,2023-06,64
92861,Villa Park,Orange County,2023-08,81
92861,Villa Park,Orange County,2024-12,64
92862,Orange,Orange County,2012-03,73
92862,Orange,Orange County,2012-11,60
92862,Orange,Orange County,2014-01,57
92862,Orange,Orange County,2014-07,75
92862,Orange,Orange County,2014-09,61
92862,Orange,Orange County,2014-12,38
92862,Orange,Orange County,2015-08,64
92862,Orange,Orange County,2017-06,69
92862,Orange,Orange County,2019-06,73
92862,Orange,Orange County,2019-10,59
92862,Orange,Orange County,2020-06,93
92862,Orange,Orange County,2021-01,75
92862,Orange,Orange County,2021-08,96
92862,Orange,Orange County,2021-09,95
92862,Orange,Orange County,2023-12,87
92862,Orange,Orange County,2024-01,100
92862,Orange,Orange County,2024-07,88
92865,Orange,Orange County,2012-04,60
92865,Orange,Orange County,2012-10,74
92865,Orange,Orange County,2015-03,62
92865,Orange,Orange County,2015-09,68
92865,Orange,Orange County,2016-10,72
92865,Orange,Orange County,2017-08,77
92865,Orange,Orange County,2018-02,73
92865,Orange,Orange County,2018-04,80
92865,Orange,Orange County,2019-03,59
92865,Orange,Orange County,2020-01,69
92865,Orange,Orange County,2020-03,74
92865,Orange,Orange County,2020-05,88
92865,Orange,Orange County,2021-04,100
92865,Orange,Orange County,2022-02,100
92865,Orange,Orange County,2022-09,72
92865,Orange,Orange County,2023-03,71
92865,Orange,Orange County,2023-11,91
92866,Orange,Orange County,2012-05,75
92866,Orange,Orange County,2014-01,57
92866,Orange,Orange County,2014-02,68
92866,Orange,Orange County,2015-02,70
92866,Orange,Orange County,2015-12,56
92866,Orange,Orange County,2016-04,74
92866,Orange,Orange County,2016-06,81
92866,Orange,Orange County,2018-05,75
92866,Orange,Orange County,2019-06,60
92866,Orange,Orange County,2019-08,56
92866,Orange,Orange County,2020-03,76
92866,Orange,Orange County,2020-10,89
92866,Orange,Orange County,2020-12,85
92866,Orange,Orange County,2021-07,92
92866,Orange,Orange County,2022-12,58
92866,Orange,Orange County,2023-01,60
92866,Orange,Orange County,2023-09,74
92866,Orange,Orange County,2025-09,78
92866,Orange,Orange County,2025-12,61
92867,Orange,Orange County,2012-11,72
92867,Orange,Orange County,2013-06,84
92867,Orange,Orange County,2013-07,82
92867,Orange,Orange County,2014-03,73
92867,Orange,Orange County,2014-12,59
92867,Orange,Orange County,2015-10,64
92867,Orange,Orange County,2016-03,69
92867,Orange,Orange County,2016-05,75
92867,Orange,Orange County,2018-05,82
92867,Orange,Orange County,2018-11,62
92867,Orange,Orange County,2019-03,66
92867,Orange,Orange County,2019-08,68
92867,Orange,Orange County,2020-09,86
92867,Orange,Orange County,2021-08,96
92867,Orange,Orange County,2021-11,91
92867,Orange,Orange County,2022-01,94
92867,Orange,Orange County,2022-07,88
92867,Orange,Orange County,2023-02,68
92867,Orange,Orange County,2023-07,98
92867,Orange,Orange County,2023-11,79
92867,Orange,Orange County,2023-12,76
92867,Orange,Orange County,2025-07,77
92868,Orange,Orange County,2012-08,82
92868,Orange,Orange County,2014-04,80
92868,Orange,Orange County,2014-06,79
92868,Orange,Orange County,2015-01,62
92868,Orange,Orange County,2016-03,70
92868,Orange,Orange County,2019-03,59
92868,Orange,Orange County,2019-05,68
92868,Orange,Orange County,2020-04,80
92868,Orange,Orange County,2020-06,89
92868,Orange,Orange County,2020-09,92
92868,Orange,Orange County,2021-03,93
92868,Orange,Orange County,2021-06,97
92868,Orange,Orange County,2023-06,97
92868,Orange,Orange County,2024-07,100
92868,Orange,Orange County,2025-02,78
92868,Orange,Orange County,2025-03,84
92868,Orange,Orange County,2025-08,67
92869,Orange,Orange County,2012-06,75
92869,Orange,Orange County,2013-07,82
92869,Orange,Orange County,2015-08,70
92869,Orange,Orange County,2016-03,71
92869,Orange,Orange County,2016-04,70
92869,Orange,Orange County,2017-03,69
92869,Orange,Orange County,2017-04,71
92869,Orange,Orange County,2017-12,71
92869,Orange,Orange County,2018-09,72
92869,Orange,Orange County,2022-03,100
92869,Orange,Orange County,2024-04,96
92869,Orange,Orange County,2024-05,94
92870,Placentia,Orange County,2012-04,60
92870,Placentia,Orange County,2012-07,76
92870,Placentia,Orange County,2012-09,77
92870,Placentia,Orange County,2013-02,79
92870,Placentia,Orange County,2013-09,87
92870,Placentia,Orange County,2015-07,77
92870,Placentia,Orange County,2015-09,74
92870,Placentia,Orange County,2016-08,75
92870,Placentia,Orange County,2018-03,82
92870,Placentia,Orange County,2018-04,85
92870,Placentia,Orange County,2018-07,78
92870,Placentia,Orange County,2019-11,70
92870,Placentia,Orange County,2020-01,68
92870,Placentia,Orange County,2020-06,86
92870,Placentia,Orange County,2020-11,89
92870,Placentia,Orange County,2021-05,100
92870,Placentia,Orange County,2021-06,100
92870,Placentia,Orange County,2022-05,100
92870,Placentia,Orange County,2022-11,77
92878,Corona,Riverside County,2012-08,76
92878,Corona,Riverside County,2012-09,81
92878,Corona,Riverside County,2013-02,94
92878,Corona,Riverside County,2015-01,49
92878,Corona,Riverside County,2016-04,62
92878,Corona,Riverside County,2016-10,71
92878,Corona,Riverside County,2017-10,71
92878,Corona,Riverside County,2017-12,65
92878,Corona,Riverside County,2020-01,69
92878,Corona,Riverside County,2020-10,100
92878,Corona,Riverside County,2021-05,100
92878,Corona,Riverside County,2021-09,100
92878,Corona,Riverside County,2021-11,100
92878,Corona,Riverside County,2022-09,79
92878,Corona,Riverside County,2022-12,68
92878,Corona,Riverside County,2023-04,79
92879,Corona,Riverside County,2012-11,79
92879,Corona,Riverside County,2013-06,93
92879,Corona,Riverside County,2014-01,77
92879,Corona,Riverside County,2014-03,71
92879,Corona,Riverside County,2014-10,71
92879,Corona,Riverside County,2015-07,72
92879,Corona,Riverside County,2016-04,73
92879,Corona,Riverside County,2016-05,76
92879,Corona,Riverside County,2016-07,79
92879,Corona,Riverside County,2017-07,83
92879,Corona,Riverside County,2018-08,80
92879,Corona,Riverside County,2020-01,61
92879,Corona,Riverside County,2020-03,71
92879,Corona,Riverside County,2022-03,100
92879,Corona,Riverside County,2022-09,81
92879,Corona,Riverside County,2023-01,67
92879,Corona,Riverside County,2023-04,63
92879,Corona,Riverside County,2023-05,75
92879,Corona,Riverside County,2023-09,95
92880,Corona,Riverside County,2012-09,79
92880,Corona,Riverside County,2013-02,90
92880,Corona,Riverside County,2013-10,81
92880,Corona,Riverside County,2013-11,76
92880,Corona,Riverside County,2013-12,73
92880,Corona,Riverside County,2014-01,73
92880,Corona,Riverside County,2014-07,71
92880,Corona,Riverside County,2015-10,65
92880,Corona,Riverside County,2016-03,60
92880,Corona,Riverside County,2016-05,68
92880,Corona,Riverside County,2016-10,70
92880,Corona,Riverside County,2017-03,78
92880,Corona,Riverside County,2017-05,87
92880,Corona,Riverside County,2018-06,78
92880,Corona,Riverside County,2019-01,54
92880,Corona,Riverside County,2019-03,50
92880,Corona,Riverside County,2019-09,67
92880,Corona,Riverside County,2020-06,81
92880,Corona,Riverside County,2021-01,90
92880,Corona,Riverside County,2022-01,92
92880,Corona,Riverside County,2022-05,100
92880,Corona,Riverside County,2024-01,75
92880,Corona,Riverside County,2024-11,67
92880,Corona,Riverside County,2025-12,64
92881,Corona,Riverside County,2013-12,77
92881,Corona,Riverside County,2014-02,72
92881,Corona,Riverside County,2015-06,71
92881,Corona,Riverside County,2015-07,70
92881,Corona,Riverside County,2016-08,67
92881,Corona,Riverside County,2017-04,77
92881,Corona,Riverside County,2017-06,75
92881,Corona,Riverside County,2017-07,74
92881,Corona,Riverside County,2017-12,63
92881,Corona,Riverside County,2018-02,63
92881,Corona,Riverside County,2018-09,63
92881,Corona,Riverside County,2019-10,67
92881,Corona,Riverside County,2021-01,89
92881,Corona,Riverside County,2021-04,100
92881,Corona,Riverside County,2021-07,100
92881,Corona,Riverside County,2022-02,93
92881,Corona,Riverside County,2022-06,97
92881,Corona,Riverside County,2022-10,70
92881,Corona,Riverside County,2022-12,58
92881,Corona,Riverside County,2024-08,86
92881,Corona,Riverside County,2024-11,76
92881,Corona,Riverside County,2025-09,62
92882,Corona,Riverside County,2012-09,84
92882,Corona,Riverside County,2014-04,82
92882,Corona,Riverside County,2015-01,60
92882,Corona,Riverside County,2015-02,62
92882,Corona,Riverside County,2015-04,71
92882,Corona,Riverside County,2015-10,72
92882,Corona,Riverside County,2015-11,70
92882,Corona,Riverside County,2015-12,68
92882,Corona,Riverside County,2016-06,76
92882,Corona,Riverside County,2019-02,67
92882,Corona,Riverside County,2019-09,72
92882,Corona,Riverside County,2021-09,99
92882,Corona,Riverside County,2022-02,98
92882,Corona,Riverside County,2022-08,84
92882,Corona,Riverside County,2023-05,89
92882,Corona,Riverside County,2023-10,92
92882,Corona,Riverside County,2024-03,84
92882,Corona,Riverside County,2024-05,91
92882,Corona,Riverside County,2024-06,89
92882,Corona,Riverside County,2024-10,78
92882,Corona,Riverside County,2025-02,73
92883,Corona,Riverside County,2013-06,95
92883,Corona,Riverside County,2013-10,85
92883,Corona,Riverside County,2014-03,71
92883,Corona,Riverside County,2014-10,64
92883,Corona,Riverside County,2016-03,66
92883,Corona,Riverside County,2016-04,68
92883,Corona,Riverside County,2016-08,66
92883,Corona,Riverside County,2017-03,69
92883,Corona,Riverside County,2017-09,71
92883,Corona,Riverside County,2017-12,67
92883,Corona,Riverside County,2018-04,76
92883,Corona,Riverside County,2018-09,60
92883,Corona,Riverside County,2020-01,57
92883,Corona,Riverside County,2020-02,59
92883,Corona,Riverside County,2020-05,71
92883,Corona,Riverside County,2022-10,68
92883,Corona,Riverside County,2023-05,71
92883,Corona,Riverside County,2024-07,75
92883,Corona,Riverside County,2025-12,54
92886,Yorba Linda,Orange County,2012-10,72
92886,Yorba Linda,Orange County,2013-12,62
92886,Yorba Linda,Orange County,2014-02,64
92886,Yorba Linda,Orange County,2014-05,77
92886,Yorba Linda,Orange County,2014-06,78
92886,Yorba Linda,Orange County,2014-11,66
92886,Yorba Linda,Orange County,2015-03,62
92886,Yorba Linda,Orange County,2017-02,56
92886,Yorba Linda,Orange County,2017-08,69
92886,Yorba Linda,Orange County,2019-05,67
92886,Yorba Linda,Orange County,2019-10,62
92886,Yorba Linda,Orange County,2020-04,83
92886,Yorba Linda,Orange County,2021-07,100
92886,Yorba Linda,Orange County,2021-09,97
92886,Yorba Linda,Orange County,2021-12,97
92886,Yorba Linda,Orange County,2023-05,91
92886,Yorba Linda,Orange County,2023-11,89
92886,Yorba Linda,Orange County,2025-02,63
92887,Yorba Linda,Orange County,2012-03,63
92887,Yorba Linda,Orange County,2013-04,75
92887,Yorba Linda,Orange County,2015-06,61
92887,Yorba Linda,Orange County,2016-01,55
92887,Yorba Linda,Orange County,2017-07,66
92887,Yorba Linda,Orange County,2018-02,58
92887,Yorba Linda,Orange County,2018-08,62
92887,Yorba Linda,Orange County,2018-10,54
92887,Yorba Linda,Orange County,2019-05,64
92887,Yorba Linda,Orange County,2020-03,73
92887,Yorba Linda,Orange County,2020-07,67
92887,Yorba Linda,Orange County,2020-11,82
92887,Yorba Linda,Orange County,2021-01,78
92887,Yorba Linda,Orange County,2021-09,93
92887,Yorba Linda,Orange County,2022-01,97
92887,Yorba Linda,Orange County,2022-03,100
92887,Yorba Linda,Orange County,2023-10,89
93001,Ventura,Ventura County,2012-11,68
93001,Ventura,Ventura County,2013-02,85
93001,Ventura,Ventura County,2013-12,66
93001,Ventura,Ventura County,2014-02,74
93001,Ventura,Ventura County,2014-03,77
93001,Ventura,Ventura County,2015-11,64
93001,Ventura,Ventura County,2016-03,74
93001,Ventura,Ventura County,2016-11,64
93001,Ventura,Ventura County,2017-03,71
93001,Ventura,Ventura County,2017-05,74
93001,Ventura,Ventura County,2021-09,86
93001,Ventura,Ventura County,2022-11,72
93001,Ventura,Ventura County,2023-06,78
93001,Ventura,Ventura County,2024-08,64
93003,Ventura,Ventura County,2013-10,84
93003,Ventura,Ventura County,2014-06,74
93003,Ventura,Ventura County,2016-05,81
93003,Ventura,Ventura County,2016-09,81
93003,Ventura,Ventura County,2018-03,80
93003,Ventura,Ventura County,2018-07,84
93003,Ventura,Ventura County,2019-04,61
93003,Ventura,Ventura County,2019-07,68
93003,Ventura,Ventura County,2022-05,100
93003,Ventura,Ventura County,2022-09,83
93003,Ventura,Ventura County,2022-10,74
93003,Ventura,Ventura County,2023-12,83
93003,Ventura,Ventura County,2024-11,73
93004,Ventura,Ventura County,2012-09,75
93004,Ventura,Ventura County,2013-02,80
93004,Ventura,Ventura County,2013-05,87
93004,Ventura,Ventura County,2015-03,66
93004,Ventura,Ventura County,2015-05,73
93004,Ventura,Ventura County,2015-07,79
93004,Ventura,Ventura County,2017-12,66
93004,Ventura,Ventura County,2019-01,57
93004,Ventura,Ventura County,2019-09,71
93004,Ventura,Ventura County,2020-06,76
93004,Ventura,Ventura County,2020-09,85
93004,Ventura,Ventura County,2021-10,93
93004,Ventura,Ventura County,2022-03,100
93004,Ventura,Ventura County,2023-06,96
93004,Ventura,Ventura County,2025-10,67
93010,Camarillo,Ventura County,2013-01,86
93010,Camarillo,Ventura County,2013-06,89
93010,Camarillo,Ventura County,2013-10,82
93010,Camarillo,Ventura County,2014-06,73
93010,Camarillo,Ventura County,2016-07,76
93010,Camarillo,Ventura County,2017-07,88
93010,Camarillo,Ventura County,2017-10,80
93010,Camarillo,Ventura County,2018-12,69
93010,Camarillo,Ventura County,2020-02,62
93010,Camarillo,Ventura County,2020-07,76
93010,Camarillo,Ventura County,2020-10,79
93010,Camarillo,Ventura County,2020-11,78
93010,Camarillo,Ventura County,2022-01,89
93010,Camarillo,Ventura County,2023-05,91
93010,Camarillo,Ventura County,2023-07,95
93010,Camarillo,Ventura County,2024-12,73
93012,Camarillo,Ventura County,2012-09,72
93012,Camarillo,Ventura County,2013-06,84
93012,Camarillo,Ventura County,2015-07,77
93012,Camarillo,Ventura County,2016-03,70
93012,Camarillo,Ventura County,2018-11,64
93012,Camarillo,Ventura County,2021-05,92
93012,Camarillo,Ventura County,2022-11,62
93012,Camarillo,Ventura County,2023-04,78
93013,Carpinteria,Santa Barbara County,2012-09,51
93013,Carpinteria,Santa Barbara County,2013-02,39
93013,Carpinteria,Santa Barbara County,2014-04,75
93013,Carpinteria,Santa Barbara County,2015-07,69
93013,Carpinteria,Santa Barbara County,2015-10,58
93013,Carpinteria,Santa Barbara County,2017-01,61
93013,Carpinteria,Santa Barbara County,2017-03,54
93013,Carpinteria,Santa Barbara County,2018-04,72
93013,Carpinteria,Santa Barbara County,2019-06,49
93013,Carpinteria,Santa Barbara County,2019-08,54
93013,Carpinteria,Santa Barbara County,2019-09,48
93013,Carpinteria,Santa Barbara County,2020-04,75
93013,Carpinteria,Santa Barbara County,2021-09,90
93013,Carpinteria,Santa Barbara County,2022-02,100
93013,Carpinteria,Santa Barbara County,2022-09,74
93013,Carpinteria,Santa Barbara County,2022-11,85
93013,Carpinteria,Santa Barbara County,2023-10,85
93013,Carpinteria,Santa Barbara County,2024-05,80
93013,Carpinteria,Santa Barbara County,2024-09,73
93013,Carpinteria,Santa Barbara County,2025-01,69
93013,Carpinteria,Santa Barbara County,2025-07,73
93014,Carpinteria,,2013-03,60
93014,Carpinteria,,2014-05,84
93014,Carpinteria,,2014-07,52
93014,Carpinteria,,2015-05,87
93014,Carpinteria,,2017-12,41
93014,Carpinteria,,2018-07,41
93014,Carpinteria,,2019-09,73
93014,Carpinteria,,2019-12,7
93014,Carpinteria,,2020-01,25
93014,Carpinteria,,2020-09,48
93014,Carpinteria,,2021-06,89
93014,Carpinteria,,2021-10,83
93015,Fillmore,Ventura County,2013-03,86
93015,Fillmore,Ventura County,2014-05,75
93015,Fillmore,Ventura County,2015-08,74
93015,Fillmore,Ventura County,2016-03,67
93015,Fillmore,Ventura County,2016-06,76
93015,Fillmore,Ventura County,2017-06,78
93015,Fillmore,Ventura County,2017-08,79
93015,Fillmore,Ventura County,2017-09,80
93015,Fillmore,Ventura County,2017-10,78
93015,Fillmore,Ventura County,2018-07,80
93015,Fillmore,Ventura County,2019-08,61
93015,Fillmore,Ventura County,2022-09,77
93015,Fillmore,Ventura County,2022-10,81
93015,Fillmore,Ventura County,2022-11,61
93015,Fillmore,Ventura County,2024-04,87
93015,Fillmore,Ventura County,2024-07,80
93015,Fillmore,Ventura County,2025-10,47
93021,Moorpark,Ventura County,2013-04,84
93021,Moorpark,Ventura County,2014-11,58
93021,Moorpark,Ventura County,2016-04,67
93021,Moorpark,Ventura County,2016-12,65
93021,Moorpark,Ventura County,2017-03,63
93021,Moorpark,Ventura County,2018-07,72
93021,Moorpark,Ventura County,2019-12,55
93021,Moorpark,Ventura County,2021-01,88
93021,Moorpark,Ventura County,2021-02,91
93021,Moorpark,Ventura County,2022-02,99
93021,Moorpark,Ventura County,2022-09,73
93021,Moorpark,Ventura County,2024-10,64
93022,Oak View,Ventura County,2012-04,74
93022,Oak View,Ventura County,2012-07,69
93022,Oak View,Ventura County,2012-11,64
93022,Oak View,Ventura County,2013-01,40
93022,Oak View,Ventura County,2015-10,51
93022,Oak View,Ventura County,2016-01,50
93022,Oak View,Ventura County,2016-08,59
93022,Oak View,Ventura County,2017-02,44
93022,Oak View,Ventura County,2017-05,61
93022,Oak View,Ventura County,2017-07,55
93022,Oak View,Ventura County,2017-09,70
93022,Oak View,Ventura County,2018-02,45
93022,Oak View,Ventura County,2020-02,27
93022,Oak View,Ventura County,2021-05,69
93022,Oak View,Ventura County,2021-12,86
93022,Oak View,Ventura County,2022-11,54
93022,Oak View,Ventura County,2022-12,54
93022,Oak View,Ventura County,2023-05,68
93022,Oak View,Ventura County,2023-08,79
93022,Oak View,Ventura County,2023-10,66
93022,Oak View,Ventura County,2024-12,56
93022,Oak View,Ventura County,2025-02,42
93023,Ojai,Ventura County,2012-06,64
93023,Ojai,Ventura County,2013-09,57
93023,Ojai,Ventura County,2014-03,52
93023,Ojai,Ventura County,2015-03,46
93023,Ojai,Ventura County,2015-04,46
93023,Ojai,Ventura County,2016-03,43
93023,Ojai,Ventura County,2017-04,46
93023,Ojai,Ventura County,2018-04,49
93023,Ojai,Ventura County,2018-06,44
93023,Ojai,Ventura County,2020-02,51
93023,Ojai,Ventura County,2020-12,62
93023,Ojai,Ventura County,2023-03,68
93023,Ojai,Ventura County,2023-11,60
93023,Ojai,Ventura County,2024-08,57
93023,Ojai,Ventura County,2025-08,43
93030,Oxnard,Ventura County,2012-06,74
93030,Oxnard,Ventura County,2012-10,86
93030,Oxnard,Ventura County,2012-11,89
93030,Oxnard,Ventura County,2013-07,95
93030,Oxnard,Ventura County,2014-01,84
93030,Oxnard,Ventura County,2014-08,74
93030,Oxnard,Ventura County,2015-05,78
93030,Oxnard,Ventura County,2015-08,81
93030,Oxnard,Ventura County,2016-04,78
93030,Oxnard,Ventura County,2016-07,85
93030,Oxnard,Ventura County,2016-09,78
93030,Oxnard,Ventura County,2017-03,68
93030,Oxnard,Ventura County,2020-10,76
93030,Oxnard,Ventura County,2020-12,89
93030,Oxnard,Ventura County,2021-09,100
93030,Oxnard,Ventura County,2021-10,95
93030,Oxnard,Ventura County,2022-06,92
93030,Oxnard,Ventura County,2023-09,94
93030,Oxnard,Ventura County,2024-02,75
93030,Oxnard,Ventura County,2024-03,84
93030,Oxnard,Ventura County,2024-12,70
93031,Oxnard,,2012-10,52
93031,Oxnard,,2015-10,93
93031,Oxnard,,2016-08,100
93031,Oxnard,,2017-12,90
93031,Oxnard,,2019-04,94
93031,Oxnard,,2020-04,8
93031,Oxnard,,2021-12,91
93031,Oxnard,,2022-01,77
93031,Oxnard,,2022-08,93
93031,Oxnard,,2024-07,100
93031,Oxnard,,2024-10,71
93033,Oxnard,Ventura County,2012-05,67
93033,Oxnard,Ventura County,2012-11,82
93033,Oxnard,Ventura County,2013-06,99
93033,Oxnard,Ventura County,2014-01,77
93033,Oxnard,Ventura County,2017-02,77
93033,Oxnard,Ventura County,2017-05,86
93033,Oxnard,Ventura County,2018-06,86
93033,Oxnard,Ventura County,2018-11,74
93033,Oxnard,Ventura County,2019-01,63
93033,Oxnard,Ventura County,2019-06,79
93033,Oxnard,Ventura County,2021-02,89
93033,Oxnard,Ventura County,2021-10,100
93033,Oxnard,Ventura County,2022-05,100
93033,Oxnard,Ventura County,2022-09,83
93033,Oxnard,Ventura County,2023-04,93
93033,Oxnard,Ventura County,2023-09,91
93033,Oxnard,Ventura County,2024-04,84
93033,Oxnard,Ventura County,2024-06,87
93033,Oxnard,Ventura County,2025-09,71
93033,Oxnard,Ventura County,2025-11,81
93033,Oxnard,Ventura County,2025-12,82
93035,Oxnard,Ventura County,2012-06,67
93035,Oxnard,Ventura County,2013-03,80
93035,Oxnard,Ventura County,2014-04,62
93035,Oxnard,Ventura County,2014-10,63
93035,Oxnard,Ventura County,2015-01,70
93035,Oxnard,Ventura County,2015-07,72
93035,Oxnard,Ventura County,2017-04,75
93035,Oxnard,Ventura County,2018-01,71
93035,Oxnard,Ventura County,2018-10,59
93035,Oxnard,Ventura County,2019-06,58
93035,Oxnard,Ventura County,2022-10,65
93035,Oxnard,Ventura County,2022-12,55
93035,Oxnard,Ventura County,2023-08,78
93035,Oxnard,Ventura County,2024-04,72
93036,Oxnard,Ventura County,2012-05,64
93036,Oxnard,Ventura County,2012-10,79
93036,Oxnard,Ventura County,2013-01,77
93036,Oxnard,Ventura County,2013-02,80
93036,Oxnard,Ventura County,2013-08,88
93036,Oxnard,Ventura County,2014-10,71
93036,Oxnard,Ventura County,2015-12,72
93036,Oxnard,Ventura County,2016-08,82
93036,Oxnard,Ventura County,2017-04,82
93036,Oxnard,Ventura County,2017-05,88
93036,Oxnard,Ventura County,2018-11,69
93036,Oxnard,Ventura County,2020-03,69
93036,Oxnard,Ventura County,2021-03,91
93036,Oxnard,Ventura County,2021-11,97
93036,Oxnard,Ventura County,2022-03,93
93036,Oxnard,Ventura County,2022-07,77
93036,Oxnard,Ventura County,2024-01,88
93036,Oxnard,Ventura County,2024-05,83
93036,Oxnard,Ventura County,2024-10,84
93040,Piru,Ventura County,2013-02,51
93040,Piru,Ventura County,2015-10,61
93040,Piru,Ventura County,2017-01,85
93040,Piru,Ventura County,2020-03,69
93040,Piru,Ventura County,2022-09,50
93040,Piru,Ventura County,2022-10,60
93040,Piru,Ventura County,2023-05,18
93041,Port Hueneme,Ventura County,2012-05,63
93041,Port Hueneme,Ventura County,2014-12,72
93041,Port Hueneme,Ventura County,2015-08,71
93041,Port Hueneme,Ventura County,2016-03,71
93041,Port Hueneme,Ventura County,2017-07,86
93041,Port Hueneme,Ventura County,2019-08,63
93041,Port Hueneme,Ventura County,2020-07,60
93041,Port Hueneme,Ventura County,2022-04,99
93041,Port Hueneme,Ventura County,2022-06,94
93041,Port Hueneme,Ventura County,2024-05,82
93041,Port Hueneme,Ventura County,2024-06,78
93041,Port Hueneme,Ventura County,2024-10,66
93041,Port Hueneme,Ventura County,2025-03,62
93044,Port Hueneme,,2015-09,60
93044,Port Hueneme,,2015-11,56
93044,Port Hueneme,,2016-02,60
93044,Port Hueneme,,2017-06,100
93044,Port Hueneme,,2021-09,100
93044,Port Hueneme,,2023-03,25
93060,Santa Paula,Ventura County,2012-05,62
93060,Santa Paula,Ventura County,2012-12,83
93060,Santa Paula,Ventura County,2016-02,48
93060,Santa Paula,Ventura County,2016-10,78
93060,Santa Paula,Ventura County,2017-02,63
93060,Santa Paula,Ventura County,2017-05,71
93060,Santa Paula,Ventura County,2018-12,61
93060,Santa Paula,Ventura County,2019-03,50
93060,Santa Paula,Ventura County,2019-07,65
93060,Santa Paula,Ventura County,2019-09,62
93060,Santa Paula,Ventura County,2020-05,67
93060,Santa Paula,Ventura County,2021-01,78
93060,Santa Paula,Ventura County,2022-07,78
93060,Santa Paula,Ventura County,2022-11,61
93060,Santa Paula,Ventura County,2023-06,87
93060,Santa Paula,Ventura County,2023-07,86
93060,Santa Paula,Ventura County,2023-09,74
93060,Santa Paula,Ventura County,2024-03,88
93060,Santa Paula,Ventura County,2025-06,60
93060,Santa Paula,Ventura County,2025-10,57
93060,Santa Paula,Ventura County,2025-11,55
93062,Simi Valley,,2015-04,40
93062,Simi Valley,,2016-03,96
93062,Simi Valley,,2016-05,61
93062,Simi Valley,,2020-11,100
93062,Simi Valley,,2021-10,84
93062,Simi Valley,,2022-01,100
93062,Simi Valley,,2023-08,90
93063,Simi Valley,Ventura County,2012-04,52
93063,Simi Valley,Ventura County,2012-06,59
93063,Simi Valley,Ventura County,2012-11,69
93063,Simi Valley,Ventura County,2012-12,70
93063,Simi Valley,Ventura County,2014-03,70
93063,Simi Valley,Ventura County,2015-01,62
93063,Simi Valley,Ventura County,2015-02,62
93063,Simi Valley,Ventura County,2015-08,75
93063,Simi Valley,Ventura County,2016-10,69
93063,Simi Valley,Ventura County,2017-04,75
93063,Simi Valley,Ventura County,2018-08,75
93063,Simi Valley,Ventura County,2019-09,68
93063,Simi Valley,Ventura County,2019-10,67
93063,Simi Valley,Ventura County,2020-07,78
93063,Simi Valley,Ventura County,2020-10,83
93063,Simi Valley,Ventura County,2022-10,72
93063,Simi Valley,Ventura County,2023-01,67
93063,Simi Valley,Ventura County,2023-03,81
93063,Simi Valley,Ventura County,2023-05,91
93063,Simi Valley,Ventura County,2023-11,84
93063,Simi Valley,Ventura County,2024-03,78
93065,Simi Valley,Ventura County,2012-10,72
93065,Simi Valley,Ventura County,2013-01,78
93065,Simi Valley,Ventura County,2013-05,82
93065,Simi Valley,Ventura County,2014-11,62
93065,Simi Valley,Ventura County,2016-08,71
93065,Simi Valley,Ventura County,2017-01,64
93065,Simi Valley,Ventura County,2017-08,76
93065,Simi Valley,Ventura County,2017-10,68
93065,Simi Valley,Ventura County,2018-08,73
93065,Simi Valley,Ventura County,2019-02,57
93065,Simi Valley,Ventura County,2020-07,73
93065,Simi Valley,Ventura County,2022-04,100
93065,Simi Valley,Ventura County,2023-05,93
93065,Simi Valley,Ventura County,2024-10,77
93065,Simi Valley,Ventura County,2024-12,74
93065,Simi Valley,Ventura County,2025-07,68
93066,Somis,Ventura County,2015-05,16
93066,Somis,Ventura County,2015-11,59
93066,Somis,Ventura County,2017-06,63
93066,Somis,Ventura County,2017-12,51
93066,Somis,Ventura County,2018-03,22
93066,Somis,Ventura County,2018-09,43
93066,Somis,Ventura County,2019-02,33
93066,Somis,Ventura County,2019-10,33
93066,Somis,Ventura County,2020-02,0
93066,Somis,Ventura County,2020-04,33
93066,Somis,Ventura County,2020-05,49
93066,Somis,Ventura County,2020-06,52
93066,Somis,Ventura County,2020-12,10
93066,Somis,Ventura County,2021-02,67
93066,Somis,Ventura County,2021-12,43
93066,Somis,Ventura County,2022-02,54
93066,Somis,Ventura County,2022-11,46
93066,Somis,Ventura County,2023-01,25
93066,Somis,Ventura County,2023-07,76
93066,Somis,Ventura County,2023-11,56
93066,Somis,Ventura County,2024-04,84
93066,Somis,Ventura County,2024-09,57
93066,Somis,Ventura County,2025-04,73
93066,Somis,Ventura County,2025-06,30
93066,Somis,Ventura County,2025-08,65
93066,Somis,Ventura County,2025-09,51
93067,Summerland,Santa Barbara County,2014-09,4
93067,Summerland,Santa Barbara County,2018-10,0
93067,Summerland,Santa Barbara County,2019-08,20
93067,Summerland,Santa Barbara County,2019-09,20
93067,Summerland,Santa Barbara County,2021-10,93
93067,Summerland,Santa Barbara County,2022-07,89
93067,Summerland,Santa Barbara County,2022-09,86
93101,Santa Barbara,Santa Barbara County,2013-04,59
93101,Santa Barbara,Santa Barbara County,2013-07,59
93101,Santa Barbara,Santa Barbara County,2013-10,62
93101,Santa Barbara,Santa Barbara County,2014-03,76
93101,Santa Barbara,Santa Barbara County,2014-06,64
93101,Santa Barbara,Santa Barbara County,2015-01,51
93101,Santa Barbara,Santa Barbara County,2017-05,67
93101,Santa Barbara,Santa Barbara County,2018-10,56
93101,Santa Barbara,Santa Barbara County,2019-06,65
93101,Santa Barbara,Santa Barbara County,2019-10,64
93101,Santa Barbara,Santa Barbara County,2020-06,74
93101,Santa Barbara,Santa Barbara County,2022-03,100
93101,Santa Barbara,Santa Barbara County,2025-02,57
93103,Santa Barbara,Santa Barbara County,2012-12,14
93103,Santa Barbara,Santa Barbara County,2013-06,53
93103,Santa Barbara,Santa Barbara County,2015-02,58
93103,Santa Barbara,Santa Barbara County,2016-02,47
93103,Santa Barbara,Santa Barbara County,2017-08,57
93103,Santa Barbara,Santa Barbara County,2018-04,73
93103,Santa Barbara,Santa Barbara County,2018-07,67
93103,Santa Barbara,Santa Barbara County,2019-01,50
93103,Santa Barbara,Santa Barbara County,2019-04,55
93103,Santa Barbara,Santa Barbara County,2019-07,55
93103,Santa Barbara,Santa Barbara County,2020-02,72
93103,Santa Barbara,Santa Barbara County,2020-09,60
93103,Santa Barbara,Santa Barbara County,2022-02,100
93103,Santa Barbara,Santa Barbara County,2022-03,97
93103,Santa Barbara,Santa Barbara County,2023-11,83
93103,Santa Barbara,Santa Barbara County,2024-01,76
93103,Santa Barbara,Santa Barbara County,2024-05,87
93103,Santa Barbara,Santa Barbara County,2024-07,90
93103,Santa Barbara,Santa Barbara County,2024-12,65
93105,Santa Barbara,Santa Barbara County,2012-11,45
93105,Santa Barbara,Santa Barbara County,2013-02,43
93105,Santa Barbara,Santa Barbara County,2014-07,75
93105,Santa Barbara,Santa Barbara County,2016-01,43
93105,Santa Barbara,Santa Barbara County,2016-07,71
93105,Santa Barbara,Santa Barbara County,2017-01,49
93105,Santa Barbara,Santa Barbara County,2017-05,65
93105,Santa Barbara,Santa Barbara County,2018-04,72
93105,Santa Barbara,Santa Barbara County,2018-07,65
93105,Santa Barbara,Santa Barbara County,2018-12,60
93105,Santa Barbara,Santa Barbara County,2019-03,75
93105,Santa Barbara,Santa Barbara County,2019-08,72
93105,Santa Barbara,Santa Barbara County,2019-11,60
93105,Santa Barbara,Santa Barbara County,2020-01,52
93105,Santa Barbara,Santa Barbara County,2020-02,51
93105,Santa Barbara,Santa Barbara County,2021-10,96
93105,Santa Barbara,Santa Barbara County,2022-07,98
93105,Santa Barbara,Santa Barbara County,2023-03,79
93105,Santa Barbara,Santa Barbara County,2023-06,95
93105,Santa Barbara,Santa Barbara County,2025-11,64
93108,Santa Barbara,Santa Barbara County,2013-03,23
93108,Santa Barbara,Santa Barbara County,2014-01,26
93108,Santa Barbara,Santa Barbara County,2014-03,42
93108,Santa Barbara,Santa Barbara County,2014-04,39
93108,Santa Barbara,Santa Barbara County,2016-06,41
93108,Santa Barbara,Santa Barbara County,2016-12,37
93108,Santa Barbara,Santa Barbara County,2017-05,42
93108,Santa Barbara,Santa Barbara County,2019-10,27
93108,Santa Barbara,Santa Barbara County,2020-07,45
93108,Santa Barbara,Santa Barbara County,2020-09,53
93108,Santa Barbara,Santa Barbara County,2021-05,73
93108,Santa Barbara,Santa Barbara County,2022-06,89
93108,Santa Barbara,Santa Barbara County,2022-12,56
93108,Santa Barbara,Santa Barbara County,2023-07,76
93108,Santa Barbara,Santa Barbara County,2023-08,64
93108,Santa Barbara,Santa Barbara County,2023-11,59
93108,Santa Barbara,Santa Barbara County,2024-10,62
93108,Santa Barbara,Santa Barbara County,2025-02,33
93108,Santa Barbara,Santa Barbara County,2025-11,41
93109,Santa Barbara,Santa Barbara County,2012-05,39
93109,Santa Barbara,Santa Barbara County,2012-08,36
93109,Santa Barbara,Santa Barbara County,2013-04,58
93109,Santa Barbara,Santa Barbara County,2013-05,60
93109,Santa Barbara,Santa Barbara County,2013-12,56
93109,Santa Barbara,Santa Barbara County,2015-05,75
93109,Santa Barbara,Santa Barbara County,2015-11,78
93109,Santa Barbara,Santa Barbara County,2016-05,70
93109,Santa Barbara,Santa Barbara County,2016-06,68
93109,Santa Barbara,Santa Barbara County,2017-06,68
93109,Santa Barbara,Santa Barbara County,2018-02,72
93109,Santa Barbara,Santa Barbara County,2018-09,70
93109,Santa Barbara,Santa Barbara County,2019-11,61
93109,Santa Barbara,Santa Barbara County,2020-06,70
93109,Santa Barbara,Santa Barbara County,2021-02,85
93109,Santa Barbara,Santa Barbara County,2022-06,100
93109,Santa Barbara,Santa Barbara County,2022-07,100
93109,Santa Barbara,Santa Barbara County,2022-11,73
93109,Santa Barbara,Santa Barbara County,2023-02,71
93109,Santa Barbara,Santa Barbara County,2023-07,83
93109,Santa Barbara,Santa Barbara County,2023-11,77
93109,Santa Barbara,Santa Barbara County,2025-06,72
93110,Santa Barbara,Santa Barbara County,2013-02,44
93110,Santa Barbara,Santa Barbara County,2014-02,67
93110,Santa Barbara,Santa Barbara County,2015-05,67
93110,Santa Barbara,Santa Barbara County,2015-09,68
93110,Santa Barbara,Santa Barbara County,2016-06,67
93110,Santa Barbara,Santa Barbara County,2018-02,58
93110,Santa Barbara,Santa Barbara County,2018-11,64
93110,Santa Barbara,Santa Barbara County,2019-07,67
93110,Santa Barbara,Santa Barbara County,2021-06,95
93110,Santa Barbara,Santa Barbara County,2022-09,79
93110,Santa Barbara,Santa Barbara County,2022-12,79
93110,Santa Barbara,Santa Barbara County,2024-08,81
93110,Santa Barbara,Santa Barbara County,2025-02,80
93110,Santa Barbara,Santa Barbara County,2025-05,76
93111,Santa Barbara,Santa Barbara County,2012-09,40
93111,Santa Barbara,Santa Barbara County,2013-04,61
93111,Santa Barbara,Santa Barbara County,2013-07,64
93111,Santa Barbara,Santa Barbara County,2013-08,66
93111,Santa Barbara,Santa Barbara County,2014-08,77
93111,Santa Barbara,Santa Barbara County,2014-10,73
93111,Santa Barbara,Santa Barbara County,2014-12,59
93111,Santa Barbara,Santa Barbara County,2015-06,75
93111,Santa Barbara,Santa Barbara County,2016-03,63
93111,Santa Barbara,Santa Barbara County,2016-06,70
93111,Santa Barbara,Santa Barbara County,2017-01,63
93111,Santa Barbara,Santa Barbara County,2017-05,75
93111,Santa Barbara,Santa Barbara County,2017-11,70
93111,Santa Barbara,Santa Barbara County,2019-09,65
93111,Santa Barbara,Santa Barbara County,2020-05,76
93111,Santa Barbara,Santa Barbara County,2020-11,89
93111,Santa Barbara,Santa Barbara County,2023-08,90
93111,Santa Barbara,Santa Barbara County,2024-09,78
93111,Santa Barbara,Santa Barbara County,2025-03,81
93111,Santa Barbara,Santa Barbara County,2025-11,69
93117,Goleta,Santa Barbara County,2015-09,80
93117,Goleta,Santa Barbara County,2015-12,75
93117,Goleta,Santa Barbara County,2017-09,68
93117,Goleta,Santa Barbara County,2018-08,78
93117,Goleta,Santa Barbara County,2018-09,74
93117,Goleta,Santa Barbara County,2019-03,63
93117,Goleta,Santa Barbara County,2021-07,100
93117,Goleta,Santa Barbara County,2022-02,97
93117,Goleta,Santa Barbara County,2023-11,78
93117,Goleta,Santa Barbara County,2024-05,91
93117,Goleta,Santa Barbara County,2025-02,78
93130,Santa Barbara,,2012-11,100
93130,Santa Barbara,,2014-01,67
93130,Santa Barbara,,2014-10,100
93130,Santa Barbara,,2015-05,30
93130,Santa Barbara,,2016-09,60
93130,Santa Barbara,,2017-07,78
93130,Santa Barbara,,2018-03,0
93130,Santa Barbara,,2020-01,66
93130,Santa Barbara,,2020-02,0
93130,Santa Barbara,,2020-12,42
93130,Santa Barbara,,2021-10,96
93130,Santa Barbara,,2021-12,84
93130,Santa Barbara,,2022-07,100
93130,Santa Barbara,,2022-08,100
93130,Santa Barbara,,2023-08,71
93130,Santa Barbara,,2024-07,100
93130,Santa Barbara,,2025-03,82
93130,Santa Barbara,,2025-05,100
93130,Santa Barbara,,2025-06,100
93150,Santa Barbara,,2014-09,28
93150,Santa Barbara,,2015-07,49
93150,Santa Barbara,,2018-08,22
93150,Santa Barbara,,2020-02,40
93150,Santa Barbara,,2020-03,40
93150,Santa Barbara,,2023-01,0
93150,Santa Barbara,,2023-06,88
93150,Santa Barbara,,2025-10,49
93150,Santa Barbara,,2025-11,0
93160,Santa Barbara,,2013-01,21
93160,Santa Barbara,,2023-01,41
93252,Maricopa,Kern County,2012-03,100
93252,Maricopa,Kern County,2014-03,100
93252,Maricopa,Kern County,2015-02,8
93252,Maricopa,Kern County,2015-06,0
93252,Maricopa,Kern County,2016-05,67
93252,Maricopa,Kern County,2017-02,0
93252,Maricopa,Kern County,2017-07,71
93252,Maricopa,Kern County,2018-12,67
93252,Maricopa,Kern County,2022-07,51
93252,Maricopa,Kern County,2024-04,62
93252,Maricopa,Kern County,2024-12,25
93252,Maricopa,Kern County,2025-02,53
93252,Maricopa,Kern County,2025-10,68
93427,Buellton,Santa Barbara County,2013-01,45
93427,Buellton,Santa Barbara County,2013-04,19
93427,Buellton,Santa Barbara County,2014-06,58
93427,Buellton,Santa Barbara County,2015-05,44
93427,Buellton,Santa Barbara County,2015-07,42
93427,Buellton,Santa Barbara County,2016-01,18
93427,Buellton,Santa Barbara County,2017-12,38
93427,Buellton,Santa Barbara County,2018-03,6
93427,Buellton,Santa Barbara County,2018-05,50
93427,Buellton,Santa Barbara County,2018-12,60
93427,Buellton,Santa Barbara County,2019-08,60
93427,Buellton,Santa Barbara County,2019-09,63
93427,Buellton,Santa Barbara County,2019-10,58
93427,Buellton,Santa Barbara County,2020-09,65
93427,Buellton,Santa Barbara County,2021-05,82
93427,Buellton,Santa Barbara County,2021-08,95
93427,Buellton,Santa Barbara County,2021-10,86
93427,Buellton,Santa Barbara County,2021-12,71
93427,Buellton,Santa Barbara County,2023-12,70
93427,Buellton,Santa Barbara County,2024-01,57
93427,Buellton,Santa Barbara County,2024-02,54
93427,Buellton,Santa Barbara County,2024-05,82
93427,Buellton,Santa Barbara County,2025-02,41
93427,Buellton,Santa Barbara County,2025-03,45
93427,Buellton,Santa Barbara County,2025-05,70
93429,Casmalia,Santa Barbara County,2013-02,28
93429,Casmalia,Santa Barbara County,2015-06,63
93429,Casmalia,Santa Barbara County,2017-10,81
93429,Casmalia,Santa Barbara County,2021-09,26
93429,Casmalia,Santa Barbara County,2022-04,54
93434,Guadalupe,Santa Barbara County,2012-04,20
93434,Guadalupe,Santa Barbara County,2012-12,17
93434,Guadalupe,Santa Barbara County,2013-06,64
93434,Guadalupe,Santa Barbara County,2015-10,41
93434,Guadalupe,Santa Barbara County,2016-07,26
93434,Guadalupe,Santa Barbara County,2018-03,70
93434,Guadalupe,Santa Barbara County,2018-05,72
93434,Guadalupe,Santa Barbara County,2018-10,78
93434,Guadalupe,Santa Barbara County,2018-12,82
93434,Guadalupe,Santa Barbara County,2019-08,72
93434,Guadalupe,Santa Barbara County,2022-11,59
93434,Guadalupe,Santa Barbara County,2023-04,91
93434,Guadalupe,Santa Barbara County,2023-07,87
93434,Guadalupe,Santa Barbara County,2024-04,72
93434,Guadalupe,Santa Barbara County,2024-06,57
93434,Guadalupe,Santa Barbara County,2024-08,78
93434,Guadalupe,Santa Barbara County,2025-01,58
93434,Guadalupe,Santa Barbara County,2025-04,77
93434,Guadalupe,Santa Barbara County,2025-08,68
93436,Lompoc,Santa Barbara County,2012-07,30
93436,Lompoc,Santa Barbara County,2014-03,45
93436,Lompoc,Santa Barbara County,2014-07,47
93436,Lompoc,Santa Barbara County,2015-04,48
93436,Lompoc,Santa Barbara County,2016-09,54
93436,Lompoc,Santa Barbara County,2017-02,50
93436,Lompoc,Santa Barbara County,2017-04,52
93436,Lompoc,Santa Barbara County,2017-10,75
93436,Lompoc,Santa Barbara County,2018-09,73
93436,Lompoc,Santa Barbara County,2018-12,61
93436,Lompoc,Santa Barbara County,2020-12,92
93436,Lompoc,Santa Barbara County,2021-07,94
93436,Lompoc,Santa Barbara County,2021-10,93
93436,Lompoc,Santa Barbara County,2022-02,91
93436,Lompoc,Santa Barbara County,2022-07,89
93436,Lompoc,Santa Barbara County,2022-08,83
93436,Lompoc,Santa Barbara County,2023-11,74
93436,Lompoc,Santa Barbara County,2024-05,76
93436,Lompoc,Santa Barbara County,2024-07,77
93436,Lompoc,Santa Barbara County,2025-01,67
93436,Lompoc,Santa Barbara County,2025-07,78
93440,Los Alamos,Santa Barbara County,2012-03,0
93440,Los Alamos,Santa Barbara County,2014-12,28
93440,Los Alamos,Santa Barbara County,2015-01,35
93440,Los Alamos,Santa Barbara County,2015-02,24
93440,Los Alamos,Santa Barbara County,2015-08,57
93440,Los Alamos,Santa Barbara County,2021-11,83
93440,Los Alamos,Santa Barbara County,2023-05,79
93441,Los Olivos,Santa Barbara County,2013-08,69
93441,Los Olivos,Santa Barbara County,2013-10,69
93441,Los Olivos,Santa Barbara County,2013-11,39
93441,Los Olivos,Santa Barbara County,2014-08,39
93441,Los Olivos,Santa Barbara County,2015-03,0
93441,Los Olivos,Santa Barbara County,2015-08,20
93441,Los Olivos,Santa Barbara County,2017-07,4
93441,Los Olivos,Santa Barbara County,2017-12,45
93441,Los Olivos,Santa Barbara County,2018-02,61
93441,Los Olivos,Santa Barbara County,2019-02,23
93441,Los Olivos,Santa Barbara County,2019-11,28
93441,Los Olivos,Santa Barbara County,2020-12,0
93441,Los Olivos,Santa Barbara County,2021-07,66
93441,Los Olivos,Santa Barbara County,2024-08,36
93441,Los Olivos,Santa Barbara County,2024-10,84
93441,Los Olivos,Santa Barbara County,2024-11,66
93441,Los Olivos,Santa Barbara County,2025-05,87
93441,Los Olivos,Santa Barbara County,2025-08,12
93454,Santa Maria,Santa Barbara County,2012-05,35
93454,Santa Maria,Santa Barbara County,2012-08,39
93454,Santa Maria,Santa Barbara County,2013-05,54
93454,Santa Maria,Santa Barbara County,2014-02,47
93454,Santa Maria,Santa Barbara County,2014-07,54
93454,Santa Maria,Santa Barbara County,2017-07,70
93454,Santa Maria,Santa Barbara County,2018-03,70
93454,Santa Maria,Santa Barbara County,2020-04,89
93454,Santa Maria,Santa Barbara County,2020-09,88
93454,Santa Maria,Santa Barbara County,2020-11,97
93454,Santa Maria,Santa Barbara County,2021-07,99
93454,Santa Maria,Santa Barbara County,2023-07,100
93454,Santa Maria,Santa Barbara County,2024-01,86
93454,Santa Maria,Santa Barbara County,2024-05,90
93454,Santa Maria,Santa Barbara County,2024-09,81
93455,Santa Maria,Santa Barbara County,2012-07,38
93455,Santa Maria,Santa Barbara County,2013-02,46
93455,Santa Maria,Santa Barbara County,2013-03,51
93455,Santa Maria,Santa Barbara County,2013-06,54
93455,Santa Maria,Santa Barbara County,2013-09,52
93455,Santa Maria,Santa Barbara County,2014-03,50
93455,Santa Maria,Santa Barbara County,2016-01,36
93455,Santa Maria,Santa Barbara County,2016-03,38
93455,Santa Maria,Santa Barbara County,2016-12,45
93455,Santa Maria,Santa Barbara County,2017-04,50
93455,Santa Maria,Santa Barbara County,2017-09,76
93455,Santa Maria,Santa Barbara County,2018-03,71
93455,Santa Maria,Santa Barbara County,2018-09,70
93455,Santa Maria,Santa Barbara County,2019-01,66
93455,Santa Maria,Santa Barbara County,2019-07,78
93455,Santa Maria,Santa Barbara County,2020-07,84
93455,Santa Maria,Santa Barbara County,2022-03,100
93455,Santa Maria,Santa Barbara County,2022-04,100
93455,Santa Maria,Santa Barbara County,2022-05,100
93455,Santa Maria,Santa Barbara County,2023-03,82
93455,Santa Maria,Santa Barbara County,2023-05,89
93455,Santa Maria,Santa Barbara County,2024-02,79
93455,Santa Maria,Santa Barbara County,2025-02,74
93455,Santa Maria,Santa Barbara County,2025-04,84
93455,Santa Maria,Santa Barbara County,2025-06,89
93455,Santa Maria,Santa Barbara County,2025-07,88
93455,Santa Maria,Santa Barbara County,2025-10,77
93458,Santa Maria,Santa Barbara County,2012-10,35
93458,Santa Maria,Santa Barbara County,2013-01,39
93458,Santa Maria,Santa Barbara County,2013-06,55
93458,Santa Maria,Santa Barbara County,2013-07,52
93458,Santa Maria,Santa Barbara County,2014-08,49
93458,Santa Maria,Santa Barbara County,2015-09,42
93458,Santa Maria,Santa Barbara County,2015-12,44
93458,Santa Maria,Santa Barbara County,2016-02,34
93458,Santa Maria,Santa Barbara County,2016-04,41
93458,Santa Maria,Santa Barbara County,2016-07,44
93458,Santa Maria,Santa Barbara County,2017-01,44
93458,Santa Maria,Santa Barbara County,2017-12,71
93458,Santa Maria,Santa Barbara County,2018-10,66
93458,Santa Maria,Santa Barbara County,2020-12,100
93458,Santa Maria,Santa Barbara County,2022-04,100
93458,Santa Maria,Santa Barbara County,2023-03,86
93458,Santa Maria,Santa Barbara County,2023-08,95
93458,Santa Maria,Santa Barbara County,2024-04,79
93458,Santa Maria,Santa Barbara County,2024-06,94
93458,Santa Maria,Santa Barbara County,2025-01,77
93458,Santa Maria,Santa Barbara County,2025-03,72
93458,Santa Maria,Santa Barbara County,2025-05,82
93460,Santa Ynez,Santa Barbara County,2012-10,0
93460,Santa Ynez,Santa Barbara County,2016-02,8
93460,Santa Ynez,Santa Barbara County,2016-09,0
93460,Santa Ynez,Santa Barbara County,2016-12,4
93460,Santa Ynez,Santa Barbara County,2018-01,42
93460,Santa Ynez,Santa Barbara County,2018-07,20
93460,Santa Ynez,Santa Barbara County,2019-10,21
93460,Santa Ynez,Santa Barbara County,2020-03,32
93460,Santa Ynez,Santa Barbara County,2020-06,19
93460,Santa Ynez,Santa Barbara County,2021-06,63
93460,Santa Ynez,Santa Barbara County,2021-09,81
93460,Santa Ynez,Santa Barbara County,2022-05,79
93460,Santa Ynez,Santa Barbara County,2023-01,71
93460,Santa Ynez,Santa Barbara County,2023-02,86
93460,Santa Ynez,Santa Barbara County,2023-06,59
93460,Santa Ynez,Santa Barbara County,2024-10,48
93460,Santa Ynez,Santa Barbara County,2024-12,25
93460,Santa Ynez,Santa Barbara County,2025-04,40
93460,Santa Ynez,Santa Barbara County,2025-12,43
93463,Solvang,Santa Barbara County,2013-09,17
93463,Solvang,Santa Barbara County,2015-06,19
93463,Solvang,Santa Barbara County,2015-12,23
93463,Solvang,Santa Barbara County,2016-09,24
93463,Solvang,Santa Barbara County,2017-03,25
93463,Solvang,Santa Barbara County,2018-05,40
93463,Solvang,Santa Barbara County,2020-01,42
93463,Solvang,Santa Barbara County,2020-10,61
93463,Solvang,Santa Barbara County,2022-07,71
93463,Solvang,Santa Barbara County,2022-08,64
93463,Solvang,Santa Barbara County,2023-05,74
93463,Solvang,Santa Barbara County,2024-06,59
93463,Solvang,Santa Barbara County,2025-12,60
93510,Acton,Los Angeles County,2012-04,33
93510,Acton,Los Angeles County,2012-07,43
93510,Acton,Los Angeles County,2013-08,57
93510,Acton,Los Angeles County,2014-11,49
93510,Acton,Los Angeles County,2015-11,51
93510,Acton,Los Angeles County,2015-12,53
93510,Acton,Los Angeles County,2016-05,53
93510,Acton,Los Angeles County,2016-06,53
93510,Acton,Los Angeles County,2016-09,52
93510,Acton,Los Angeles County,2017-04,34
93510,Acton,Los Angeles County,2017-06,62
93510,Acton,Los Angeles County,2017-12,52
93510,Acton,Los Angeles County,2018-01,31
93510,Acton,Los Angeles County,2018-04,48
93510,Acton,Los Angeles County,2018-07,58
93510,Acton,Los Angeles County,2018-09,55
93510,Acton,Los Angeles County,2019-01,37
93510,Acton,Los Angeles County,2019-09,49
93510,Acton,Los Angeles County,2020-04,47
93510,Acton,Los Angeles County,2020-12,72
93510,Acton,Los Angeles County,2021-12,69
93510,Acton,Los Angeles County,2023-02,51
93510,Acton,Los Angeles County,2023-03,59
93510,Acton,Los Angeles County,2023-09,71
93510,Acton,Los Angeles County,2023-11,59
93510,Acton,Los Angeles County,2024-02,50
93510,Acton,Los Angeles County,2024-12,67
93516,Boron,Kern County,2012-10,70
93516,Boron,Kern County,2013-01,59
93516,Boron,Kern County,2015-03,0
93516,Boron,Kern County,2016-06,51
93516,Boron,Kern County,2017-06,36
93516,Boron,Kern County,2017-11,58
93516,Boron,Kern County,2018-10,68
93516,Boron,Kern County,2018-11,44
93516,Boron,Kern County,2020-10,64
93516,Boron,Kern County,2022-02,64
93516,Boron,Kern County,2023-07,81
93516,Boron,Kern County,2024-05,70
93516,Boron,Kern County,2024-11,62
93516,Boron,Kern County,2025-04,48
93528,Johannesburg,Kern County,2020-11,0
93528,Johannesburg,Kern County,2021-11,0
93528,Johannesburg,Kern County,2022-05,0
93528,Johannesburg,Kern County,2022-06,0
93532,Lake Hughes,Los Angeles County,2012-05,61
93532,Lake Hughes,Los Angeles County,2013-02,0
93532,Lake Hughes,Los Angeles County,2013-10,17
93532,Lake Hughes,Los Angeles County,2015-06,33
93532,Lake Hughes,Los Angeles County,2015-08,34
93532,Lake Hughes,Los Angeles County,2017-12,47
93532,Lake Hughes,Los Angeles County,2020-07,76
93532,Lake Hughes,Los Angeles County,2024-10,54
93532,Lake Hughes,Los Angeles County,2025-06,53
93534,Lancaster,Los Angeles County,2012-11,46
93534,Lancaster,Los Angeles County,2013-07,48
93534,Lancaster,Los Angeles County,2013-09,58
93534,Lancaster,Los Angeles County,2014-05,46
93534,Lancaster,Los Angeles County,2014-06,47
93534,Lancaster,Los Angeles County,2015-07,53
93534,Lancaster,Los Angeles County,2016-02,65
93534,Lancaster,Los Angeles County,2016-11,75
93534,Lancaster,Los Angeles County,2017-02,71
93534,Lancaster,Los Angeles County,2017-12,72
93534,Lancaster,Los Angeles County,2018-02,72
93534,Lancaster,Los Angeles County,2018-03,75
93534,Lancaster,Los Angeles County,2019-05,72
93534,Lancaster,Los Angeles County,2020-10,99
93534,Lancaster,Los Angeles County,2021-07,100
93534,Lancaster,Los Angeles County,2021-10,92
93534,Lancaster,Los Angeles County,2021-12,86
93534,Lancaster,Los Angeles County,2022-06,90
93534,Lancaster,Los Angeles County,2022-10,77
93534,Lancaster,Los Angeles County,2023-08,89
93534,Lancaster,Los Angeles County,2023-10,81
93534,Lancaster,Los Angeles County,2025-10,66
93535,Lancaster,Los Angeles County,2012-07,43
93535,Lancaster,Los Angeles County,2013-05,60
93535,Lancaster,Los Angeles County,2014-06,47
93535,Lancaster,Los Angeles County,2015-08,61
93535,Lancaster,Los Angeles County,2015-10,72
93535,Lancaster,Los Angeles County,2016-06,88
93535,Lancaster,Los Angeles County,2018-06,89
93535,Lancaster,Los Angeles County,2020-08,100
93535,Lancaster,Los Angeles County,2021-06,100
93535,Lancaster,Los Angeles County,2023-05,79
93535,Lancaster,Los Angeles County,2023-09,93
93535,Lancaster,Los Angeles County,2024-02,72
93535,Lancaster,Los Angeles County,2024-05,80
93536,Lancaster,Los Angeles County,2012-12,48
93536,Lancaster,Los Angeles County,2013-01,52
93536,Lancaster,Los Angeles County,2013-04,49
93536,Lancaster,Los Angeles County,2013-07,61
93536,Lancaster,Los Angeles County,2013-09,57
93536,Lancaster,Los Angeles County,2017-06,91
93536,Lancaster,Los Angeles County,2018-08,79
93536,Lancaster,Los Angeles County,2020-06,90
93536,Lancaster,Los Angeles County,2022-01,88
93536,Lancaster,Los Angeles County,2022-05,100
93536,Lancaster,Los Angeles County,2023-10,82
93536,Lancaster,Los Angeles County,2024-07,83
93543,Littlerock,Los Angeles County,2013-12,59
93543,Littlerock,Los Angeles County,2016-03,58
93543,Littlerock,Los Angeles County,2017-02,56
93543,Littlerock,Los Angeles County,2020-01,64
93543,Littlerock,Los Angeles County,2020-04,75
93543,Littlerock,Los Angeles County,2021-01,86
93543,Littlerock,Los Angeles County,2021-02,82
93543,Littlerock,Los Angeles County,2023-05,60
93543,Littlerock,Los Angeles County,2023-12,85
93543,Littlerock,Los Angeles County,2024-01,71
93543,Littlerock,Los Angeles County,2024-10,76
93543,Littlerock,Los Angeles County,2025-03,53
93544,Llano,Los Angeles County,2012-03,16
93544,Llano,Los Angeles County,2012-04,0
93544,Llano,Los Angeles County,2013-01,50
93544,Llano,Los Angeles County,2013-06,29
93544,Llano,Los Angeles County,2013-09,0
93544,Llano,Los Angeles County,2014-11,29
93544,Llano,Los Angeles County,2017-06,22
93544,Llano,Los Angeles County,2017-12,45
93544,Llano,Los Angeles County,2019-03,12
93544,Llano,Los Angeles County,2019-06,27
93544,Llano,Los Angeles County,2021-04,76
93544,Llano,Los Angeles County,2021-08,70
93544,Llano,Los Angeles County,2021-10,83
93544,Llano,Los Angeles County,2023-05,46
93544,Llano,Los Angeles County,2025-08,47
93544,Llano,Los Angeles County,2025-09,71
93550,Palmdale,Los Angeles County,2012-07,50
93550,Palmdale,Los Angeles County,2013-02,55
93550,Palmdale,Los Angeles County,2013-10,65
93550,Palmdale,Los Angeles County,2014-02,50
93550,Palmdale,Los Angeles County,2014-04,53
93550,Palmdale,Los Angeles County,2015-03,46
93550,Palmdale,Los Angeles County,2016-07,85
93550,Palmdale,Los Angeles County,2016-11,80
93550,Palmdale,Los Angeles County,2017-01,77
93550,Palmdale,Los Angeles County,2017-09,87
93550,Palmdale,Los Angeles County,2018-08,81
93550,Palmdale,Los Angeles County,2018-12,72
93550,Palmdale,Los Angeles County,2019-02,65
93550,Palmdale,Los Angeles County,2020-03,76
93550,Palmdale,Los Angeles County,2020-09,98
93550,Palmdale,Los Angeles County,2022-06,96
93550,Palmdale,Los Angeles County,2023-07,92
93550,Palmdale,Los Angeles County,2024-01,78
93550,Palmdale,Los Angeles County,2025-07,71
93550,Palmdale,Los Angeles County,2025-09,71
93551,Palmdale,Los Angeles County,2012-04,39
93551,Palmdale,Los Angeles County,2012-08,44
93551,Palmdale,Los Angeles County,2012-09,47
93551,Palmdale,Los Angeles County,2014-06,50
93551,Palmdale,Los Angeles County,2015-05,51
93551,Palmdale,Los Angeles County,2016-01,62
93551,Palmdale,Los Angeles County,2017-12,78
93551,Palmdale,Los Angeles County,2018-12,64
93551,Palmdale,Los Angeles County,2019-03,53
93551,Palmdale,Los Angeles County,2019-06,79
93551,Palmdale,Los Angeles County,2019-09,73
93551,Palmdale,Los Angeles County,2020-06,91
93551,Palmdale,Los Angeles County,2020-10,100
93551,Palmdale,Los Angeles County,2021-04,100
93551,Palmdale,Los Angeles County,2021-09,100
93551,Palmdale,Los Angeles County,2021-11,88
93551,Palmdale,Los Angeles County,2022-05,91
93551,Palmdale,Los Angeles County,2024-02,70
93551,Palmdale,Los Angeles County,2025-01,65
93551,Palmdale,Los Angeles County,2025-03,65
93552,Palmdale,Los Angeles County,2013-03,56
93552,Palmdale,Los Angeles County,2015-09,65
93552,Palmdale,Los Angeles County,2016-05,86
93552,Palmdale,Los Angeles County,2017-03,73
93552,Palmdale,Los Angeles County,2018-11,75
93552,Palmdale,Los Angeles County,2018-12,72
93552,Palmdale,Los Angeles County,2019-02,62
93552,Palmdale,Los Angeles County,2019-04,63
93552,Palmdale,Los Angeles County,2019-07,77
93552,Palmdale,Los Angeles County,2020-02,78
93552,Palmdale,Los Angeles County,2020-12,100
93552,Palmdale,Los Angeles County,2021-05,100
93552,Palmdale,Los Angeles County,2021-08,100
93552,Palmdale,Los Angeles County,2021-12,86
93552,Palmdale,Los Angeles County,2022-01,87
93552,Palmdale,Los Angeles County,2022-11,69
93552,Palmdale,Los Angeles County,2023-01,69
93552,Palmdale,Los Angeles County,2023-05,80
93552,Palmdale,Los Angeles County,2024-10,76
93552,Palmdale,Los Angeles County,2025-01,75
93552,Palmdale,Los Angeles County,2025-07,67
93553,Pearblossom,Los Angeles County,2013-05,56
93553,Pearblossom,Los Angeles County,2013-06,43
93553,Pearblossom,Los Angeles County,2015-02,12
93553,Pearblossom,Los Angeles County,2015-05,0
93553,Pearblossom,Los Angeles County,2015-08,58
93553,Pearblossom,Los Angeles County,2016-07,40
93553,Pearblossom,Los Angeles County,2016-12,28
93553,Pearblossom,Los Angeles County,2017-04,57
93553,Pearblossom,Los Angeles County,2018-03,45
93553,Pearblossom,Los Angeles County,2019-12,53
93553,Pearblossom,Los Angeles County,2020-01,49
93553,Pearblossom,Los Angeles County,2020-12,87
93553,Pearblossom,Los Angeles County,2021-08,72
93553,Pearblossom,Los Angeles County,2022-12,43
93553,Pearblossom,Los Angeles County,2024-11,60
93553,Pearblossom,Los Angeles County,2025-10,34
93562,Trona,San Bernardino County,2013-04,42
93562,Trona,San Bernardino County,2013-11,0
93562,Trona,San Bernardino County,2014-09,53
93562,Trona,San Bernardino County,2015-02,54
93562,Trona,San Bernardino County,2019-10,32
93562,Trona,San Bernardino County,2020-01,42
93562,Trona,San Bernardino County,2020-05,38
93562,Trona,San Bernardino County,2020-06,51
93562,Trona,San Bernardino County,2022-07,43
93562,Trona,San Bernardino County,2023-04,56
93562,Trona,San Bernardino County,2023-10,59
93562,Trona,San Bernardino County,2024-08,46
93562,Trona,San Bernardino County,2024-11,78
93562,Trona,San Bernardino County,2024-12,50
93562,Trona,San Bernardino County,2025-03,11
93563,Valyermo,Los Angeles County,2013-07,0
93563,Valyermo,Los Angeles County,2013-08,0
93563,Valyermo,Los Angeles County,2022-06,51
93563,Valyermo,Los Angeles County,2025-04,97
93591,Palmdale,Los Angeles County,2012-03,38
93591,Palmdale,Los Angeles County,2012-05,43
93591,Palmdale,Los Angeles County,2013-04,59
93591,Palmdale,Los Angeles County,2013-06,41
93591,Palmdale,Los Angeles County,2014-07,51
93591,Palmdale,Los Angeles County,2016-06,77
93591,Palmdale,Los Angeles County,2016-12,74
93591,Palmdale,Los Angeles County,2020-01,58
93591,Palmdale,Los Angeles County,2020-02,61
93591,Palmdale,Los Angeles County,2020-11,100
93591,Palmdale,Los Angeles County,2021-01,88
93591,Palmdale,Los Angeles County,2021-07,94
93591,Palmdale,Los Angeles County,2023-11,68
93591,Palmdale,Los Angeles County,2023-12,70
93591,Palmdale,Los Angeles County,2024-05,62
93591,Palmdale,Los Angeles County,2024-09,63
93591,Palmdale,Los Angeles County,2024-11,69
93591,Palmdale,Los Angeles County,2025-04,68
93591,Palmdale,Los Angeles County,2025-05,72
